production_id,machine_id,timestamp,shift,operator_id,planned_quantity,actual_quantity,good_quantity,defect_quantity,actual_cycle_time_sec
PRD_000001,M01,2025-01-01 06:00:00,Shift 1,OP01,640,621,611,10,45.54
PRD_000002,M01,2025-01-01 14:00:00,Shift 2,OP02,640,612,606,6,45.64
PRD_000003,M01,2025-01-01 22:00:00,Shift 3,OP03,640,599,586,13,45.73
PRD_000004,M01,2025-01-02 06:00:00,Shift 1,OP01,640,607,592,15,45.83
PRD_000005,M01,2025-01-02 14:00:00,Shift 2,OP02,640,625,607,18,45.94
PRD_000006,M01,2025-01-02 22:00:00,Shift 3,OP03,640,610,595,15,46.04
PRD_000007,M01,2025-01-03 06:00:00,Shift 1,OP01,640,606,595,11,46.14
PRD_000008,M01,2025-01-03 14:00:00,Shift 2,OP02,640,620,603,17,46.26
PRD_000009,M01,2025-01-03 22:00:00,Shift 3,OP03,640,592,577,15,46.36
PRD_000010,M01,2025-01-04 06:00:00,Shift 1,OP01,640,593,576,17,46.46
PRD_000011,M01,2025-01-04 14:00:00,Shift 2,OP02,640,599,591,8,46.58
PRD_000012,M01,2025-01-04 22:00:00,Shift 3,OP03,640,607,600,7,46.68
PRD_000013,M01,2025-01-05 06:00:00,Shift 1,OP01,640,588,578,10,46.78
PRD_000014,M01,2025-01-05 14:00:00,Shift 2,OP02,640,585,574,11,46.88
PRD_000015,M01,2025-01-05 22:00:00,Shift 3,OP03,640,601,592,9,46.98
PRD_000016,M01,2025-01-06 06:00:00,Shift 1,OP01,640,583,575,8,47.1
PRD_000017,M01,2025-01-06 14:00:00,Shift 2,OP02,640,592,575,17,47.2
PRD_000018,M01,2025-01-06 22:00:00,Shift 3,OP03,640,600,582,18,47.31
PRD_000019,M01,2025-01-07 06:00:00,Shift 1,OP01,640,598,589,9,47.42
PRD_000020,M01,2025-01-07 14:00:00,Shift 2,OP02,640,600,580,20,47.53
PRD_000021,M01,2025-01-07 22:00:00,Shift 3,OP03,640,589,576,13,47.64
PRD_000022,M01,2025-01-08 06:00:00,Shift 1,OP01,640,601,582,19,47.77
PRD_000023,M01,2025-01-08 14:00:00,Shift 2,OP02,640,578,559,19,47.9
PRD_000024,M01,2025-01-08 22:00:00,Shift 3,OP03,640,598,588,10,47.99
PRD_000025,M01,2025-01-09 06:00:00,Shift 1,OP01,640,588,574,14,48.12
PRD_000026,M01,2025-01-09 14:00:00,Shift 2,OP02,640,581,565,16,48.24
PRD_000027,M01,2025-01-09 22:00:00,Shift 3,OP03,640,577,562,15,48.35
PRD_000028,M01,2025-01-10 06:00:00,Shift 1,OP01,640,565,544,21,48.46
PRD_000029,M01,2025-01-10 14:00:00,Shift 2,OP02,640,566,549,17,48.59
PRD_000030,M01,2025-01-10 22:00:00,Shift 3,OP03,640,575,562,13,48.71
PRD_000031,M01,2025-01-11 06:00:00,Shift 1,OP01,640,580,560,20,48.82
PRD_000032,M01,2025-01-11 14:00:00,Shift 2,OP02,640,567,549,18,48.94
PRD_000033,M01,2025-01-11 22:00:00,Shift 3,OP03,640,569,552,17,49.06
PRD_000034,M01,2025-01-12 06:00:00,Shift 1,OP01,640,572,558,14,49.17
PRD_000035,M01,2025-01-12 14:00:00,Shift 2,OP02,640,557,545,12,49.29
PRD_000036,M01,2025-01-12 22:00:00,Shift 3,OP03,640,555,538,17,49.4
PRD_000037,M01,2025-01-13 06:00:00,Shift 1,OP01,640,581,557,24,49.53
PRD_000038,M01,2025-01-13 14:00:00,Shift 2,OP02,640,576,556,20,49.64
PRD_000039,M01,2025-01-13 22:00:00,Shift 3,OP03,640,574,556,18,49.75
PRD_000040,M01,2025-01-14 06:00:00,Shift 1,OP01,640,549,535,14,49.87
PRD_000041,M01,2025-01-14 14:00:00,Shift 2,OP02,640,548,526,22,50.01
PRD_000042,M01,2025-01-14 22:00:00,Shift 3,OP03,640,558,537,21,50.14
PRD_000043,M01,2025-01-15 06:00:00,Shift 1,OP01,640,554,530,24,50.26
PRD_000044,M01,2025-01-15 14:00:00,Shift 2,OP02,640,551,527,24,50.38
PRD_000045,M01,2025-01-15 22:00:00,Shift 3,OP03,640,559,537,22,50.51
PRD_000046,M01,2025-01-16 06:00:00,Shift 1,OP01,640,556,540,16,50.64
PRD_000047,M01,2025-01-16 14:00:00,Shift 2,OP02,640,550,524,26,50.78
PRD_000048,M01,2025-01-16 22:00:00,Shift 3,OP03,640,563,542,21,50.91
PRD_000049,M01,2025-01-17 06:00:00,Shift 1,OP01,640,541,520,21,51.04
PRD_000050,M01,2025-01-17 14:00:00,Shift 2,OP02,640,560,542,18,51.18
PRD_000051,M01,2025-01-17 22:00:00,Shift 3,OP03,640,541,521,20,51.31
PRD_000052,M01,2025-01-18 06:00:00,Shift 1,OP01,640,534,513,21,51.42
PRD_000053,M01,2025-01-18 14:00:00,Shift 2,OP02,640,549,524,25,51.55
PRD_000054,M01,2025-01-18 22:00:00,Shift 3,OP03,640,539,520,19,51.68
PRD_000055,M01,2025-01-19 06:00:00,Shift 1,OP01,640,554,528,26,51.8
PRD_000056,M01,2025-01-19 14:00:00,Shift 2,OP02,640,532,509,23,51.94
PRD_000057,M01,2025-01-19 22:00:00,Shift 3,OP03,640,551,521,30,52.08
PRD_000058,M01,2025-01-20 06:00:00,Shift 1,OP01,640,529,505,24,52.21
PRD_000059,M01,2025-01-20 14:00:00,Shift 2,OP02,640,527,498,29,52.36
PRD_000060,M01,2025-01-20 22:00:00,Shift 3,OP03,640,530,508,22,52.5
PRD_000061,M01,2025-01-21 06:00:00,Shift 1,OP01,640,527,499,28,52.62
PRD_000062,M01,2025-01-21 14:00:00,Shift 2,OP02,640,520,488,32,52.75
PRD_000063,M01,2025-01-21 22:00:00,Shift 3,OP03,640,524,500,24,52.88
PRD_000064,M01,2025-01-22 06:00:00,Shift 1,OP01,640,520,496,24,53.01
PRD_000065,M01,2025-01-22 14:00:00,Shift 2,OP02,640,533,506,27,53.13
PRD_000066,M01,2025-01-22 22:00:00,Shift 3,OP03,640,515,483,32,53.27
PRD_000067,M01,2025-01-23 06:00:00,Shift 1,OP01,640,529,501,28,53.4
PRD_000068,M01,2025-01-23 14:00:00,Shift 2,OP02,640,528,500,28,53.52
PRD_000069,M01,2025-01-23 22:00:00,Shift 3,OP03,640,528,497,31,53.66
PRD_000070,M01,2025-01-24 06:00:00,Shift 1,OP01,640,511,484,27,53.8
PRD_000071,M01,2025-01-24 14:00:00,Shift 2,OP02,640,530,500,30,53.92
PRD_000072,M01,2025-01-24 22:00:00,Shift 3,OP03,640,528,492,36,54.06
PRD_000073,M01,2025-01-25 06:00:00,Shift 1,OP01,640,509,482,27,54.2
PRD_000074,M01,2025-01-25 14:00:00,Shift 2,OP02,640,510,479,31,54.35
PRD_000075,M01,2025-01-25 22:00:00,Shift 3,OP03,640,505,471,34,54.5
PRD_000076,M01,2025-01-26 06:00:00,Shift 1,OP01,640,513,480,33,54.64
PRD_000077,M01,2025-01-26 14:00:00,Shift 2,OP02,640,508,474,34,54.79
PRD_000078,M01,2025-01-26 22:00:00,Shift 3,OP03,640,507,470,37,54.94
PRD_000079,M01,2025-01-27 06:00:00,Shift 1,OP01,640,507,467,40,55.08
PRD_000080,M01,2025-01-27 14:00:00,Shift 2,OP02,640,502,462,40,55.22
PRD_000081,M01,2025-01-27 22:00:00,Shift 3,OP03,640,509,470,39,55.37
PRD_000082,M01,2025-01-28 06:00:00,Shift 1,OP01,640,516,475,41,55.51
PRD_000083,M01,2025-01-28 14:00:00,Shift 2,OP02,640,517,477,40,55.66
PRD_000084,M01,2025-01-28 22:00:00,Shift 3,OP03,640,511,471,40,55.82
PRD_000085,M01,2025-01-29 06:00:00,Shift 1,OP01,640,503,465,38,55.99
PRD_000086,M01,2025-01-29 14:00:00,Shift 2,OP02,640,503,465,38,56.14
PRD_000087,M01,2025-01-29 22:00:00,Shift 3,OP03,640,507,462,45,56.29
PRD_000088,M01,2025-01-30 06:00:00,Shift 1,OP01,640,490,449,41,56.44
PRD_000089,M01,2025-01-30 14:00:00,Shift 2,OP02,640,507,466,41,56.59
PRD_000090,M01,2025-01-30 22:00:00,Shift 3,OP03,640,497,457,40,56.74
PRD_000091,M01,2025-01-31 06:00:00,Shift 1,OP01,640,481,440,41,56.9
PRD_000092,M01,2025-01-31 14:00:00,Shift 2,OP02,640,501,454,47,57.05
PRD_000093,M01,2025-01-31 22:00:00,Shift 3,OP03,640,486,447,39,57.21
PRD_000094,M01,2025-02-01 06:00:00,Shift 1,OP01,640,495,448,47,57.36
PRD_000095,M01,2025-02-01 14:00:00,Shift 2,OP02,640,486,446,40,57.52
PRD_000096,M01,2025-02-01 22:00:00,Shift 3,OP03,640,478,429,49,57.69
PRD_000097,M01,2025-02-02 22:00:00,Shift 3,OP03,640,600,589,11,46.03
PRD_000098,M01,2025-02-03 06:00:00,Shift 1,OP01,640,612,596,16,46.12
PRD_000099,M01,2025-02-03 14:00:00,Shift 2,OP02,640,607,596,11,46.22
PRD_000100,M01,2025-02-03 22:00:00,Shift 3,OP03,640,613,603,10,46.32
PRD_000101,M01,2025-02-04 06:00:00,Shift 1,OP01,640,615,598,17,46.42
PRD_000102,M01,2025-02-04 14:00:00,Shift 2,OP02,640,618,601,17,46.52
PRD_000103,M01,2025-02-04 22:00:00,Shift 3,OP03,640,607,595,12,46.63
PRD_000104,M01,2025-02-05 06:00:00,Shift 1,OP01,640,604,589,15,46.73
PRD_000105,M01,2025-02-05 14:00:00,Shift 2,OP02,640,590,581,9,46.85
PRD_000106,M01,2025-02-05 22:00:00,Shift 3,OP03,640,597,579,18,46.96
PRD_000107,M01,2025-02-06 06:00:00,Shift 1,OP01,640,605,594,11,47.07
PRD_000108,M01,2025-02-06 14:00:00,Shift 2,OP02,640,595,580,15,47.17
PRD_000109,M01,2025-02-06 22:00:00,Shift 3,OP03,640,592,583,9,47.28
PRD_000110,M01,2025-02-07 06:00:00,Shift 1,OP01,640,607,596,11,47.39
PRD_000111,M01,2025-02-07 14:00:00,Shift 2,OP02,640,601,583,18,47.5
PRD_000112,M01,2025-02-07 22:00:00,Shift 3,OP03,640,600,589,11,47.61
PRD_000113,M01,2025-02-08 06:00:00,Shift 1,OP01,640,601,581,20,47.72
PRD_000114,M01,2025-02-08 14:00:00,Shift 2,OP02,640,578,569,9,47.84
PRD_000115,M01,2025-02-08 22:00:00,Shift 3,OP03,640,577,567,10,47.94
PRD_000116,M01,2025-02-09 06:00:00,Shift 1,OP01,640,573,557,16,48.06
PRD_000117,M01,2025-02-09 14:00:00,Shift 2,OP02,640,586,576,10,48.16
PRD_000118,M01,2025-02-09 22:00:00,Shift 3,OP03,640,574,553,21,48.27
PRD_000119,M01,2025-02-10 06:00:00,Shift 1,OP01,640,588,576,12,48.38
PRD_000120,M01,2025-02-10 14:00:00,Shift 2,OP02,640,581,570,11,48.49
PRD_000121,M01,2025-02-10 22:00:00,Shift 3,OP03,640,582,569,13,48.6
PRD_000122,M01,2025-02-11 06:00:00,Shift 1,OP01,640,582,570,12,48.71
PRD_000123,M01,2025-02-11 14:00:00,Shift 2,OP02,640,569,557,12,48.82
PRD_000124,M01,2025-02-11 22:00:00,Shift 3,OP03,640,583,564,19,48.93
PRD_000125,M01,2025-02-12 06:00:00,Shift 1,OP01,640,570,548,22,49.05
PRD_000126,M01,2025-02-12 14:00:00,Shift 2,OP02,640,571,557,14,49.17
PRD_000127,M01,2025-02-12 22:00:00,Shift 3,OP03,640,562,545,17,49.28
PRD_000128,M01,2025-02-13 06:00:00,Shift 1,OP01,640,581,558,23,49.39
PRD_000129,M01,2025-02-13 14:00:00,Shift 2,OP02,640,556,537,19,49.52
PRD_000130,M01,2025-02-13 22:00:00,Shift 3,OP03,640,568,553,15,49.63
PRD_000131,M01,2025-02-14 06:00:00,Shift 1,OP01,640,574,552,22,49.75
PRD_000132,M01,2025-02-14 14:00:00,Shift 2,OP02,640,565,551,14,49.88
PRD_000133,M01,2025-02-14 22:00:00,Shift 3,OP03,640,547,530,17,50.0
PRD_000134,M01,2025-02-15 06:00:00,Shift 1,OP01,640,562,537,25,50.12
PRD_000135,M01,2025-02-15 14:00:00,Shift 2,OP02,640,553,534,19,50.24
PRD_000136,M01,2025-02-15 22:00:00,Shift 3,OP03,640,545,528,17,50.36
PRD_000137,M01,2025-02-16 06:00:00,Shift 1,OP01,640,547,532,15,50.49
PRD_000138,M01,2025-02-16 14:00:00,Shift 2,OP02,640,540,517,23,50.63
PRD_000139,M01,2025-02-16 22:00:00,Shift 3,OP03,640,564,544,20,50.76
PRD_000140,M01,2025-02-17 06:00:00,Shift 1,OP01,640,552,525,27,50.89
PRD_000141,M01,2025-02-17 14:00:00,Shift 2,OP02,640,553,527,26,51.01
PRD_000142,M01,2025-02-17 22:00:00,Shift 3,OP03,640,542,515,27,51.13
PRD_000143,M01,2025-02-18 06:00:00,Shift 1,OP01,640,550,526,24,51.26
PRD_000144,M01,2025-02-18 14:00:00,Shift 2,OP02,640,533,508,25,51.39
PRD_000145,M01,2025-02-18 22:00:00,Shift 3,OP03,640,543,522,21,51.51
PRD_000146,M01,2025-02-19 06:00:00,Shift 1,OP01,640,530,507,23,51.65
PRD_000147,M01,2025-02-19 14:00:00,Shift 2,OP02,640,535,515,20,51.79
PRD_000148,M01,2025-02-19 22:00:00,Shift 3,OP03,640,534,508,26,51.92
PRD_000149,M01,2025-02-20 06:00:00,Shift 1,OP01,640,541,512,29,52.06
PRD_000150,M01,2025-02-20 14:00:00,Shift 2,OP02,640,526,500,26,52.18
PRD_000151,M01,2025-02-20 22:00:00,Shift 3,OP03,640,547,524,23,52.32
PRD_000152,M01,2025-02-21 06:00:00,Shift 1,OP01,640,528,505,23,52.46
PRD_000153,M01,2025-02-21 14:00:00,Shift 2,OP02,640,543,520,23,52.6
PRD_000154,M01,2025-02-21 22:00:00,Shift 3,OP03,640,523,493,30,52.74
PRD_000155,M01,2025-02-22 06:00:00,Shift 1,OP01,640,523,496,27,52.87
PRD_000156,M01,2025-02-22 14:00:00,Shift 2,OP02,640,516,490,26,53.01
PRD_000157,M01,2025-02-22 22:00:00,Shift 3,OP03,640,527,494,33,53.17
PRD_000158,M01,2025-02-23 06:00:00,Shift 1,OP01,640,514,481,33,53.31
PRD_000159,M01,2025-02-23 14:00:00,Shift 2,OP02,640,536,505,31,53.45
PRD_000160,M01,2025-02-23 22:00:00,Shift 3,OP03,640,511,477,34,53.6
PRD_000161,M01,2025-02-24 06:00:00,Shift 1,OP01,640,524,489,35,53.74
PRD_000162,M01,2025-02-24 14:00:00,Shift 2,OP02,640,514,482,32,53.89
PRD_000163,M01,2025-02-24 22:00:00,Shift 3,OP03,640,516,482,34,54.03
PRD_000164,M01,2025-02-25 06:00:00,Shift 1,OP01,640,520,483,37,54.16
PRD_000165,M01,2025-02-25 14:00:00,Shift 2,OP02,640,509,481,28,54.29
PRD_000166,M01,2025-02-25 22:00:00,Shift 3,OP03,640,503,471,32,54.44
PRD_000167,M01,2025-02-26 06:00:00,Shift 1,OP01,640,513,475,38,54.59
PRD_000168,M01,2025-02-26 14:00:00,Shift 2,OP02,640,522,491,31,54.74
PRD_000169,M01,2025-02-26 22:00:00,Shift 3,OP03,640,506,472,34,54.89
PRD_000170,M01,2025-02-27 06:00:00,Shift 1,OP01,640,499,460,39,55.04
PRD_000171,M01,2025-02-27 14:00:00,Shift 2,OP02,640,519,480,39,55.18
PRD_000172,M01,2025-02-27 22:00:00,Shift 3,OP03,640,506,470,36,55.34
PRD_000173,M01,2025-02-28 06:00:00,Shift 1,OP01,640,493,457,36,55.48
PRD_000174,M01,2025-02-28 14:00:00,Shift 2,OP02,640,517,479,38,55.64
PRD_000175,M01,2025-02-28 22:00:00,Shift 3,OP03,640,502,464,38,55.78
PRD_000176,M01,2025-03-01 06:00:00,Shift 1,OP01,640,502,459,43,55.95
PRD_000177,M01,2025-03-01 14:00:00,Shift 2,OP02,640,505,463,42,56.09
PRD_000178,M01,2025-03-01 22:00:00,Shift 3,OP03,640,492,456,36,56.25
PRD_000179,M01,2025-03-02 06:00:00,Shift 1,OP01,640,503,460,43,56.41
PRD_000180,M01,2025-03-02 14:00:00,Shift 2,OP02,640,505,464,41,56.55
PRD_000181,M01,2025-03-02 22:00:00,Shift 3,OP03,640,501,460,41,56.71
PRD_000182,M01,2025-03-03 06:00:00,Shift 1,OP01,640,496,451,45,56.87
PRD_000183,M01,2025-03-03 14:00:00,Shift 2,OP02,640,484,444,40,57.04
PRD_000184,M01,2025-03-03 22:00:00,Shift 3,OP03,640,480,438,42,57.19
PRD_000185,M01,2025-03-04 06:00:00,Shift 1,OP01,640,479,437,42,57.36
PRD_000186,M01,2025-03-04 22:00:00,Shift 3,OP03,640,616,609,7,45.67
PRD_000187,M01,2025-03-05 06:00:00,Shift 1,OP01,640,610,602,8,45.77
PRD_000188,M01,2025-03-05 14:00:00,Shift 2,OP02,640,601,587,14,45.87
PRD_000189,M01,2025-03-05 22:00:00,Shift 3,OP03,640,606,589,17,45.98
PRD_000190,M01,2025-03-06 06:00:00,Shift 1,OP01,640,595,581,14,46.1
PRD_000191,M01,2025-03-06 14:00:00,Shift 2,OP02,640,611,594,17,46.2
PRD_000192,M01,2025-03-06 22:00:00,Shift 3,OP03,640,604,597,7,46.3
PRD_000193,M01,2025-03-07 06:00:00,Shift 1,OP01,640,591,582,9,46.4
PRD_000194,M01,2025-03-07 14:00:00,Shift 2,OP02,640,603,590,13,46.5
PRD_000195,M01,2025-03-07 22:00:00,Shift 3,OP03,640,611,599,12,46.6
PRD_000196,M01,2025-03-08 06:00:00,Shift 1,OP01,640,606,597,9,46.71
PRD_000197,M01,2025-03-08 14:00:00,Shift 2,OP02,640,586,575,11,46.83
PRD_000198,M01,2025-03-08 22:00:00,Shift 3,OP03,640,597,582,15,46.93
PRD_000199,M01,2025-03-09 06:00:00,Shift 1,OP01,640,582,566,16,47.04
PRD_000200,M01,2025-03-09 14:00:00,Shift 2,OP02,640,603,588,15,47.14
PRD_000201,M01,2025-03-09 22:00:00,Shift 3,OP03,640,604,592,12,47.25
PRD_000202,M01,2025-03-10 06:00:00,Shift 1,OP01,640,578,565,13,47.35
PRD_000203,M01,2025-03-10 14:00:00,Shift 2,OP02,640,602,583,19,47.47
PRD_000204,M01,2025-03-10 22:00:00,Shift 3,OP03,640,599,584,15,47.58
PRD_000205,M01,2025-03-11 06:00:00,Shift 1,OP01,640,589,581,8,47.7
PRD_000206,M01,2025-03-11 14:00:00,Shift 2,OP02,640,599,585,14,47.82
PRD_000207,M01,2025-03-11 22:00:00,Shift 3,OP03,640,575,563,12,47.93
PRD_000208,M01,2025-03-12 06:00:00,Shift 1,OP01,640,583,563,20,48.04
PRD_000209,M01,2025-03-12 14:00:00,Shift 2,OP02,640,581,566,15,48.16
PRD_000210,M01,2025-03-12 22:00:00,Shift 3,OP03,640,583,567,16,48.28
PRD_000211,M01,2025-03-13 06:00:00,Shift 1,OP01,640,584,564,20,48.41
PRD_000212,M01,2025-03-13 14:00:00,Shift 2,OP02,640,575,554,21,48.53
PRD_000213,M01,2025-03-13 22:00:00,Shift 3,OP03,640,581,564,17,48.64
PRD_000214,M01,2025-03-14 06:00:00,Shift 1,OP01,640,577,559,18,48.76
PRD_000215,M01,2025-03-14 14:00:00,Shift 2,OP02,640,570,550,20,48.88
PRD_000216,M01,2025-03-14 22:00:00,Shift 3,OP03,640,576,556,20,49.0
PRD_000217,M01,2025-03-15 06:00:00,Shift 1,OP01,640,580,561,19,49.11
PRD_000218,M01,2025-03-15 14:00:00,Shift 2,OP02,640,565,548,17,49.21
PRD_000219,M01,2025-03-15 22:00:00,Shift 3,OP03,640,574,558,16,49.34
PRD_000220,M01,2025-03-16 06:00:00,Shift 1,OP01,640,578,556,22,49.47
PRD_000221,M01,2025-03-16 14:00:00,Shift 2,OP02,640,552,535,17,49.6
PRD_000222,M01,2025-03-16 22:00:00,Shift 3,OP03,640,559,540,19,49.73
PRD_000223,M01,2025-03-17 06:00:00,Shift 1,OP01,640,561,540,21,49.86
PRD_000224,M01,2025-03-17 14:00:00,Shift 2,OP02,640,573,556,17,49.98
PRD_000225,M01,2025-03-17 22:00:00,Shift 3,OP03,640,559,534,25,50.11
PRD_000226,M01,2025-03-18 06:00:00,Shift 1,OP01,640,556,531,25,50.23
PRD_000227,M01,2025-03-18 14:00:00,Shift 2,OP02,640,569,550,19,50.36
PRD_000228,M01,2025-03-18 22:00:00,Shift 3,OP03,640,561,545,16,50.48
PRD_000229,M01,2025-03-19 06:00:00,Shift 1,OP01,640,561,538,23,50.6
PRD_000230,M01,2025-03-19 14:00:00,Shift 2,OP02,640,542,518,24,50.73
PRD_000231,M01,2025-03-19 22:00:00,Shift 3,OP03,640,543,517,26,50.85
PRD_000232,M01,2025-03-20 06:00:00,Shift 1,OP01,640,552,526,26,50.97
PRD_000233,M01,2025-03-20 14:00:00,Shift 2,OP02,640,540,515,25,51.1
PRD_000234,M01,2025-03-20 22:00:00,Shift 3,OP03,640,558,533,25,51.24
PRD_000235,M01,2025-03-21 06:00:00,Shift 1,OP01,640,554,526,28,51.37
PRD_000236,M01,2025-03-21 14:00:00,Shift 2,OP02,640,534,511,23,51.5
PRD_000237,M01,2025-03-21 22:00:00,Shift 3,OP03,640,554,525,29,51.64
PRD_000238,M01,2025-03-22 06:00:00,Shift 1,OP01,640,548,524,24,51.77
PRD_000239,M01,2025-03-22 14:00:00,Shift 2,OP02,640,554,526,28,51.9
PRD_000240,M01,2025-03-22 22:00:00,Shift 3,OP03,640,543,515,28,52.03
PRD_000241,M01,2025-03-23 06:00:00,Shift 1,OP01,640,525,497,28,52.17
PRD_000242,M01,2025-03-23 14:00:00,Shift 2,OP02,640,545,514,31,52.3
PRD_000243,M01,2025-03-23 22:00:00,Shift 3,OP03,640,524,497,27,52.42
PRD_000244,M01,2025-03-24 06:00:00,Shift 1,OP01,640,546,522,24,52.54
PRD_000245,M01,2025-03-24 14:00:00,Shift 2,OP02,640,531,506,25,52.68
PRD_000246,M01,2025-03-24 22:00:00,Shift 3,OP03,640,522,500,22,52.82
PRD_000247,M01,2025-03-25 06:00:00,Shift 1,OP01,640,528,499,29,52.96
PRD_000248,M01,2025-03-25 14:00:00,Shift 2,OP02,640,517,490,27,53.1
PRD_000249,M01,2025-03-25 22:00:00,Shift 3,OP03,640,521,489,32,53.24
PRD_000250,M01,2025-03-26 06:00:00,Shift 1,OP01,640,522,492,30,53.39
PRD_000251,M01,2025-03-26 14:00:00,Shift 2,OP02,640,517,488,29,53.52
PRD_000252,M01,2025-03-26 22:00:00,Shift 3,OP03,640,522,496,26,53.67
PRD_000253,M01,2025-03-27 06:00:00,Shift 1,OP01,640,522,492,30,53.8
PRD_000254,M01,2025-03-27 14:00:00,Shift 2,OP02,640,511,479,32,53.93
PRD_000255,M01,2025-03-27 22:00:00,Shift 3,OP03,640,514,481,33,54.08
PRD_000256,M01,2025-03-28 06:00:00,Shift 1,OP01,640,525,491,34,54.22
PRD_000257,M01,2025-03-28 14:00:00,Shift 2,OP02,640,503,474,29,54.38
PRD_000258,M01,2025-03-28 22:00:00,Shift 3,OP03,640,523,487,36,54.5
PRD_000259,M01,2025-03-29 06:00:00,Shift 1,OP01,640,509,479,30,54.65
PRD_000260,M01,2025-03-29 14:00:00,Shift 2,OP02,640,499,462,37,54.8
PRD_000261,M01,2025-03-29 22:00:00,Shift 3,OP03,640,509,478,31,54.94
PRD_000262,M01,2025-03-30 06:00:00,Shift 1,OP01,640,521,488,33,55.09
PRD_000263,M01,2025-03-30 14:00:00,Shift 2,OP02,640,504,468,36,55.25
PRD_000264,M01,2025-03-30 22:00:00,Shift 3,OP03,640,503,463,40,55.41
PRD_000265,M01,2025-03-31 06:00:00,Shift 1,OP01,640,513,470,43,55.55
PRD_000266,M01,2025-03-31 14:00:00,Shift 2,OP02,640,500,463,37,55.71
PRD_000267,M01,2025-03-31 22:00:00,Shift 3,OP03,640,494,457,37,55.87
PRD_000268,M01,2025-04-01 06:00:00,Shift 1,OP01,640,491,455,36,56.02
PRD_000269,M01,2025-04-01 14:00:00,Shift 2,OP02,640,493,458,35,56.17
PRD_000270,M01,2025-04-01 22:00:00,Shift 3,OP03,640,487,446,41,56.34
PRD_000271,M01,2025-04-02 06:00:00,Shift 1,OP01,640,487,443,44,56.5
PRD_000272,M01,2025-04-02 14:00:00,Shift 2,OP02,640,502,462,40,56.64
PRD_000273,M01,2025-04-02 22:00:00,Shift 3,OP03,640,496,452,44,56.81
PRD_000274,M01,2025-04-03 06:00:00,Shift 1,OP01,640,503,460,43,56.99
PRD_000275,M01,2025-04-03 14:00:00,Shift 2,OP02,640,495,451,44,57.14
PRD_000276,M01,2025-04-03 22:00:00,Shift 3,OP03,640,487,439,48,57.3
PRD_000277,M01,2025-04-04 06:00:00,Shift 1,OP01,640,492,448,44,57.48
PRD_000278,M01,2025-04-05 06:00:00,Shift 1,OP01,640,619,605,14,45.76
PRD_000279,M01,2025-04-05 14:00:00,Shift 2,OP02,640,601,591,10,45.86
PRD_000280,M01,2025-04-05 22:00:00,Shift 3,OP03,640,621,607,14,45.96
PRD_000281,M01,2025-04-06 06:00:00,Shift 1,OP01,640,606,590,16,46.06
PRD_000282,M01,2025-04-06 14:00:00,Shift 2,OP02,640,618,607,11,46.16
PRD_000283,M01,2025-04-06 22:00:00,Shift 3,OP03,640,591,577,14,46.27
PRD_000284,M01,2025-04-07 06:00:00,Shift 1,OP01,640,595,586,9,46.37
PRD_000285,M01,2025-04-07 14:00:00,Shift 2,OP02,640,607,595,12,46.48
PRD_000286,M01,2025-04-07 22:00:00,Shift 3,OP03,640,606,588,18,46.58
PRD_000287,M01,2025-04-08 06:00:00,Shift 1,OP01,640,590,573,17,46.68
PRD_000288,M01,2025-04-08 14:00:00,Shift 2,OP02,640,610,594,16,46.79
PRD_000289,M01,2025-04-08 22:00:00,Shift 3,OP03,640,583,571,12,46.91
PRD_000290,M01,2025-04-09 06:00:00,Shift 1,OP01,640,591,572,19,47.03
PRD_000291,M01,2025-04-09 14:00:00,Shift 2,OP02,640,588,576,12,47.15
PRD_000292,M01,2025-04-09 22:00:00,Shift 3,OP03,640,599,591,8,47.27
PRD_000293,M01,2025-04-10 06:00:00,Shift 1,OP01,640,587,571,16,47.39
PRD_000294,M01,2025-04-10 14:00:00,Shift 2,OP02,640,591,575,16,47.5
PRD_000295,M01,2025-04-10 22:00:00,Shift 3,OP03,640,602,589,13,47.62
PRD_000296,M01,2025-04-11 06:00:00,Shift 1,OP01,640,579,560,19,47.73
PRD_000297,M01,2025-04-11 14:00:00,Shift 2,OP02,640,587,572,15,47.86
PRD_000298,M01,2025-04-11 22:00:00,Shift 3,OP03,640,582,565,17,47.98
PRD_000299,M01,2025-04-12 06:00:00,Shift 1,OP01,640,575,560,15,48.1
PRD_000300,M01,2025-04-12 14:00:00,Shift 2,OP02,640,587,570,17,48.2
PRD_000301,M01,2025-04-12 22:00:00,Shift 3,OP03,640,586,571,15,48.31
PRD_000302,M01,2025-04-13 06:00:00,Shift 1,OP01,640,572,553,19,48.43
PRD_000303,M01,2025-04-13 14:00:00,Shift 2,OP02,640,575,554,21,48.55
PRD_000304,M01,2025-04-13 22:00:00,Shift 3,OP03,640,577,561,16,48.67
PRD_000305,M01,2025-04-14 06:00:00,Shift 1,OP01,640,565,549,16,48.79
PRD_000306,M01,2025-04-14 14:00:00,Shift 2,OP02,640,580,560,20,48.91
PRD_000307,M01,2025-04-14 22:00:00,Shift 3,OP03,640,584,564,20,49.04
PRD_000308,M01,2025-04-15 06:00:00,Shift 1,OP01,640,571,556,15,49.15
PRD_000309,M01,2025-04-15 14:00:00,Shift 2,OP02,640,563,547,16,49.27
PRD_000310,M01,2025-04-15 22:00:00,Shift 3,OP03,640,562,549,13,49.39
PRD_000311,M01,2025-04-16 06:00:00,Shift 1,OP01,640,564,551,13,49.5
PRD_000312,M01,2025-04-16 14:00:00,Shift 2,OP02,640,557,535,22,49.62
PRD_000313,M01,2025-04-16 22:00:00,Shift 3,OP03,640,551,536,15,49.75
PRD_000314,M01,2025-04-17 06:00:00,Shift 1,OP01,640,564,550,14,49.86
PRD_000315,M01,2025-04-17 14:00:00,Shift 2,OP02,640,571,548,23,49.99
PRD_000316,M01,2025-04-17 22:00:00,Shift 3,OP03,640,557,535,22,50.1
PRD_000317,M01,2025-04-18 06:00:00,Shift 1,OP01,640,547,528,19,50.25
PRD_000318,M01,2025-04-18 14:00:00,Shift 2,OP02,640,550,535,15,50.38
PRD_000319,M01,2025-04-18 22:00:00,Shift 3,OP03,640,567,546,21,50.52
PRD_000320,M01,2025-04-19 06:00:00,Shift 1,OP01,640,564,538,26,50.64
PRD_000321,M01,2025-04-19 14:00:00,Shift 2,OP02,640,541,515,26,50.79
PRD_000322,M01,2025-04-19 22:00:00,Shift 3,OP03,640,542,519,23,50.92
PRD_000323,M01,2025-04-20 06:00:00,Shift 1,OP01,640,557,530,27,51.05
PRD_000324,M01,2025-04-20 14:00:00,Shift 2,OP02,640,536,513,23,51.18
PRD_000325,M01,2025-04-20 22:00:00,Shift 3,OP03,640,545,521,24,51.31
PRD_000326,M01,2025-04-21 06:00:00,Shift 1,OP01,640,543,519,24,51.45
PRD_000327,M01,2025-04-21 14:00:00,Shift 2,OP02,640,539,519,20,51.59
PRD_000328,M01,2025-04-21 22:00:00,Shift 3,OP03,640,533,511,22,51.72
PRD_000329,M01,2025-04-22 06:00:00,Shift 1,OP01,640,541,521,20,51.86
PRD_000330,M01,2025-04-22 14:00:00,Shift 2,OP02,640,528,499,29,52.0
PRD_000331,M01,2025-04-22 22:00:00,Shift 3,OP03,640,538,509,29,52.13
PRD_000332,M01,2025-04-23 06:00:00,Shift 1,OP01,640,531,504,27,52.26
PRD_000333,M01,2025-04-23 14:00:00,Shift 2,OP02,640,525,496,29,52.39
PRD_000334,M01,2025-04-23 22:00:00,Shift 3,OP03,640,546,515,31,52.52
PRD_000335,M01,2025-04-24 06:00:00,Shift 1,OP01,640,533,504,29,52.66
PRD_000336,M01,2025-04-24 14:00:00,Shift 2,OP02,640,534,501,33,52.79
PRD_000337,M01,2025-04-24 22:00:00,Shift 3,OP03,640,526,495,31,52.93
PRD_000338,M01,2025-04-25 06:00:00,Shift 1,OP01,640,516,484,32,53.06
PRD_000339,M01,2025-04-25 14:00:00,Shift 2,OP02,640,524,494,30,53.19
PRD_000340,M01,2025-04-25 22:00:00,Shift 3,OP03,640,517,491,26,53.31
PRD_000341,M01,2025-04-26 06:00:00,Shift 1,OP01,640,512,480,32,53.46
PRD_000342,M01,2025-04-26 14:00:00,Shift 2,OP02,640,520,490,30,53.61
PRD_000343,M01,2025-04-26 22:00:00,Shift 3,OP03,640,529,499,30,53.76
PRD_000344,M01,2025-04-27 06:00:00,Shift 1,OP01,640,519,488,31,53.91
PRD_000345,M01,2025-04-27 14:00:00,Shift 2,OP02,640,519,491,28,54.05
PRD_000346,M01,2025-04-27 22:00:00,Shift 3,OP03,640,518,487,31,54.2
PRD_000347,M01,2025-04-28 06:00:00,Shift 1,OP01,640,505,477,28,54.34
PRD_000348,M01,2025-04-28 14:00:00,Shift 2,OP02,640,512,479,33,54.49
PRD_000349,M01,2025-04-28 22:00:00,Shift 3,OP03,640,507,471,36,54.66
PRD_000350,M01,2025-04-29 06:00:00,Shift 1,OP01,640,514,474,40,54.8
PRD_000351,M01,2025-04-29 14:00:00,Shift 2,OP02,640,503,471,32,54.95
PRD_000352,M01,2025-04-29 22:00:00,Shift 3,OP03,640,504,468,36,55.1
PRD_000353,M01,2025-04-30 06:00:00,Shift 1,OP01,640,515,473,42,55.24
PRD_000354,M01,2025-04-30 14:00:00,Shift 2,OP02,640,494,453,41,55.37
PRD_000355,M01,2025-04-30 22:00:00,Shift 3,OP03,640,508,474,34,55.54
PRD_000356,M01,2025-05-01 06:00:00,Shift 1,OP01,640,500,461,39,55.7
PRD_000357,M01,2025-05-01 14:00:00,Shift 2,OP02,640,502,464,38,55.84
PRD_000358,M01,2025-05-01 22:00:00,Shift 3,OP03,640,495,453,42,56.01
PRD_000359,M01,2025-05-02 06:00:00,Shift 1,OP01,640,489,446,43,56.17
PRD_000360,M01,2025-05-02 14:00:00,Shift 2,OP02,640,486,447,39,56.32
PRD_000361,M01,2025-05-02 22:00:00,Shift 3,OP03,640,505,465,40,56.48
PRD_000362,M01,2025-05-03 06:00:00,Shift 1,OP01,640,493,455,38,56.65
PRD_000363,M01,2025-05-03 14:00:00,Shift 2,OP02,640,491,448,43,56.8
PRD_000364,M01,2025-05-03 22:00:00,Shift 3,OP03,640,483,439,44,56.97
PRD_000365,M01,2025-05-04 14:00:00,Shift 2,OP02,640,617,610,7,45.35
PRD_000366,M01,2025-05-04 22:00:00,Shift 3,OP03,640,619,605,14,45.46
PRD_000367,M01,2025-05-05 06:00:00,Shift 1,OP01,640,628,610,18,45.56
PRD_000368,M01,2025-05-05 14:00:00,Shift 2,OP02,640,629,617,12,45.66
PRD_000369,M01,2025-05-05 22:00:00,Shift 3,OP03,640,603,589,14,45.77
PRD_000370,M01,2025-05-06 06:00:00,Shift 1,OP01,640,611,595,16,45.88
PRD_000371,M01,2025-05-06 14:00:00,Shift 2,OP02,640,606,593,13,45.99
PRD_000372,M01,2025-05-06 22:00:00,Shift 3,OP03,640,617,610,7,46.1
PRD_000373,M01,2025-05-07 06:00:00,Shift 1,OP01,640,617,605,12,46.21
PRD_000374,M01,2025-05-07 14:00:00,Shift 2,OP02,640,608,601,7,46.31
PRD_000375,M01,2025-05-07 22:00:00,Shift 3,OP03,640,597,585,12,46.4
PRD_000376,M01,2025-05-08 06:00:00,Shift 1,OP01,640,616,604,12,46.5
PRD_000377,M01,2025-05-08 14:00:00,Shift 2,OP02,640,593,586,7,46.61
PRD_000378,M01,2025-05-08 22:00:00,Shift 3,OP03,640,595,587,8,46.7
PRD_000379,M01,2025-05-09 06:00:00,Shift 1,OP01,640,589,575,14,46.8
PRD_000380,M01,2025-05-09 14:00:00,Shift 2,OP02,640,591,573,18,46.9
PRD_000381,M01,2025-05-09 22:00:00,Shift 3,OP03,640,605,586,19,47.01
PRD_000382,M01,2025-05-10 06:00:00,Shift 1,OP01,640,581,572,9,47.13
PRD_000383,M01,2025-05-10 14:00:00,Shift 2,OP02,640,589,577,12,47.24
PRD_000384,M01,2025-05-10 22:00:00,Shift 3,OP03,640,600,588,12,47.36
PRD_000385,M01,2025-05-11 06:00:00,Shift 1,OP01,640,603,593,10,47.48
PRD_000386,M01,2025-05-11 14:00:00,Shift 2,OP02,640,583,565,18,47.58
PRD_000387,M01,2025-05-11 22:00:00,Shift 3,OP03,640,595,579,16,47.7
PRD_000388,M01,2025-05-12 06:00:00,Shift 1,OP01,640,574,562,12,47.82
PRD_000389,M01,2025-05-12 14:00:00,Shift 2,OP02,640,579,568,11,47.93
PRD_000390,M01,2025-05-12 22:00:00,Shift 3,OP03,640,582,565,17,48.04
PRD_000391,M01,2025-05-13 06:00:00,Shift 1,OP01,640,581,569,12,48.14
PRD_000392,M01,2025-05-13 14:00:00,Shift 2,OP02,640,594,584,10,48.26
PRD_000393,M01,2025-05-13 22:00:00,Shift 3,OP03,640,574,556,18,48.38
PRD_000394,M01,2025-05-14 06:00:00,Shift 1,OP01,640,566,552,14,48.51
PRD_000395,M01,2025-05-14 14:00:00,Shift 2,OP02,640,584,573,11,48.62
PRD_000396,M01,2025-05-14 22:00:00,Shift 3,OP03,640,587,576,11,48.74
PRD_000397,M01,2025-05-15 06:00:00,Shift 1,OP01,640,569,555,14,48.86
PRD_000398,M01,2025-05-15 14:00:00,Shift 2,OP02,640,578,558,20,48.99
PRD_000399,M01,2025-05-15 22:00:00,Shift 3,OP03,640,585,562,23,49.11
PRD_000400,M01,2025-05-16 06:00:00,Shift 1,OP01,640,580,557,23,49.23
PRD_000401,M01,2025-05-16 14:00:00,Shift 2,OP02,640,578,558,20,49.34
PRD_000402,M01,2025-05-16 22:00:00,Shift 3,OP03,640,553,539,14,49.47
PRD_000403,M01,2025-05-17 06:00:00,Shift 1,OP01,640,573,553,20,49.61
PRD_000404,M01,2025-05-17 14:00:00,Shift 2,OP02,640,573,553,20,49.74
PRD_000405,M01,2025-05-17 22:00:00,Shift 3,OP03,640,564,540,24,49.86
PRD_000406,M01,2025-05-18 06:00:00,Shift 1,OP01,640,548,530,18,49.98
PRD_000407,M01,2025-05-18 14:00:00,Shift 2,OP02,640,567,544,23,50.11
PRD_000408,M01,2025-05-18 22:00:00,Shift 3,OP03,640,563,543,20,50.23
PRD_000409,M01,2025-05-19 06:00:00,Shift 1,OP01,640,568,546,22,50.35
PRD_000410,M01,2025-05-19 14:00:00,Shift 2,OP02,640,546,527,19,50.47
PRD_000411,M01,2025-05-19 22:00:00,Shift 3,OP03,640,546,530,16,50.59
PRD_000412,M01,2025-05-20 06:00:00,Shift 1,OP01,640,545,519,26,50.73
PRD_000413,M01,2025-05-20 14:00:00,Shift 2,OP02,640,546,519,27,50.87
PRD_000414,M01,2025-05-20 22:00:00,Shift 3,OP03,640,547,521,26,50.99
PRD_000415,M01,2025-05-21 06:00:00,Shift 1,OP01,640,556,530,26,51.12
PRD_000416,M01,2025-05-21 14:00:00,Shift 2,OP02,640,537,511,26,51.26
PRD_000417,M01,2025-05-21 22:00:00,Shift 3,OP03,640,560,532,28,51.38
PRD_000418,M01,2025-05-22 06:00:00,Shift 1,OP01,640,536,516,20,51.51
PRD_000419,M01,2025-05-22 14:00:00,Shift 2,OP02,640,548,525,23,51.65
PRD_000420,M01,2025-05-22 22:00:00,Shift 3,OP03,640,549,522,27,51.77
PRD_000421,M01,2025-05-23 06:00:00,Shift 1,OP01,640,531,503,28,51.9
PRD_000422,M01,2025-05-23 14:00:00,Shift 2,OP02,640,533,510,23,52.03
PRD_000423,M01,2025-05-23 22:00:00,Shift 3,OP03,640,540,516,24,52.16
PRD_000424,M01,2025-05-24 06:00:00,Shift 1,OP01,640,523,494,29,52.3
PRD_000425,M01,2025-05-24 14:00:00,Shift 2,OP02,640,529,498,31,52.44
PRD_000426,M01,2025-05-24 22:00:00,Shift 3,OP03,640,545,521,24,52.57
PRD_000427,M01,2025-05-25 06:00:00,Shift 1,OP01,640,526,503,23,52.71
PRD_000428,M01,2025-05-25 14:00:00,Shift 2,OP02,640,528,502,26,52.86
PRD_000429,M01,2025-05-25 22:00:00,Shift 3,OP03,640,526,497,29,52.99
PRD_000430,M01,2025-05-26 06:00:00,Shift 1,OP01,640,516,490,26,53.11
PRD_000431,M01,2025-05-26 14:00:00,Shift 2,OP02,640,534,509,25,53.26
PRD_000432,M01,2025-05-26 22:00:00,Shift 3,OP03,640,534,499,35,53.4
PRD_000433,M01,2025-05-27 06:00:00,Shift 1,OP01,640,518,484,34,53.53
PRD_000434,M01,2025-05-27 14:00:00,Shift 2,OP02,640,521,486,35,53.69
PRD_000435,M01,2025-05-27 22:00:00,Shift 3,OP03,640,524,495,29,53.83
PRD_000436,M01,2025-05-28 06:00:00,Shift 1,OP01,640,518,482,36,53.99
PRD_000437,M01,2025-05-28 14:00:00,Shift 2,OP02,640,522,489,33,54.13
PRD_000438,M01,2025-05-28 22:00:00,Shift 3,OP03,640,528,489,39,54.28
PRD_000439,M01,2025-05-29 06:00:00,Shift 1,OP01,640,525,492,33,54.44
PRD_000440,M01,2025-05-29 14:00:00,Shift 2,OP02,640,510,473,37,54.56
PRD_000441,M01,2025-05-29 22:00:00,Shift 3,OP03,640,501,465,36,54.72
PRD_000442,M01,2025-05-30 06:00:00,Shift 1,OP01,640,519,481,38,54.88
PRD_000443,M01,2025-05-30 14:00:00,Shift 2,OP02,640,513,481,32,55.02
PRD_000444,M01,2025-05-30 22:00:00,Shift 3,OP03,640,503,470,33,55.18
PRD_000445,M01,2025-05-31 06:00:00,Shift 1,OP01,640,509,470,39,55.32
PRD_000446,M01,2025-05-31 14:00:00,Shift 2,OP02,640,508,473,35,55.48
PRD_000447,M01,2025-05-31 22:00:00,Shift 3,OP03,640,497,459,38,55.64
PRD_000448,M01,2025-06-01 06:00:00,Shift 1,OP01,640,510,470,40,55.8
PRD_000449,M01,2025-06-01 14:00:00,Shift 2,OP02,640,496,456,40,55.96
PRD_000450,M01,2025-06-01 22:00:00,Shift 3,OP03,640,504,466,38,56.11
PRD_000451,M01,2025-06-02 06:00:00,Shift 1,OP01,640,504,463,41,56.27
PRD_000452,M01,2025-06-02 14:00:00,Shift 2,OP02,640,501,461,40,56.44
PRD_000453,M01,2025-06-02 22:00:00,Shift 3,OP03,640,490,453,37,56.6
PRD_000454,M01,2025-06-03 06:00:00,Shift 1,OP01,640,490,453,37,56.75
PRD_000455,M01,2025-06-03 14:00:00,Shift 2,OP02,640,493,453,40,56.9
PRD_000456,M01,2025-06-03 22:00:00,Shift 3,OP03,640,489,443,46,57.04
PRD_000457,M01,2025-06-04 14:00:00,Shift 2,OP02,640,608,598,10,45.5
PRD_000458,M01,2025-06-04 22:00:00,Shift 3,OP03,640,619,610,9,45.61
PRD_000459,M01,2025-06-05 06:00:00,Shift 1,OP01,640,620,603,17,45.72
PRD_000460,M01,2025-06-05 14:00:00,Shift 2,OP02,640,610,592,18,45.82
PRD_000461,M01,2025-06-05 22:00:00,Shift 3,OP03,640,625,607,18,45.92
PRD_000462,M01,2025-06-06 06:00:00,Shift 1,OP01,640,598,583,15,46.02
PRD_000463,M01,2025-06-06 14:00:00,Shift 2,OP02,640,606,593,13,46.12
PRD_000464,M01,2025-06-06 22:00:00,Shift 3,OP03,640,612,604,8,46.23
PRD_000465,M01,2025-06-07 06:00:00,Shift 1,OP01,640,593,584,9,46.34
PRD_000466,M01,2025-06-07 14:00:00,Shift 2,OP02,640,612,596,16,46.45
PRD_000467,M01,2025-06-07 22:00:00,Shift 3,OP03,640,588,574,14,46.57
PRD_000468,M01,2025-06-08 06:00:00,Shift 1,OP01,640,612,594,18,46.68
PRD_000469,M01,2025-06-08 14:00:00,Shift 2,OP02,640,609,594,15,46.79
PRD_000470,M01,2025-06-08 22:00:00,Shift 3,OP03,640,585,567,18,46.91
PRD_000471,M01,2025-06-09 06:00:00,Shift 1,OP01,640,592,579,13,47.0
PRD_000472,M01,2025-06-09 14:00:00,Shift 2,OP02,640,586,575,11,47.12
PRD_000473,M01,2025-06-09 22:00:00,Shift 3,OP03,640,585,571,14,47.24
PRD_000474,M01,2025-06-10 06:00:00,Shift 1,OP01,640,606,590,16,47.34
PRD_000475,M01,2025-06-10 14:00:00,Shift 2,OP02,640,590,580,10,47.45
PRD_000476,M01,2025-06-10 22:00:00,Shift 3,OP03,640,589,580,9,47.56
PRD_000477,M01,2025-06-11 06:00:00,Shift 1,OP01,640,594,576,18,47.67
PRD_000478,M01,2025-06-11 14:00:00,Shift 2,OP02,640,590,577,13,47.79
PRD_000479,M01,2025-06-11 22:00:00,Shift 3,OP03,640,575,564,11,47.9
PRD_000480,M01,2025-06-12 06:00:00,Shift 1,OP01,640,578,568,10,48.01
PRD_000481,M01,2025-06-12 14:00:00,Shift 2,OP02,640,569,550,19,48.13
PRD_000482,M01,2025-06-12 22:00:00,Shift 3,OP03,640,578,562,16,48.24
PRD_000483,M01,2025-06-13 06:00:00,Shift 1,OP01,640,582,563,19,48.36
PRD_000484,M01,2025-06-13 14:00:00,Shift 2,OP02,640,568,553,15,48.47
PRD_000485,M01,2025-06-13 22:00:00,Shift 3,OP03,640,587,571,16,48.57
PRD_000486,M01,2025-06-14 06:00:00,Shift 1,OP01,640,584,569,15,48.69
PRD_000487,M01,2025-06-14 14:00:00,Shift 2,OP02,640,585,569,16,48.81
PRD_000488,M01,2025-06-14 22:00:00,Shift 3,OP03,640,561,547,14,48.93
PRD_000489,M01,2025-06-15 06:00:00,Shift 1,OP01,640,566,550,16,49.05
PRD_000490,M01,2025-06-15 14:00:00,Shift 2,OP02,640,557,540,17,49.18
PRD_000491,M01,2025-06-15 22:00:00,Shift 3,OP03,640,572,553,19,49.3
PRD_000492,M01,2025-06-16 06:00:00,Shift 1,OP01,640,569,547,22,49.42
PRD_000493,M01,2025-06-16 14:00:00,Shift 2,OP02,640,552,529,23,49.54
PRD_000494,M01,2025-06-16 22:00:00,Shift 3,OP03,640,562,546,16,49.66
PRD_000495,M01,2025-06-17 06:00:00,Shift 1,OP01,640,576,555,21,49.79
PRD_000496,M01,2025-06-17 14:00:00,Shift 2,OP02,640,565,546,19,49.92
PRD_000497,M01,2025-06-17 22:00:00,Shift 3,OP03,640,572,551,21,50.04
PRD_000498,M01,2025-06-18 06:00:00,Shift 1,OP01,640,560,536,24,50.16
PRD_000499,M01,2025-06-18 14:00:00,Shift 2,OP02,640,557,536,21,50.29
PRD_000500,M01,2025-06-18 22:00:00,Shift 3,OP03,640,558,540,18,50.42
PRD_000501,M01,2025-06-19 06:00:00,Shift 1,OP01,640,560,538,22,50.55
PRD_000502,M01,2025-06-19 14:00:00,Shift 2,OP02,640,563,544,19,50.67
PRD_000503,M01,2025-06-19 22:00:00,Shift 3,OP03,640,547,526,21,50.79
PRD_000504,M01,2025-06-20 06:00:00,Shift 1,OP01,640,546,526,20,50.92
PRD_000505,M01,2025-06-20 14:00:00,Shift 2,OP02,640,543,518,25,51.04
PRD_000506,M01,2025-06-20 22:00:00,Shift 3,OP03,640,540,520,20,51.17
PRD_000507,M01,2025-06-21 06:00:00,Shift 1,OP01,640,545,526,19,51.32
PRD_000508,M01,2025-06-21 14:00:00,Shift 2,OP02,640,556,527,29,51.46
PRD_000509,M01,2025-06-21 22:00:00,Shift 3,OP03,640,544,515,29,51.59
PRD_000510,M01,2025-06-22 06:00:00,Shift 1,OP01,640,551,521,30,51.72
PRD_000511,M01,2025-06-22 14:00:00,Shift 2,OP02,640,550,522,28,51.84
PRD_000512,M01,2025-06-22 22:00:00,Shift 3,OP03,640,528,503,25,51.98
PRD_000513,M01,2025-06-23 06:00:00,Shift 1,OP01,640,548,527,21,52.12
PRD_000514,M01,2025-06-23 14:00:00,Shift 2,OP02,640,548,519,29,52.25
PRD_000515,M01,2025-06-23 22:00:00,Shift 3,OP03,640,543,521,22,52.39
PRD_000516,M01,2025-06-24 06:00:00,Shift 1,OP01,640,536,512,24,52.52
PRD_000517,M01,2025-06-24 14:00:00,Shift 2,OP02,640,526,501,25,52.64
PRD_000518,M01,2025-06-24 22:00:00,Shift 3,OP03,640,521,496,25,52.79
PRD_000519,M01,2025-06-25 06:00:00,Shift 1,OP01,640,536,511,25,52.93
PRD_000520,M01,2025-06-25 14:00:00,Shift 2,OP02,640,534,510,24,53.06
PRD_000521,M01,2025-06-25 22:00:00,Shift 3,OP03,640,530,500,30,53.21
PRD_000522,M01,2025-06-26 06:00:00,Shift 1,OP01,640,537,502,35,53.34
PRD_000523,M01,2025-06-26 14:00:00,Shift 2,OP02,640,526,496,30,53.48
PRD_000524,M01,2025-06-26 22:00:00,Shift 3,OP03,640,529,493,36,53.61
PRD_000525,M01,2025-06-27 06:00:00,Shift 1,OP01,640,518,491,27,53.78
PRD_000526,M01,2025-06-27 14:00:00,Shift 2,OP02,640,532,502,30,53.93
PRD_000527,M01,2025-06-27 22:00:00,Shift 3,OP03,640,525,498,27,54.08
PRD_000528,M01,2025-06-28 06:00:00,Shift 1,OP01,640,504,474,30,54.22
PRD_000529,M01,2025-06-28 14:00:00,Shift 2,OP02,640,504,468,36,54.38
PRD_000530,M01,2025-06-28 22:00:00,Shift 3,OP03,640,502,469,33,54.53
PRD_000531,M01,2025-06-29 06:00:00,Shift 1,OP01,640,501,467,34,54.68
PRD_000532,M01,2025-06-29 14:00:00,Shift 2,OP02,640,503,465,38,54.82
PRD_000533,M01,2025-06-29 22:00:00,Shift 3,OP03,640,504,469,35,54.96
PRD_000534,M02,2025-01-01 06:00:00,Shift 1,OP04,640,630,622,8,45.32
PRD_000535,M02,2025-01-01 14:00:00,Shift 2,OP05,640,603,587,16,45.44
PRD_000536,M02,2025-01-01 22:00:00,Shift 3,OP06,640,602,592,10,45.56
PRD_000537,M02,2025-01-02 06:00:00,Shift 1,OP04,640,608,592,16,45.68
PRD_000538,M02,2025-01-02 14:00:00,Shift 2,OP05,640,617,600,17,45.8
PRD_000539,M02,2025-01-02 22:00:00,Shift 3,OP06,640,599,588,11,45.92
PRD_000540,M02,2025-01-03 06:00:00,Shift 1,OP04,640,601,593,8,46.03
PRD_000541,M02,2025-01-03 14:00:00,Shift 2,OP05,640,617,605,12,46.17
PRD_000542,M02,2025-01-03 22:00:00,Shift 3,OP06,640,613,603,10,46.28
PRD_000543,M02,2025-01-04 06:00:00,Shift 1,OP04,640,619,610,9,46.4
PRD_000544,M02,2025-01-04 14:00:00,Shift 2,OP05,640,610,595,15,46.52
PRD_000545,M02,2025-01-04 22:00:00,Shift 3,OP06,640,613,604,9,46.65
PRD_000546,M02,2025-01-05 06:00:00,Shift 1,OP04,640,613,603,10,46.77
PRD_000547,M02,2025-01-05 14:00:00,Shift 2,OP05,640,587,572,15,46.89
PRD_000548,M02,2025-01-05 22:00:00,Shift 3,OP06,640,591,576,15,46.99
PRD_000549,M02,2025-01-06 06:00:00,Shift 1,OP04,640,605,593,12,47.1
PRD_000550,M02,2025-01-06 14:00:00,Shift 2,OP05,640,605,587,18,47.21
PRD_000551,M02,2025-01-06 22:00:00,Shift 3,OP06,640,586,573,13,47.33
PRD_000552,M02,2025-01-07 06:00:00,Shift 1,OP04,640,606,586,20,47.46
PRD_000553,M02,2025-01-07 14:00:00,Shift 2,OP05,640,599,590,9,47.59
PRD_000554,M02,2025-01-07 22:00:00,Shift 3,OP06,640,596,585,11,47.71
PRD_000555,M02,2025-01-08 06:00:00,Shift 1,OP04,640,598,579,19,47.84
PRD_000556,M02,2025-01-08 14:00:00,Shift 2,OP05,640,598,587,11,47.96
PRD_000557,M02,2025-01-08 22:00:00,Shift 3,OP06,640,570,560,10,48.08
PRD_000558,M02,2025-01-09 06:00:00,Shift 1,OP04,640,584,564,20,48.21
PRD_000559,M02,2025-01-09 14:00:00,Shift 2,OP05,640,583,562,21,48.35
PRD_000560,M02,2025-01-09 22:00:00,Shift 3,OP06,640,584,566,18,48.48
PRD_000561,M02,2025-01-10 06:00:00,Shift 1,OP04,640,569,554,15,48.62
PRD_000562,M02,2025-01-10 14:00:00,Shift 2,OP05,640,568,548,20,48.75
PRD_000563,M02,2025-01-10 22:00:00,Shift 3,OP06,640,562,546,16,48.88
PRD_000564,M02,2025-01-11 06:00:00,Shift 1,OP04,640,570,556,14,49.0
PRD_000565,M02,2025-01-11 14:00:00,Shift 2,OP05,640,570,549,21,49.13
PRD_000566,M02,2025-01-11 22:00:00,Shift 3,OP06,640,581,563,18,49.24
PRD_000567,M02,2025-01-12 06:00:00,Shift 1,OP04,640,554,538,16,49.38
PRD_000568,M02,2025-01-12 14:00:00,Shift 2,OP05,640,579,566,13,49.52
PRD_000569,M02,2025-01-12 22:00:00,Shift 3,OP06,640,558,534,24,49.65
PRD_000570,M02,2025-01-13 06:00:00,Shift 1,OP04,640,561,539,22,49.78
PRD_000571,M02,2025-01-13 14:00:00,Shift 2,OP05,640,576,562,14,49.9
PRD_000572,M02,2025-01-13 22:00:00,Shift 3,OP06,640,550,526,24,50.03
PRD_000573,M02,2025-01-14 06:00:00,Shift 1,OP04,640,565,542,23,50.17
PRD_000574,M02,2025-01-14 14:00:00,Shift 2,OP05,640,548,530,18,50.32
PRD_000575,M02,2025-01-14 22:00:00,Shift 3,OP06,640,559,539,20,50.47
PRD_000576,M02,2025-01-15 06:00:00,Shift 1,OP04,640,541,517,24,50.61
PRD_000577,M02,2025-01-15 14:00:00,Shift 2,OP05,640,540,519,21,50.74
PRD_000578,M02,2025-01-15 22:00:00,Shift 3,OP06,640,563,543,20,50.88
PRD_000579,M02,2025-01-16 06:00:00,Shift 1,OP04,640,562,540,22,51.02
PRD_000580,M02,2025-01-16 14:00:00,Shift 2,OP05,640,543,523,20,51.16
PRD_000581,M02,2025-01-16 22:00:00,Shift 3,OP06,640,552,532,20,51.31
PRD_000582,M02,2025-01-17 06:00:00,Shift 1,OP04,640,547,523,24,51.46
PRD_000583,M02,2025-01-17 14:00:00,Shift 2,OP05,640,541,515,26,51.6
PRD_000584,M02,2025-01-17 22:00:00,Shift 3,OP06,640,543,515,28,51.74
PRD_000585,M02,2025-01-18 06:00:00,Shift 1,OP04,640,542,520,22,51.88
PRD_000586,M02,2025-01-18 14:00:00,Shift 2,OP05,640,549,525,24,52.03
PRD_000587,M02,2025-01-18 22:00:00,Shift 3,OP06,640,527,506,21,52.18
PRD_000588,M02,2025-01-19 06:00:00,Shift 1,OP04,640,548,519,29,52.31
PRD_000589,M02,2025-01-19 14:00:00,Shift 2,OP05,640,539,512,27,52.46
PRD_000590,M02,2025-01-19 22:00:00,Shift 3,OP06,640,543,511,32,52.61
PRD_000591,M02,2025-01-20 06:00:00,Shift 1,OP04,640,530,498,32,52.75
PRD_000592,M02,2025-01-20 14:00:00,Shift 2,OP05,640,543,519,24,52.91
PRD_000593,M02,2025-01-20 22:00:00,Shift 3,OP06,640,535,501,34,53.06
PRD_000594,M02,2025-01-21 06:00:00,Shift 1,OP04,640,524,494,30,53.22
PRD_000595,M02,2025-01-21 14:00:00,Shift 2,OP05,640,521,490,31,53.37
PRD_000596,M02,2025-01-21 22:00:00,Shift 3,OP06,640,515,489,26,53.53
PRD_000597,M02,2025-01-22 06:00:00,Shift 1,OP04,640,534,502,32,53.69
PRD_000598,M02,2025-01-22 14:00:00,Shift 2,OP05,640,530,501,29,53.84
PRD_000599,M02,2025-01-22 22:00:00,Shift 3,OP06,640,513,486,27,53.98
PRD_000600,M02,2025-01-23 06:00:00,Shift 1,OP04,640,505,478,27,54.13
PRD_000601,M02,2025-01-23 14:00:00,Shift 2,OP05,640,527,493,34,54.31
PRD_000602,M02,2025-01-23 22:00:00,Shift 3,OP06,640,502,470,32,54.47
PRD_000603,M02,2025-01-24 06:00:00,Shift 1,OP04,640,515,476,39,54.63
PRD_000604,M02,2025-01-24 14:00:00,Shift 2,OP05,640,517,481,36,54.79
PRD_000605,M02,2025-01-24 22:00:00,Shift 3,OP06,640,511,477,34,54.94
PRD_000606,M02,2025-01-25 06:00:00,Shift 1,OP04,640,500,461,39,55.11
PRD_000607,M02,2025-01-25 14:00:00,Shift 2,OP05,640,516,481,35,55.28
PRD_000608,M02,2025-01-25 22:00:00,Shift 3,OP06,640,514,471,43,55.48
PRD_000609,M02,2025-01-26 06:00:00,Shift 1,OP04,640,496,457,39,55.66
PRD_000610,M02,2025-01-26 14:00:00,Shift 2,OP05,640,494,455,39,55.84
PRD_000611,M02,2025-01-26 22:00:00,Shift 3,OP06,640,505,463,42,56.01
PRD_000612,M02,2025-01-27 06:00:00,Shift 1,OP04,640,495,451,44,56.18
PRD_000613,M02,2025-01-27 14:00:00,Shift 2,OP05,640,488,445,43,56.35
PRD_000614,M02,2025-01-27 22:00:00,Shift 3,OP06,640,489,445,44,56.52
PRD_000615,M02,2025-01-28 06:00:00,Shift 1,OP04,640,492,452,40,56.69
PRD_000616,M02,2025-01-28 14:00:00,Shift 2,OP05,640,488,443,45,56.88
PRD_000617,M02,2025-01-29 14:00:00,Shift 2,OP05,640,627,618,9,45.52
PRD_000618,M02,2025-01-29 22:00:00,Shift 3,OP06,640,605,598,7,45.63
PRD_000619,M02,2025-01-30 06:00:00,Shift 1,OP04,640,625,611,14,45.74
PRD_000620,M02,2025-01-30 14:00:00,Shift 2,OP05,640,619,604,15,45.85
PRD_000621,M02,2025-01-30 22:00:00,Shift 3,OP06,640,598,590,8,45.98
PRD_000622,M02,2025-01-31 06:00:00,Shift 1,OP04,640,599,592,7,46.09
PRD_000623,M02,2025-01-31 14:00:00,Shift 2,OP05,640,592,584,8,46.21
PRD_000624,M02,2025-01-31 22:00:00,Shift 3,OP06,640,617,600,17,46.33
PRD_000625,M02,2025-02-01 06:00:00,Shift 1,OP04,640,591,581,10,46.44
PRD_000626,M02,2025-02-01 14:00:00,Shift 2,OP05,640,600,591,9,46.57
PRD_000627,M02,2025-02-01 22:00:00,Shift 3,OP06,640,613,606,7,46.69
PRD_000628,M02,2025-02-02 06:00:00,Shift 1,OP04,640,596,585,11,46.83
PRD_000629,M02,2025-02-02 14:00:00,Shift 2,OP05,640,600,589,11,46.96
PRD_000630,M02,2025-02-02 22:00:00,Shift 3,OP06,640,583,571,12,47.08
PRD_000631,M02,2025-02-03 06:00:00,Shift 1,OP04,640,585,571,14,47.19
PRD_000632,M02,2025-02-03 14:00:00,Shift 2,OP05,640,595,581,14,47.31
PRD_000633,M02,2025-02-03 22:00:00,Shift 3,OP06,640,584,576,8,47.43
PRD_000634,M02,2025-02-04 06:00:00,Shift 1,OP04,640,583,570,13,47.55
PRD_000635,M02,2025-02-04 14:00:00,Shift 2,OP05,640,593,578,15,47.67
PRD_000636,M02,2025-02-04 22:00:00,Shift 3,OP06,640,586,568,18,47.79
PRD_000637,M02,2025-02-05 06:00:00,Shift 1,OP04,640,580,567,13,47.91
PRD_000638,M02,2025-02-05 14:00:00,Shift 2,OP05,640,581,571,10,48.03
PRD_000639,M02,2025-02-05 22:00:00,Shift 3,OP06,640,586,575,11,48.16
PRD_000640,M02,2025-02-06 06:00:00,Shift 1,OP04,640,586,572,14,48.28
PRD_000641,M02,2025-02-06 14:00:00,Shift 2,OP05,640,593,582,11,48.42
PRD_000642,M02,2025-02-06 22:00:00,Shift 3,OP06,640,587,568,19,48.55
PRD_000643,M02,2025-02-07 06:00:00,Shift 1,OP04,640,562,550,12,48.67
PRD_000644,M02,2025-02-07 14:00:00,Shift 2,OP05,640,563,545,18,48.79
PRD_000645,M02,2025-02-07 22:00:00,Shift 3,OP06,640,585,563,22,48.91
PRD_000646,M02,2025-02-08 06:00:00,Shift 1,OP04,640,563,552,11,49.03
PRD_000647,M02,2025-02-08 14:00:00,Shift 2,OP05,640,568,547,21,49.16
PRD_000648,M02,2025-02-08 22:00:00,Shift 3,OP06,640,559,547,12,49.28
PRD_000649,M02,2025-02-09 06:00:00,Shift 1,OP04,640,561,546,15,49.42
PRD_000650,M02,2025-02-09 14:00:00,Shift 2,OP05,640,567,547,20,49.55
PRD_000651,M02,2025-02-09 22:00:00,Shift 3,OP06,640,571,551,20,49.69
PRD_000652,M02,2025-02-10 06:00:00,Shift 1,OP04,640,567,547,20,49.82
PRD_000653,M02,2025-02-10 14:00:00,Shift 2,OP05,640,554,532,22,49.97
PRD_000654,M02,2025-02-10 22:00:00,Shift 3,OP06,640,560,538,22,50.12
PRD_000655,M02,2025-02-11 06:00:00,Shift 1,OP04,640,570,554,16,50.26
PRD_000656,M02,2025-02-11 14:00:00,Shift 2,OP05,640,560,534,26,50.39
PRD_000657,M02,2025-02-11 22:00:00,Shift 3,OP06,640,550,533,17,50.52
PRD_000658,M02,2025-02-12 06:00:00,Shift 1,OP04,640,566,549,17,50.64
PRD_000659,M02,2025-02-12 14:00:00,Shift 2,OP05,640,540,523,17,50.78
PRD_000660,M02,2025-02-12 22:00:00,Shift 3,OP06,640,544,524,20,50.92
PRD_000661,M02,2025-02-13 06:00:00,Shift 1,OP04,640,550,532,18,51.06
PRD_000662,M02,2025-02-13 14:00:00,Shift 2,OP05,640,561,542,19,51.18
PRD_000663,M02,2025-02-13 22:00:00,Shift 3,OP06,640,552,533,19,51.33
PRD_000664,M02,2025-02-14 06:00:00,Shift 1,OP04,640,539,516,23,51.49
PRD_000665,M02,2025-02-14 14:00:00,Shift 2,OP05,640,537,517,20,51.63
PRD_000666,M02,2025-02-14 22:00:00,Shift 3,OP06,640,537,511,26,51.77
PRD_000667,M02,2025-02-15 06:00:00,Shift 1,OP04,640,553,529,24,51.92
PRD_000668,M02,2025-02-15 14:00:00,Shift 2,OP05,640,525,503,22,52.07
PRD_000669,M02,2025-02-15 22:00:00,Shift 3,OP06,640,546,518,28,52.21
PRD_000670,M02,2025-02-16 06:00:00,Shift 1,OP04,640,531,501,30,52.35
PRD_000671,M02,2025-02-16 14:00:00,Shift 2,OP05,640,531,500,31,52.49
PRD_000672,M02,2025-02-16 22:00:00,Shift 3,OP06,640,528,502,26,52.64
PRD_000673,M02,2025-02-17 06:00:00,Shift 1,OP04,640,528,505,23,52.79
PRD_000674,M02,2025-02-17 14:00:00,Shift 2,OP05,640,526,500,26,52.96
PRD_000675,M02,2025-02-17 22:00:00,Shift 3,OP06,640,532,508,24,53.1
PRD_000676,M02,2025-02-18 06:00:00,Shift 1,OP04,640,518,487,31,53.25
PRD_000677,M02,2025-02-18 14:00:00,Shift 2,OP05,640,522,492,30,53.41
PRD_000678,M02,2025-02-18 22:00:00,Shift 3,OP06,640,532,499,33,53.55
PRD_000679,M02,2025-02-19 06:00:00,Shift 1,OP04,640,524,489,35,53.7
PRD_000680,M02,2025-02-19 14:00:00,Shift 2,OP05,640,515,488,27,53.83
PRD_000681,M02,2025-02-19 22:00:00,Shift 3,OP06,640,510,477,33,53.97
PRD_000682,M02,2025-02-20 06:00:00,Shift 1,OP04,640,514,481,33,54.14
PRD_000683,M02,2025-02-20 14:00:00,Shift 2,OP05,640,512,476,36,54.3
PRD_000684,M02,2025-02-20 22:00:00,Shift 3,OP06,640,507,477,30,54.45
PRD_000685,M02,2025-02-21 06:00:00,Shift 1,OP04,640,507,472,35,54.61
PRD_000686,M02,2025-02-21 14:00:00,Shift 2,OP05,640,509,479,30,54.76
PRD_000687,M02,2025-02-21 22:00:00,Shift 3,OP06,640,513,478,35,54.9
PRD_000688,M02,2025-02-22 06:00:00,Shift 1,OP04,640,507,467,40,55.06
PRD_000689,M02,2025-02-22 14:00:00,Shift 2,OP05,640,518,480,38,55.24
PRD_000690,M02,2025-02-22 22:00:00,Shift 3,OP06,640,516,473,43,55.4
PRD_000691,M02,2025-02-23 06:00:00,Shift 1,OP04,640,511,469,42,55.57
PRD_000692,M02,2025-02-23 14:00:00,Shift 2,OP05,640,500,457,43,55.76
PRD_000693,M02,2025-02-23 22:00:00,Shift 3,OP06,640,492,454,38,55.93
PRD_000694,M02,2025-02-24 06:00:00,Shift 1,OP04,640,503,468,35,56.08
PRD_000695,M02,2025-02-24 14:00:00,Shift 2,OP05,640,493,450,43,56.25
PRD_000696,M02,2025-02-24 22:00:00,Shift 3,OP06,640,507,464,43,56.43
PRD_000697,M02,2025-02-25 06:00:00,Shift 1,OP04,640,507,463,44,56.6
PRD_000698,M02,2025-02-25 14:00:00,Shift 2,OP05,640,483,446,37,56.77
PRD_000699,M02,2025-02-25 22:00:00,Shift 3,OP06,640,485,442,43,56.96
PRD_000700,M02,2025-02-26 22:00:00,Shift 3,OP06,640,595,583,12,45.98
PRD_000701,M02,2025-02-27 06:00:00,Shift 1,OP04,640,613,604,9,46.1
PRD_000702,M02,2025-02-27 14:00:00,Shift 2,OP05,640,594,582,12,46.22
PRD_000703,M02,2025-02-27 22:00:00,Shift 3,OP06,640,603,592,11,46.35
PRD_000704,M02,2025-02-28 06:00:00,Shift 1,OP04,640,598,584,14,46.47
PRD_000705,M02,2025-02-28 14:00:00,Shift 2,OP05,640,589,579,10,46.58
PRD_000706,M02,2025-02-28 22:00:00,Shift 3,OP06,640,598,591,7,46.7
PRD_000707,M02,2025-03-01 06:00:00,Shift 1,OP04,640,587,570,17,46.82
PRD_000708,M02,2025-03-01 14:00:00,Shift 2,OP05,640,599,590,9,46.96
PRD_000709,M02,2025-03-01 22:00:00,Shift 3,OP06,640,609,600,9,47.08
PRD_000710,M02,2025-03-02 06:00:00,Shift 1,OP04,640,584,570,14,47.19
PRD_000711,M02,2025-03-02 14:00:00,Shift 2,OP05,640,600,592,8,47.3
PRD_000712,M02,2025-03-02 22:00:00,Shift 3,OP06,640,590,578,12,47.42
PRD_000713,M02,2025-03-03 06:00:00,Shift 1,OP04,640,590,573,17,47.54
PRD_000714,M02,2025-03-03 14:00:00,Shift 2,OP05,640,590,576,14,47.67
PRD_000715,M02,2025-03-03 22:00:00,Shift 3,OP06,640,587,572,15,47.8
PRD_000716,M02,2025-03-04 06:00:00,Shift 1,OP04,640,585,575,10,47.94
PRD_000717,M02,2025-03-04 14:00:00,Shift 2,OP05,640,577,560,17,48.07
PRD_000718,M02,2025-03-04 22:00:00,Shift 3,OP06,640,587,567,20,48.19
PRD_000719,M02,2025-03-05 06:00:00,Shift 1,OP04,640,586,572,14,48.31
PRD_000720,M02,2025-03-05 14:00:00,Shift 2,OP05,640,579,567,12,48.44
PRD_000721,M02,2025-03-05 22:00:00,Shift 3,OP06,640,570,558,12,48.58
PRD_000722,M02,2025-03-06 06:00:00,Shift 1,OP04,640,590,575,15,48.71
PRD_000723,M02,2025-03-06 14:00:00,Shift 2,OP05,640,560,540,20,48.84
PRD_000724,M02,2025-03-06 22:00:00,Shift 3,OP06,640,587,565,22,48.98
PRD_000725,M02,2025-03-07 06:00:00,Shift 1,OP04,640,563,541,22,49.12
PRD_000726,M02,2025-03-07 14:00:00,Shift 2,OP05,640,575,559,16,49.24
PRD_000727,M02,2025-03-07 22:00:00,Shift 3,OP06,640,558,541,17,49.38
PRD_000728,M02,2025-03-08 06:00:00,Shift 1,OP04,640,553,540,13,49.5
PRD_000729,M02,2025-03-08 14:00:00,Shift 2,OP05,640,577,559,18,49.62
PRD_000730,M02,2025-03-08 22:00:00,Shift 3,OP06,640,555,538,17,49.76
PRD_000731,M02,2025-03-09 06:00:00,Shift 1,OP04,640,557,538,19,49.9
PRD_000732,M02,2025-03-09 14:00:00,Shift 2,OP05,640,550,534,16,50.05
PRD_000733,M02,2025-03-09 22:00:00,Shift 3,OP06,640,547,531,16,50.17
PRD_000734,M02,2025-03-10 06:00:00,Shift 1,OP04,640,545,527,18,50.32
PRD_000735,M02,2025-03-10 14:00:00,Shift 2,OP05,640,548,529,19,50.45
PRD_000736,M02,2025-03-10 22:00:00,Shift 3,OP06,640,553,536,17,50.61
PRD_000737,M02,2025-03-11 06:00:00,Shift 1,OP04,640,562,535,27,50.74
PRD_000738,M02,2025-03-11 14:00:00,Shift 2,OP05,640,539,520,19,50.88
PRD_000739,M02,2025-03-11 22:00:00,Shift 3,OP06,640,556,539,17,51.02
PRD_000740,M02,2025-03-12 06:00:00,Shift 1,OP04,640,538,518,20,51.16
PRD_000741,M02,2025-03-12 14:00:00,Shift 2,OP05,640,546,523,23,51.29
PRD_000742,M02,2025-03-12 22:00:00,Shift 3,OP06,640,557,538,19,51.43
PRD_000743,M02,2025-03-13 06:00:00,Shift 1,OP04,640,557,537,20,51.58
PRD_000744,M02,2025-03-13 14:00:00,Shift 2,OP05,640,534,514,20,51.73
PRD_000745,M02,2025-03-13 22:00:00,Shift 3,OP06,640,531,505,26,51.87
PRD_000746,M02,2025-03-14 06:00:00,Shift 1,OP04,640,545,523,22,52.02
PRD_000747,M02,2025-03-14 14:00:00,Shift 2,OP05,640,528,505,23,52.17
PRD_000748,M02,2025-03-14 22:00:00,Shift 3,OP06,640,530,504,26,52.32
PRD_000749,M02,2025-03-15 06:00:00,Shift 1,OP04,640,545,520,25,52.46
PRD_000750,M02,2025-03-15 14:00:00,Shift 2,OP05,640,538,515,23,52.61
PRD_000751,M02,2025-03-15 22:00:00,Shift 3,OP06,640,532,509,23,52.76
PRD_000752,M02,2025-03-16 06:00:00,Shift 1,OP04,640,533,505,28,52.92
PRD_000753,M02,2025-03-16 14:00:00,Shift 2,OP05,640,519,487,32,53.08
PRD_000754,M02,2025-03-16 22:00:00,Shift 3,OP06,640,523,496,27,53.23
PRD_000755,M02,2025-03-17 06:00:00,Shift 1,OP04,640,525,495,30,53.38
PRD_000756,M02,2025-03-17 14:00:00,Shift 2,OP05,640,527,497,30,53.55
PRD_000757,M02,2025-03-17 22:00:00,Shift 3,OP06,640,523,496,27,53.7
PRD_000758,M02,2025-03-18 06:00:00,Shift 1,OP04,640,510,484,26,53.86
PRD_000759,M02,2025-03-18 14:00:00,Shift 2,OP05,640,507,473,34,54.03
PRD_000760,M02,2025-03-18 22:00:00,Shift 3,OP06,640,528,490,38,54.19
PRD_000761,M02,2025-03-19 06:00:00,Shift 1,OP04,640,511,474,37,54.36
PRD_000762,M02,2025-03-19 14:00:00,Shift 2,OP05,640,515,476,39,54.52
PRD_000763,M02,2025-03-19 22:00:00,Shift 3,OP06,640,502,467,35,54.68
PRD_000764,M02,2025-03-20 06:00:00,Shift 1,OP04,640,510,475,35,54.83
PRD_000765,M02,2025-03-20 14:00:00,Shift 2,OP05,640,512,473,39,55.0
PRD_000766,M02,2025-03-20 22:00:00,Shift 3,OP06,640,500,460,40,55.17
PRD_000767,M02,2025-03-21 06:00:00,Shift 1,OP04,640,504,463,41,55.33
PRD_000768,M02,2025-03-21 14:00:00,Shift 2,OP05,640,493,457,36,55.5
PRD_000769,M02,2025-03-21 22:00:00,Shift 3,OP06,640,506,464,42,55.66
PRD_000770,M02,2025-03-22 06:00:00,Shift 1,OP04,640,508,467,41,55.85
PRD_000771,M02,2025-03-22 14:00:00,Shift 2,OP05,640,495,461,34,56.02
PRD_000772,M02,2025-03-22 22:00:00,Shift 3,OP06,640,499,464,35,56.2
PRD_000773,M02,2025-03-23 06:00:00,Shift 1,OP04,640,503,462,41,56.37
PRD_000774,M02,2025-03-23 14:00:00,Shift 2,OP05,640,508,469,39,56.54
PRD_000775,M02,2025-03-23 22:00:00,Shift 3,OP06,640,486,444,42,56.7
PRD_000776,M02,2025-03-24 06:00:00,Shift 1,OP04,640,493,454,39,56.87
PRD_000777,M02,2025-03-24 14:00:00,Shift 2,OP05,640,498,459,39,57.06
PRD_000778,M02,2025-03-24 22:00:00,Shift 3,OP06,640,502,454,48,57.23
PRD_000779,M02,2025-03-25 06:00:00,Shift 1,OP04,640,498,454,44,57.4
PRD_000780,M02,2025-03-26 06:00:00,Shift 1,OP04,640,623,606,17,45.54
PRD_000781,M02,2025-03-26 14:00:00,Shift 2,OP05,640,624,611,13,45.64
PRD_000782,M02,2025-03-26 22:00:00,Shift 3,OP06,640,620,607,13,45.77
PRD_000783,M02,2025-03-27 06:00:00,Shift 1,OP04,640,606,597,9,45.89
PRD_000784,M02,2025-03-27 14:00:00,Shift 2,OP05,640,611,602,9,45.99
PRD_000785,M02,2025-03-27 22:00:00,Shift 3,OP06,640,613,603,10,46.11
PRD_000786,M02,2025-03-28 06:00:00,Shift 1,OP04,640,619,605,14,46.23
PRD_000787,M02,2025-03-28 14:00:00,Shift 2,OP05,640,616,601,15,46.34
PRD_000788,M02,2025-03-28 22:00:00,Shift 3,OP06,640,602,589,13,46.46
PRD_000789,M02,2025-03-29 06:00:00,Shift 1,OP04,640,605,596,9,46.59
PRD_000790,M02,2025-03-29 14:00:00,Shift 2,OP05,640,611,594,17,46.7
PRD_000791,M02,2025-03-29 22:00:00,Shift 3,OP06,640,600,590,10,46.82
PRD_000792,M02,2025-03-30 06:00:00,Shift 1,OP04,640,607,598,9,46.94
PRD_000793,M02,2025-03-30 14:00:00,Shift 2,OP05,640,603,593,10,47.06
PRD_000794,M02,2025-03-30 22:00:00,Shift 3,OP06,640,590,571,19,47.18
PRD_000795,M02,2025-03-31 06:00:00,Shift 1,OP04,640,606,589,17,47.3
PRD_000796,M02,2025-03-31 14:00:00,Shift 2,OP05,640,578,567,11,47.43
PRD_000797,M02,2025-03-31 22:00:00,Shift 3,OP06,640,592,584,8,47.55
PRD_000798,M02,2025-04-01 06:00:00,Shift 1,OP04,640,601,586,15,47.67
PRD_000799,M02,2025-04-01 14:00:00,Shift 2,OP05,640,582,567,15,47.78
PRD_000800,M02,2025-04-01 22:00:00,Shift 3,OP06,640,593,573,20,47.91
PRD_000801,M02,2025-04-02 06:00:00,Shift 1,OP04,640,588,570,18,48.04
PRD_000802,M02,2025-04-02 14:00:00,Shift 2,OP05,640,572,553,19,48.17
PRD_000803,M02,2025-04-02 22:00:00,Shift 3,OP06,640,588,569,19,48.28
PRD_000804,M02,2025-04-03 06:00:00,Shift 1,OP04,640,591,570,21,48.41
PRD_000805,M02,2025-04-03 14:00:00,Shift 2,OP05,640,575,556,19,48.54
PRD_000806,M02,2025-04-03 22:00:00,Shift 3,OP06,640,567,548,19,48.67
PRD_000807,M02,2025-04-04 06:00:00,Shift 1,OP04,640,588,567,21,48.79
PRD_000808,M02,2025-04-04 14:00:00,Shift 2,OP05,640,563,550,13,48.92
PRD_000809,M02,2025-04-04 22:00:00,Shift 3,OP06,640,572,554,18,49.05
PRD_000810,M02,2025-04-05 06:00:00,Shift 1,OP04,640,572,552,20,49.19
PRD_000811,M02,2025-04-05 14:00:00,Shift 2,OP05,640,573,556,17,49.32
PRD_000812,M02,2025-04-05 22:00:00,Shift 3,OP06,640,578,560,18,49.47
PRD_000813,M02,2025-04-06 06:00:00,Shift 1,OP04,640,569,555,14,49.59
PRD_000814,M02,2025-04-06 14:00:00,Shift 2,OP05,640,552,534,18,49.72
PRD_000815,M02,2025-04-06 22:00:00,Shift 3,OP06,640,552,538,14,49.85
PRD_000816,M02,2025-04-07 06:00:00,Shift 1,OP04,640,568,552,16,50.0
PRD_000817,M02,2025-04-07 14:00:00,Shift 2,OP05,640,564,541,23,50.15
PRD_000818,M02,2025-04-07 22:00:00,Shift 3,OP06,640,560,534,26,50.28
PRD_000819,M02,2025-04-08 06:00:00,Shift 1,OP04,640,564,543,21,50.43
PRD_000820,M02,2025-04-08 14:00:00,Shift 2,OP05,640,541,521,20,50.58
PRD_000821,M02,2025-04-08 22:00:00,Shift 3,OP06,640,567,540,27,50.73
PRD_000822,M02,2025-04-09 06:00:00,Shift 1,OP04,640,551,526,25,50.86
PRD_000823,M02,2025-04-09 14:00:00,Shift 2,OP05,640,551,532,19,51.0
PRD_000824,M02,2025-04-09 22:00:00,Shift 3,OP06,640,545,520,25,51.15
PRD_000825,M02,2025-04-10 06:00:00,Shift 1,OP04,640,543,519,24,51.28
PRD_000826,M02,2025-04-10 14:00:00,Shift 2,OP05,640,558,539,19,51.43
PRD_000827,M02,2025-04-10 22:00:00,Shift 3,OP06,640,534,508,26,51.59
PRD_000828,M02,2025-04-11 06:00:00,Shift 1,OP04,640,541,513,28,51.73
PRD_000829,M02,2025-04-11 14:00:00,Shift 2,OP05,640,544,519,25,51.89
PRD_000830,M02,2025-04-11 22:00:00,Shift 3,OP06,640,552,525,27,52.04
PRD_000831,M02,2025-04-12 06:00:00,Shift 1,OP04,640,551,523,28,52.18
PRD_000832,M02,2025-04-12 14:00:00,Shift 2,OP05,640,542,520,22,52.34
PRD_000833,M02,2025-04-12 22:00:00,Shift 3,OP06,640,524,502,22,52.5
PRD_000834,M02,2025-04-13 06:00:00,Shift 1,OP04,640,539,506,33,52.64
PRD_000835,M02,2025-04-13 14:00:00,Shift 2,OP05,640,540,512,28,52.81
PRD_000836,M02,2025-04-13 22:00:00,Shift 3,OP06,640,518,485,33,52.96
PRD_000837,M02,2025-04-14 06:00:00,Shift 1,OP04,640,526,502,24,53.12
PRD_000838,M02,2025-04-14 14:00:00,Shift 2,OP05,640,525,492,33,53.28
PRD_000839,M02,2025-04-14 22:00:00,Shift 3,OP06,640,513,486,27,53.44
PRD_000840,M02,2025-04-15 06:00:00,Shift 1,OP04,640,519,489,30,53.6
PRD_000841,M02,2025-04-15 14:00:00,Shift 2,OP05,640,528,492,36,53.75
PRD_000842,M02,2025-04-15 22:00:00,Shift 3,OP06,640,522,486,36,53.9
PRD_000843,M02,2025-04-16 06:00:00,Shift 1,OP04,640,508,473,35,54.05
PRD_000844,M02,2025-04-16 14:00:00,Shift 2,OP05,640,523,494,29,54.22
PRD_000845,M02,2025-04-16 22:00:00,Shift 3,OP06,640,523,486,37,54.37
PRD_000846,M02,2025-04-17 06:00:00,Shift 1,OP04,640,502,473,29,54.53
PRD_000847,M02,2025-04-17 14:00:00,Shift 2,OP05,640,510,476,34,54.7
PRD_000848,M02,2025-04-17 22:00:00,Shift 3,OP06,640,524,486,38,54.85
PRD_000849,M02,2025-04-18 06:00:00,Shift 1,OP04,640,519,480,39,55.03
PRD_000850,M02,2025-04-18 14:00:00,Shift 2,OP05,640,501,462,39,55.2
PRD_000851,M02,2025-04-18 22:00:00,Shift 3,OP06,640,505,472,33,55.37
PRD_000852,M02,2025-04-19 06:00:00,Shift 1,OP04,640,507,467,40,55.56
PRD_000853,M02,2025-04-19 14:00:00,Shift 2,OP05,640,494,457,37,55.73
PRD_000854,M02,2025-04-19 22:00:00,Shift 3,OP06,640,502,464,38,55.91
PRD_000855,M02,2025-04-20 06:00:00,Shift 1,OP04,640,503,465,38,56.09
PRD_000856,M02,2025-04-20 14:00:00,Shift 2,OP05,640,488,446,42,56.26
PRD_000857,M02,2025-04-20 22:00:00,Shift 3,OP06,640,486,444,42,56.42
PRD_000858,M02,2025-04-21 06:00:00,Shift 1,OP04,640,503,464,39,56.58
PRD_000859,M02,2025-04-21 14:00:00,Shift 2,OP05,640,491,452,39,56.74
PRD_000860,M02,2025-04-21 22:00:00,Shift 3,OP06,640,486,440,46,56.93
PRD_000861,M02,2025-04-22 06:00:00,Shift 1,OP04,640,488,441,47,57.12
PRD_000862,M02,2025-04-22 14:00:00,Shift 2,OP05,640,491,446,45,57.31
PRD_000863,M02,2025-04-22 22:00:00,Shift 3,OP06,640,494,450,44,57.48
PRD_000864,M02,2025-04-23 14:00:00,Shift 2,OP05,640,618,611,7,45.44
PRD_000865,M02,2025-04-23 22:00:00,Shift 3,OP06,640,630,615,15,45.56
PRD_000866,M02,2025-04-24 06:00:00,Shift 1,OP04,640,626,616,10,45.68
PRD_000867,M02,2025-04-24 14:00:00,Shift 2,OP05,640,621,609,12,45.8
PRD_000868,M02,2025-04-24 22:00:00,Shift 3,OP06,640,624,615,9,45.92
PRD_000869,M02,2025-04-25 06:00:00,Shift 1,OP04,640,595,581,14,46.04
PRD_000870,M02,2025-04-25 14:00:00,Shift 2,OP05,640,599,583,16,46.16
PRD_000871,M02,2025-04-25 22:00:00,Shift 3,OP06,640,614,603,11,46.28
PRD_000872,M02,2025-04-26 06:00:00,Shift 1,OP04,640,619,602,17,46.4
PRD_000873,M02,2025-04-26 14:00:00,Shift 2,OP05,640,589,571,18,46.51
PRD_000874,M02,2025-04-26 22:00:00,Shift 3,OP06,640,597,583,14,46.62
PRD_000875,M02,2025-04-27 06:00:00,Shift 1,OP04,640,602,594,8,46.74
PRD_000876,M02,2025-04-27 14:00:00,Shift 2,OP05,640,603,587,16,46.86
PRD_000877,M02,2025-04-27 22:00:00,Shift 3,OP06,640,588,577,11,46.97
PRD_000878,M02,2025-04-28 06:00:00,Shift 1,OP04,640,583,574,9,47.1
PRD_000879,M02,2025-04-28 14:00:00,Shift 2,OP05,640,586,571,15,47.22
PRD_000880,M02,2025-04-28 22:00:00,Shift 3,OP06,640,587,577,10,47.34
PRD_000881,M02,2025-04-29 06:00:00,Shift 1,OP04,640,599,581,18,47.47
PRD_000882,M02,2025-04-29 14:00:00,Shift 2,OP05,640,576,563,13,47.59
PRD_000883,M02,2025-04-29 22:00:00,Shift 3,OP06,640,575,565,10,47.72
PRD_000884,M02,2025-04-30 06:00:00,Shift 1,OP04,640,573,564,9,47.85
PRD_000885,M02,2025-04-30 14:00:00,Shift 2,OP05,640,578,564,14,47.98
PRD_000886,M02,2025-04-30 22:00:00,Shift 3,OP06,640,587,573,14,48.1
PRD_000887,M02,2025-05-01 06:00:00,Shift 1,OP04,640,597,586,11,48.23
PRD_000888,M02,2025-05-01 14:00:00,Shift 2,OP05,640,585,569,16,48.36
PRD_000889,M02,2025-05-01 22:00:00,Shift 3,OP06,640,582,569,13,48.49
PRD_000890,M02,2025-05-02 06:00:00,Shift 1,OP04,640,590,571,19,48.6
PRD_000891,M02,2025-05-02 14:00:00,Shift 2,OP05,640,576,561,15,48.72
PRD_000892,M02,2025-05-02 22:00:00,Shift 3,OP06,640,587,568,19,48.85
PRD_000893,M02,2025-05-03 06:00:00,Shift 1,OP04,640,576,556,20,49.0
PRD_000894,M02,2025-05-03 14:00:00,Shift 2,OP05,640,584,566,18,49.14
PRD_000895,M02,2025-05-03 22:00:00,Shift 3,OP06,640,572,558,14,49.27
PRD_000896,M02,2025-05-04 06:00:00,Shift 1,OP04,640,558,539,19,49.4
PRD_000897,M02,2025-05-04 14:00:00,Shift 2,OP05,640,566,549,17,49.53
PRD_000898,M02,2025-05-04 22:00:00,Shift 3,OP06,640,573,549,24,49.68
PRD_000899,M02,2025-05-05 06:00:00,Shift 1,OP04,640,563,540,23,49.81
PRD_000900,M02,2025-05-05 14:00:00,Shift 2,OP05,640,555,539,16,49.93
PRD_000901,M02,2025-05-05 22:00:00,Shift 3,OP06,640,568,544,24,50.06
PRD_000902,M02,2025-05-06 06:00:00,Shift 1,OP04,640,557,542,15,50.21
PRD_000903,M02,2025-05-06 14:00:00,Shift 2,OP05,640,552,528,24,50.37
PRD_000904,M02,2025-05-06 22:00:00,Shift 3,OP06,640,562,542,20,50.51
PRD_000905,M02,2025-05-07 06:00:00,Shift 1,OP04,640,543,518,25,50.66
PRD_000906,M02,2025-05-07 14:00:00,Shift 2,OP05,640,550,525,25,50.79
PRD_000907,M02,2025-05-07 22:00:00,Shift 3,OP06,640,546,524,22,50.92
PRD_000908,M02,2025-05-08 06:00:00,Shift 1,OP04,640,559,531,28,51.07
PRD_000909,M02,2025-05-08 14:00:00,Shift 2,OP05,640,538,511,27,51.21
PRD_000910,M02,2025-05-08 22:00:00,Shift 3,OP06,640,547,528,19,51.34
PRD_000911,M02,2025-05-09 06:00:00,Shift 1,OP04,640,536,513,23,51.49
PRD_000912,M02,2025-05-09 14:00:00,Shift 2,OP05,640,552,527,25,51.65
PRD_000913,M02,2025-05-09 22:00:00,Shift 3,OP06,640,551,527,24,51.79
PRD_000914,M02,2025-05-10 06:00:00,Shift 1,OP04,640,533,511,22,51.94
PRD_000915,M02,2025-05-10 14:00:00,Shift 2,OP05,640,535,508,27,52.1
PRD_000916,M02,2025-05-10 22:00:00,Shift 3,OP06,640,534,512,22,52.25
PRD_000917,M02,2025-05-11 06:00:00,Shift 1,OP04,640,539,512,27,52.39
PRD_000918,M02,2025-05-11 14:00:00,Shift 2,OP05,640,531,499,32,52.54
PRD_000919,M02,2025-05-11 22:00:00,Shift 3,OP06,640,533,505,28,52.69
PRD_000920,M02,2025-05-12 06:00:00,Shift 1,OP04,640,534,506,28,52.85
PRD_000921,M02,2025-05-12 14:00:00,Shift 2,OP05,640,533,502,31,53.01
PRD_000922,M02,2025-05-12 22:00:00,Shift 3,OP06,640,527,494,33,53.18
PRD_000923,M02,2025-05-13 06:00:00,Shift 1,OP04,640,537,505,32,53.34
PRD_000924,M02,2025-05-13 14:00:00,Shift 2,OP05,640,526,493,33,53.51
PRD_000925,M02,2025-05-13 22:00:00,Shift 3,OP06,640,527,492,35,53.65
PRD_000926,M02,2025-05-14 06:00:00,Shift 1,OP04,640,517,486,31,53.83
PRD_000927,M02,2025-05-14 14:00:00,Shift 2,OP05,640,524,497,27,53.98
PRD_000928,M02,2025-05-14 22:00:00,Shift 3,OP06,640,523,495,28,54.15
PRD_000929,M02,2025-05-15 06:00:00,Shift 1,OP04,640,506,475,31,54.32
PRD_000930,M02,2025-05-15 14:00:00,Shift 2,OP05,640,513,483,30,54.5
PRD_000931,M02,2025-05-15 22:00:00,Shift 3,OP06,640,516,477,39,54.67
PRD_000932,M02,2025-05-16 06:00:00,Shift 1,OP04,640,508,478,30,54.84
PRD_000933,M02,2025-05-16 14:00:00,Shift 2,OP05,640,512,480,32,54.99
PRD_000934,M02,2025-05-16 22:00:00,Shift 3,OP06,640,496,457,39,55.15
PRD_000935,M02,2025-05-17 06:00:00,Shift 1,OP04,640,518,482,36,55.31
PRD_000936,M02,2025-05-17 14:00:00,Shift 2,OP05,640,509,470,39,55.48
PRD_000937,M02,2025-05-17 22:00:00,Shift 3,OP06,640,501,463,38,55.65
PRD_000938,M02,2025-05-18 06:00:00,Shift 1,OP04,640,502,464,38,55.82
PRD_000939,M02,2025-05-18 14:00:00,Shift 2,OP05,640,505,468,37,55.98
PRD_000940,M02,2025-05-18 22:00:00,Shift 3,OP06,640,501,460,41,56.15
PRD_000941,M02,2025-05-19 06:00:00,Shift 1,OP04,640,500,462,38,56.31
PRD_000942,M02,2025-05-19 14:00:00,Shift 2,OP05,640,498,452,46,56.47
PRD_000943,M02,2025-05-19 22:00:00,Shift 3,OP06,640,486,448,38,56.66
PRD_000944,M02,2025-05-20 06:00:00,Shift 1,OP04,640,485,448,37,56.84
PRD_000945,M02,2025-05-20 14:00:00,Shift 2,OP05,640,484,439,45,57.02
PRD_000946,M02,2025-05-21 14:00:00,Shift 2,OP05,640,620,604,16,45.82
PRD_000947,M02,2025-05-21 22:00:00,Shift 3,OP06,640,625,609,16,45.93
PRD_000948,M02,2025-05-22 06:00:00,Shift 1,OP04,640,610,598,12,46.04
PRD_000949,M02,2025-05-22 14:00:00,Shift 2,OP05,640,598,591,7,46.16
PRD_000950,M02,2025-05-22 22:00:00,Shift 3,OP06,640,614,608,6,46.27
PRD_000951,M02,2025-05-23 06:00:00,Shift 1,OP04,640,613,595,18,46.39
PRD_000952,M02,2025-05-23 14:00:00,Shift 2,OP05,640,590,575,15,46.51
PRD_000953,M02,2025-05-23 22:00:00,Shift 3,OP06,640,595,582,13,46.63
PRD_000954,M02,2025-05-24 06:00:00,Shift 1,OP04,640,594,578,16,46.76
PRD_000955,M02,2025-05-24 14:00:00,Shift 2,OP05,640,598,582,16,46.88
PRD_000956,M02,2025-05-24 22:00:00,Shift 3,OP06,640,584,574,10,47.0
PRD_000957,M02,2025-05-25 06:00:00,Shift 1,OP04,640,587,572,15,47.13
PRD_000958,M02,2025-05-25 14:00:00,Shift 2,OP05,640,585,578,7,47.25
PRD_000959,M02,2025-05-25 22:00:00,Shift 3,OP06,640,603,591,12,47.37
PRD_000960,M02,2025-05-26 06:00:00,Shift 1,OP04,640,583,564,19,47.5
PRD_000961,M02,2025-05-26 14:00:00,Shift 2,OP05,640,604,584,20,47.62
PRD_000962,M02,2025-05-26 22:00:00,Shift 3,OP06,640,576,566,10,47.75
PRD_000963,M02,2025-05-27 06:00:00,Shift 1,OP04,640,598,588,10,47.88
PRD_000964,M02,2025-05-27 14:00:00,Shift 2,OP05,640,597,577,20,48.01
PRD_000965,M02,2025-05-27 22:00:00,Shift 3,OP06,640,596,580,16,48.13
PRD_000966,M02,2025-05-28 06:00:00,Shift 1,OP04,640,574,563,11,48.27
PRD_000967,M02,2025-05-28 14:00:00,Shift 2,OP05,640,592,578,14,48.39
PRD_000968,M02,2025-05-28 22:00:00,Shift 3,OP06,640,574,556,18,48.51
PRD_000969,M02,2025-05-29 06:00:00,Shift 1,OP04,640,591,573,18,48.64
PRD_000970,M02,2025-05-29 14:00:00,Shift 2,OP05,640,561,544,17,48.78
PRD_000971,M02,2025-05-29 22:00:00,Shift 3,OP06,640,583,572,11,48.91
PRD_000972,M02,2025-05-30 06:00:00,Shift 1,OP04,640,572,553,19,49.04
PRD_000973,M02,2025-05-30 14:00:00,Shift 2,OP05,640,574,560,14,49.18
PRD_000974,M02,2025-05-30 22:00:00,Shift 3,OP06,640,582,562,20,49.29
PRD_000975,M02,2025-05-31 06:00:00,Shift 1,OP04,640,568,548,20,49.43
PRD_000976,M02,2025-05-31 14:00:00,Shift 2,OP05,640,567,548,19,49.57
PRD_000977,M02,2025-05-31 22:00:00,Shift 3,OP06,640,577,563,14,49.7
PRD_000978,M02,2025-06-01 06:00:00,Shift 1,OP04,640,558,536,22,49.85
PRD_000979,M02,2025-06-01 14:00:00,Shift 2,OP05,640,558,541,17,49.99
PRD_000980,M02,2025-06-01 22:00:00,Shift 3,OP06,640,552,537,15,50.12
PRD_000981,M02,2025-06-02 06:00:00,Shift 1,OP04,640,569,545,24,50.26
PRD_000982,M02,2025-06-02 14:00:00,Shift 2,OP05,640,554,530,24,50.39
PRD_000983,M02,2025-06-02 22:00:00,Shift 3,OP06,640,542,518,24,50.53
PRD_000984,M02,2025-06-03 06:00:00,Shift 1,OP04,640,546,530,16,50.68
PRD_000985,M02,2025-06-03 14:00:00,Shift 2,OP05,640,553,530,23,50.82
PRD_000986,M02,2025-06-03 22:00:00,Shift 3,OP06,640,536,512,24,50.98
PRD_000987,M02,2025-06-04 06:00:00,Shift 1,OP04,640,560,540,20,51.11
PRD_000988,M02,2025-06-04 14:00:00,Shift 2,OP05,640,561,538,23,51.25
PRD_000989,M02,2025-06-04 22:00:00,Shift 3,OP06,640,539,512,27,51.4
PRD_000990,M02,2025-06-05 06:00:00,Shift 1,OP04,640,540,519,21,51.55
PRD_000991,M02,2025-06-05 14:00:00,Shift 2,OP05,640,532,508,24,51.69
PRD_000992,M02,2025-06-05 22:00:00,Shift 3,OP06,640,535,512,23,51.85
PRD_000993,M02,2025-06-06 06:00:00,Shift 1,OP04,640,552,531,21,51.99
PRD_000994,M02,2025-06-06 14:00:00,Shift 2,OP05,640,526,502,24,52.13
PRD_000995,M02,2025-06-06 22:00:00,Shift 3,OP06,640,550,525,25,52.27
PRD_000996,M02,2025-06-07 06:00:00,Shift 1,OP04,640,534,508,26,52.42
PRD_000997,M02,2025-06-07 14:00:00,Shift 2,OP05,640,524,501,23,52.57
PRD_000998,M02,2025-06-07 22:00:00,Shift 3,OP06,640,520,490,30,52.71
PRD_000999,M02,2025-06-08 06:00:00,Shift 1,OP04,640,527,497,30,52.86
PRD_001000,M02,2025-06-08 14:00:00,Shift 2,OP05,640,535,503,32,53.02
PRD_001001,M02,2025-06-08 22:00:00,Shift 3,OP06,640,516,485,31,53.17
PRD_001002,M02,2025-06-09 06:00:00,Shift 1,OP04,640,520,488,32,53.34
PRD_001003,M02,2025-06-09 14:00:00,Shift 2,OP05,640,525,491,34,53.5
PRD_001004,M02,2025-06-09 22:00:00,Shift 3,OP06,640,526,500,26,53.64
PRD_001005,M02,2025-06-10 06:00:00,Shift 1,OP04,640,527,497,30,53.8
PRD_001006,M02,2025-06-10 14:00:00,Shift 2,OP05,640,524,494,30,53.96
PRD_001007,M02,2025-06-10 22:00:00,Shift 3,OP06,640,524,491,33,54.13
PRD_001008,M02,2025-06-11 06:00:00,Shift 1,OP04,640,520,482,38,54.28
PRD_001009,M02,2025-06-11 14:00:00,Shift 2,OP05,640,528,498,30,54.46
PRD_001010,M02,2025-06-11 22:00:00,Shift 3,OP06,640,524,489,35,54.63
PRD_001011,M02,2025-06-12 06:00:00,Shift 1,OP04,640,511,476,35,54.8
PRD_001012,M02,2025-06-12 14:00:00,Shift 2,OP05,640,518,479,39,54.97
PRD_001013,M02,2025-06-12 22:00:00,Shift 3,OP06,640,517,483,34,55.14
PRD_001014,M02,2025-06-13 06:00:00,Shift 1,OP04,640,502,462,40,55.3
PRD_001015,M02,2025-06-13 14:00:00,Shift 2,OP05,640,501,461,40,55.46
PRD_001016,M02,2025-06-13 22:00:00,Shift 3,OP06,640,498,457,41,55.66
PRD_001017,M02,2025-06-14 06:00:00,Shift 1,OP04,640,492,454,38,55.85
PRD_001018,M02,2025-06-14 14:00:00,Shift 2,OP05,640,504,462,42,56.02
PRD_001019,M02,2025-06-14 22:00:00,Shift 3,OP06,640,493,451,42,56.21
PRD_001020,M02,2025-06-15 06:00:00,Shift 1,OP04,640,507,466,41,56.36
PRD_001021,M02,2025-06-15 14:00:00,Shift 2,OP05,640,484,445,39,56.56
PRD_001022,M02,2025-06-15 22:00:00,Shift 3,OP06,640,493,456,37,56.72
PRD_001023,M02,2025-06-16 06:00:00,Shift 1,OP04,640,487,447,40,56.89
PRD_001024,M02,2025-06-16 14:00:00,Shift 2,OP05,640,487,440,47,57.08
PRD_001025,M02,2025-06-16 22:00:00,Shift 3,OP06,640,500,452,48,57.24
PRD_001026,M02,2025-06-17 06:00:00,Shift 1,OP04,640,491,446,45,57.42
PRD_001027,M02,2025-06-17 14:00:00,Shift 2,OP05,640,497,451,46,57.59
PRD_001028,M02,2025-06-17 22:00:00,Shift 3,OP06,640,484,438,46,57.77
PRD_001029,M02,2025-06-18 14:00:00,Shift 2,OP05,640,607,594,13,45.59
PRD_001030,M02,2025-06-18 22:00:00,Shift 3,OP06,640,603,593,10,45.7
PRD_001031,M02,2025-06-19 06:00:00,Shift 1,OP04,640,602,592,10,45.81
PRD_001032,M02,2025-06-19 14:00:00,Shift 2,OP05,640,614,602,12,45.92
PRD_001033,M02,2025-06-19 22:00:00,Shift 3,OP06,640,620,605,15,46.05
PRD_001034,M02,2025-06-20 06:00:00,Shift 1,OP04,640,623,613,10,46.16
PRD_001035,M02,2025-06-20 14:00:00,Shift 2,OP05,640,621,604,17,46.28
PRD_001036,M02,2025-06-20 22:00:00,Shift 3,OP06,640,596,579,17,46.38
PRD_001037,M02,2025-06-21 06:00:00,Shift 1,OP04,640,606,594,12,46.5
PRD_001038,M02,2025-06-21 14:00:00,Shift 2,OP05,640,616,601,15,46.61
PRD_001039,M02,2025-06-21 22:00:00,Shift 3,OP06,640,598,589,9,46.74
PRD_001040,M02,2025-06-22 06:00:00,Shift 1,OP04,640,609,590,19,46.86
PRD_001041,M02,2025-06-22 14:00:00,Shift 2,OP05,640,583,576,7,46.98
PRD_001042,M02,2025-06-22 22:00:00,Shift 3,OP06,640,607,597,10,47.1
PRD_001043,M02,2025-06-23 06:00:00,Shift 1,OP04,640,584,568,16,47.22
PRD_001044,M02,2025-06-23 14:00:00,Shift 2,OP05,640,594,579,15,47.33
PRD_001045,M02,2025-06-23 22:00:00,Shift 3,OP06,640,588,574,14,47.44
PRD_001046,M02,2025-06-24 06:00:00,Shift 1,OP04,640,589,574,15,47.56
PRD_001047,M02,2025-06-24 14:00:00,Shift 2,OP05,640,597,588,9,47.67
PRD_001048,M02,2025-06-24 22:00:00,Shift 3,OP06,640,594,577,17,47.8
PRD_001049,M02,2025-06-25 06:00:00,Shift 1,OP04,640,579,559,20,47.92
PRD_001050,M02,2025-06-25 14:00:00,Shift 2,OP05,640,583,565,18,48.05
PRD_001051,M02,2025-06-25 22:00:00,Shift 3,OP06,640,590,569,21,48.17
PRD_001052,M02,2025-06-26 06:00:00,Shift 1,OP04,640,571,561,10,48.29
PRD_001053,M02,2025-06-26 14:00:00,Shift 2,OP05,640,579,568,11,48.42
PRD_001054,M02,2025-06-26 22:00:00,Shift 3,OP06,640,571,555,16,48.55
PRD_001055,M02,2025-06-27 06:00:00,Shift 1,OP04,640,571,553,18,48.68
PRD_001056,M02,2025-06-27 14:00:00,Shift 2,OP05,640,586,565,21,48.82
PRD_001057,M02,2025-06-27 22:00:00,Shift 3,OP06,640,587,573,14,48.96
PRD_001058,M02,2025-06-28 06:00:00,Shift 1,OP04,640,572,551,21,49.09
PRD_001059,M02,2025-06-28 14:00:00,Shift 2,OP05,640,581,560,21,49.22
PRD_001060,M02,2025-06-28 22:00:00,Shift 3,OP06,640,563,540,23,49.36
PRD_001061,M02,2025-06-29 06:00:00,Shift 1,OP04,640,576,559,17,49.51
PRD_001062,M02,2025-06-29 14:00:00,Shift 2,OP05,640,564,542,22,49.64
PRD_001063,M02,2025-06-29 22:00:00,Shift 3,OP06,640,556,535,21,49.76
PRD_001064,M03,2025-01-01 06:00:00,Shift 1,OP01,640,620,605,15,45.49
PRD_001065,M03,2025-01-01 14:00:00,Shift 2,OP02,640,622,611,11,45.59
PRD_001066,M03,2025-01-01 22:00:00,Shift 3,OP03,640,613,606,7,45.68
PRD_001067,M03,2025-01-02 06:00:00,Shift 1,OP01,640,608,594,14,45.77
PRD_001068,M03,2025-01-02 14:00:00,Shift 2,OP02,640,601,584,17,45.86
PRD_001069,M03,2025-01-02 22:00:00,Shift 3,OP03,640,601,586,15,45.95
PRD_001070,M03,2025-01-03 06:00:00,Shift 1,OP01,640,614,602,12,46.04
PRD_001071,M03,2025-01-03 14:00:00,Shift 2,OP02,640,619,604,15,46.14
PRD_001072,M03,2025-01-03 22:00:00,Shift 3,OP03,640,609,596,13,46.24
PRD_001073,M03,2025-01-04 06:00:00,Shift 1,OP01,640,598,588,10,46.35
PRD_001074,M03,2025-01-04 14:00:00,Shift 2,OP02,640,602,593,9,46.45
PRD_001075,M03,2025-01-04 22:00:00,Shift 3,OP03,640,598,581,17,46.55
PRD_001076,M03,2025-01-05 06:00:00,Shift 1,OP01,640,614,601,13,46.66
PRD_001077,M03,2025-01-05 14:00:00,Shift 2,OP02,640,597,589,8,46.77
PRD_001078,M03,2025-01-05 22:00:00,Shift 3,OP03,640,612,604,8,46.87
PRD_001079,M03,2025-01-06 06:00:00,Shift 1,OP01,640,589,578,11,46.97
PRD_001080,M03,2025-01-06 14:00:00,Shift 2,OP02,640,600,584,16,47.08
PRD_001081,M03,2025-01-06 22:00:00,Shift 3,OP03,640,591,578,13,47.19
PRD_001082,M03,2025-01-07 06:00:00,Shift 1,OP01,640,583,567,16,47.3
PRD_001083,M03,2025-01-07 14:00:00,Shift 2,OP02,640,577,559,18,47.41
PRD_001084,M03,2025-01-07 22:00:00,Shift 3,OP03,640,601,585,16,47.51
PRD_001085,M03,2025-01-08 06:00:00,Shift 1,OP01,640,588,570,18,47.61
PRD_001086,M03,2025-01-08 14:00:00,Shift 2,OP02,640,595,583,12,47.71
PRD_001087,M03,2025-01-08 22:00:00,Shift 3,OP03,640,587,573,14,47.82
PRD_001088,M03,2025-01-09 06:00:00,Shift 1,OP01,640,595,579,16,47.94
PRD_001089,M03,2025-01-09 14:00:00,Shift 2,OP02,640,589,571,18,48.05
PRD_001090,M03,2025-01-09 22:00:00,Shift 3,OP03,640,590,572,18,48.16
PRD_001091,M03,2025-01-10 06:00:00,Shift 1,OP01,640,596,578,18,48.26
PRD_001092,M03,2025-01-10 14:00:00,Shift 2,OP02,640,567,547,20,48.35
PRD_001093,M03,2025-01-10 22:00:00,Shift 3,OP03,640,576,565,11,48.46
PRD_001094,M03,2025-01-11 06:00:00,Shift 1,OP01,640,569,554,15,48.56
PRD_001095,M03,2025-01-11 14:00:00,Shift 2,OP02,640,568,554,14,48.68
PRD_001096,M03,2025-01-11 22:00:00,Shift 3,OP03,640,569,553,16,48.79
PRD_001097,M03,2025-01-12 06:00:00,Shift 1,OP01,640,579,560,19,48.89
PRD_001098,M03,2025-01-12 14:00:00,Shift 2,OP02,640,561,540,21,48.99
PRD_001099,M03,2025-01-12 22:00:00,Shift 3,OP03,640,583,560,23,49.11
PRD_001100,M03,2025-01-13 06:00:00,Shift 1,OP01,640,577,559,18,49.24
PRD_001101,M03,2025-01-13 14:00:00,Shift 2,OP02,640,557,535,22,49.34
PRD_001102,M03,2025-01-13 22:00:00,Shift 3,OP03,640,574,559,15,49.45
PRD_001103,M03,2025-01-14 06:00:00,Shift 1,OP01,640,553,539,14,49.56
PRD_001104,M03,2025-01-14 14:00:00,Shift 2,OP02,640,555,540,15,49.67
PRD_001105,M03,2025-01-14 22:00:00,Shift 3,OP03,640,553,531,22,49.78
PRD_001106,M03,2025-01-15 06:00:00,Shift 1,OP01,640,560,539,21,49.89
PRD_001107,M03,2025-01-15 14:00:00,Shift 2,OP02,640,553,530,23,50.0
PRD_001108,M03,2025-01-15 22:00:00,Shift 3,OP03,640,562,548,14,50.11
PRD_001109,M03,2025-01-16 06:00:00,Shift 1,OP01,640,555,535,20,50.23
PRD_001110,M03,2025-01-16 14:00:00,Shift 2,OP02,640,550,525,25,50.35
PRD_001111,M03,2025-01-16 22:00:00,Shift 3,OP03,640,566,540,26,50.47
PRD_001112,M03,2025-01-17 06:00:00,Shift 1,OP01,640,558,536,22,50.58
PRD_001113,M03,2025-01-17 14:00:00,Shift 2,OP02,640,560,542,18,50.7
PRD_001114,M03,2025-01-17 22:00:00,Shift 3,OP03,640,548,532,16,50.83
PRD_001115,M03,2025-01-18 06:00:00,Shift 1,OP01,640,558,533,25,50.96
PRD_001116,M03,2025-01-18 14:00:00,Shift 2,OP02,640,540,520,20,51.08
PRD_001117,M03,2025-01-18 22:00:00,Shift 3,OP03,640,562,535,27,51.19
PRD_001118,M03,2025-01-19 06:00:00,Shift 1,OP01,640,535,510,25,51.31
PRD_001119,M03,2025-01-19 14:00:00,Shift 2,OP02,640,544,523,21,51.44
PRD_001120,M03,2025-01-19 22:00:00,Shift 3,OP03,640,536,510,26,51.55
PRD_001121,M03,2025-01-20 06:00:00,Shift 1,OP01,640,540,514,26,51.68
PRD_001122,M03,2025-01-20 14:00:00,Shift 2,OP02,640,551,521,30,51.81
PRD_001123,M03,2025-01-20 22:00:00,Shift 3,OP03,640,527,503,24,51.93
PRD_001124,M03,2025-01-21 06:00:00,Shift 1,OP01,640,525,500,25,52.05
PRD_001125,M03,2025-01-21 14:00:00,Shift 2,OP02,640,527,498,29,52.18
PRD_001126,M03,2025-01-21 22:00:00,Shift 3,OP03,640,536,515,21,52.3
PRD_001127,M03,2025-01-22 06:00:00,Shift 1,OP01,640,544,515,29,52.44
PRD_001128,M03,2025-01-22 14:00:00,Shift 2,OP02,640,534,505,29,52.56
PRD_001129,M03,2025-01-22 22:00:00,Shift 3,OP03,640,541,508,33,52.69
PRD_001130,M03,2025-01-23 06:00:00,Shift 1,OP01,640,540,514,26,52.82
PRD_001131,M03,2025-01-23 14:00:00,Shift 2,OP02,640,524,493,31,52.95
PRD_001132,M03,2025-01-23 22:00:00,Shift 3,OP03,640,517,493,24,53.08
PRD_001133,M03,2025-01-24 06:00:00,Shift 1,OP01,640,538,507,31,53.21
PRD_001134,M03,2025-01-24 14:00:00,Shift 2,OP02,640,538,504,34,53.35
PRD_001135,M03,2025-01-24 22:00:00,Shift 3,OP03,640,524,497,27,53.48
PRD_001136,M03,2025-01-25 06:00:00,Shift 1,OP01,640,515,488,27,53.61
PRD_001137,M03,2025-01-25 14:00:00,Shift 2,OP02,640,524,497,27,53.74
PRD_001138,M03,2025-01-25 22:00:00,Shift 3,OP03,640,514,484,30,53.87
PRD_001139,M03,2025-01-26 06:00:00,Shift 1,OP01,640,519,491,28,54.01
PRD_001140,M03,2025-01-26 14:00:00,Shift 2,OP02,640,506,477,29,54.15
PRD_001141,M03,2025-01-26 22:00:00,Shift 3,OP03,640,507,479,28,54.29
PRD_001142,M03,2025-01-27 06:00:00,Shift 1,OP01,640,513,478,35,54.43
PRD_001143,M03,2025-01-27 14:00:00,Shift 2,OP02,640,513,481,32,54.57
PRD_001144,M03,2025-01-27 22:00:00,Shift 3,OP03,640,513,479,34,54.69
PRD_001145,M03,2025-01-28 06:00:00,Shift 1,OP01,640,500,469,31,54.84
PRD_001146,M03,2025-01-28 14:00:00,Shift 2,OP02,640,514,474,40,54.98
PRD_001147,M03,2025-01-28 22:00:00,Shift 3,OP03,640,510,474,36,55.11
PRD_001148,M03,2025-01-29 06:00:00,Shift 1,OP01,640,519,482,37,55.26
PRD_001149,M03,2025-01-29 14:00:00,Shift 2,OP02,640,502,466,36,55.4
PRD_001150,M03,2025-01-29 22:00:00,Shift 3,OP03,640,517,480,37,55.54
PRD_001151,M03,2025-01-30 06:00:00,Shift 1,OP01,640,517,474,43,55.68
PRD_001152,M03,2025-01-30 14:00:00,Shift 2,OP02,640,508,471,37,55.82
PRD_001153,M03,2025-01-30 22:00:00,Shift 3,OP03,640,506,470,36,55.98
PRD_001154,M03,2025-01-31 06:00:00,Shift 1,OP01,640,491,454,37,56.14
PRD_001155,M03,2025-01-31 14:00:00,Shift 2,OP02,640,511,474,37,56.3
PRD_001156,M03,2025-01-31 22:00:00,Shift 3,OP03,640,493,450,43,56.44
PRD_001157,M03,2025-02-01 06:00:00,Shift 1,OP01,640,487,443,44,56.59
PRD_001158,M03,2025-02-01 14:00:00,Shift 2,OP02,640,497,451,46,56.74
PRD_001159,M03,2025-02-01 22:00:00,Shift 3,OP03,640,489,444,45,56.89
PRD_001160,M03,2025-02-02 06:00:00,Shift 1,OP01,640,487,448,39,57.04
PRD_001161,M03,2025-02-03 06:00:00,Shift 1,OP01,640,604,594,10,45.65
PRD_001162,M03,2025-02-03 14:00:00,Shift 2,OP02,640,622,606,16,45.75
PRD_001163,M03,2025-02-03 22:00:00,Shift 3,OP03,640,607,590,17,45.85
PRD_001164,M03,2025-02-04 06:00:00,Shift 1,OP01,640,615,605,10,45.95
PRD_001165,M03,2025-02-04 14:00:00,Shift 2,OP02,640,625,613,12,46.04
PRD_001166,M03,2025-02-04 22:00:00,Shift 3,OP03,640,604,593,11,46.14
PRD_001167,M03,2025-02-05 06:00:00,Shift 1,OP01,640,602,595,7,46.24
PRD_001168,M03,2025-02-05 14:00:00,Shift 2,OP02,640,607,597,10,46.34
PRD_001169,M03,2025-02-05 22:00:00,Shift 3,OP03,640,618,607,11,46.45
PRD_001170,M03,2025-02-06 06:00:00,Shift 1,OP01,640,607,592,15,46.55
PRD_001171,M03,2025-02-06 14:00:00,Shift 2,OP02,640,607,598,9,46.66
PRD_001172,M03,2025-02-06 22:00:00,Shift 3,OP03,640,596,587,9,46.76
PRD_001173,M03,2025-02-07 06:00:00,Shift 1,OP01,640,597,588,9,46.86
PRD_001174,M03,2025-02-07 14:00:00,Shift 2,OP02,640,605,596,9,46.96
PRD_001175,M03,2025-02-07 22:00:00,Shift 3,OP03,640,596,585,11,47.07
PRD_001176,M03,2025-02-08 06:00:00,Shift 1,OP01,640,581,570,11,47.17
PRD_001177,M03,2025-02-08 14:00:00,Shift 2,OP02,640,579,570,9,47.28
PRD_001178,M03,2025-02-08 22:00:00,Shift 3,OP03,640,602,591,11,47.4
PRD_001179,M03,2025-02-09 06:00:00,Shift 1,OP01,640,603,584,19,47.5
PRD_001180,M03,2025-02-09 14:00:00,Shift 2,OP02,640,601,583,18,47.61
PRD_001181,M03,2025-02-09 22:00:00,Shift 3,OP03,640,581,573,8,47.71
PRD_001182,M03,2025-02-10 06:00:00,Shift 1,OP01,640,595,576,19,47.82
PRD_001183,M03,2025-02-10 14:00:00,Shift 2,OP02,640,575,566,9,47.93
PRD_001184,M03,2025-02-10 22:00:00,Shift 3,OP03,640,575,564,11,48.04
PRD_001185,M03,2025-02-11 06:00:00,Shift 1,OP01,640,593,579,14,48.14
PRD_001186,M03,2025-02-11 14:00:00,Shift 2,OP02,640,582,565,17,48.25
PRD_001187,M03,2025-02-11 22:00:00,Shift 3,OP03,640,581,561,20,48.36
PRD_001188,M03,2025-02-12 06:00:00,Shift 1,OP01,640,589,577,12,48.48
PRD_001189,M03,2025-02-12 14:00:00,Shift 2,OP02,640,581,561,20,48.59
PRD_001190,M03,2025-02-12 22:00:00,Shift 3,OP03,640,562,549,13,48.69
PRD_001191,M03,2025-02-13 06:00:00,Shift 1,OP01,640,564,546,18,48.8
PRD_001192,M03,2025-02-13 14:00:00,Shift 2,OP02,640,571,551,20,48.91
PRD_001193,M03,2025-02-13 22:00:00,Shift 3,OP03,640,569,549,20,49.02
PRD_001194,M03,2025-02-14 06:00:00,Shift 1,OP01,640,570,549,21,49.12
PRD_001195,M03,2025-02-14 14:00:00,Shift 2,OP02,640,578,558,20,49.23
PRD_001196,M03,2025-02-14 22:00:00,Shift 3,OP03,640,580,566,14,49.35
PRD_001197,M03,2025-02-15 06:00:00,Shift 1,OP01,640,563,549,14,49.47
PRD_001198,M03,2025-02-15 14:00:00,Shift 2,OP02,640,553,536,17,49.58
PRD_001199,M03,2025-02-15 22:00:00,Shift 3,OP03,640,555,538,17,49.69
PRD_001200,M03,2025-02-16 06:00:00,Shift 1,OP01,640,559,546,13,49.82
PRD_001201,M03,2025-02-16 14:00:00,Shift 2,OP02,640,570,546,24,49.95
PRD_001202,M03,2025-02-16 22:00:00,Shift 3,OP03,640,564,541,23,50.07
PRD_001203,M03,2025-02-17 06:00:00,Shift 1,OP01,640,560,544,16,50.2
PRD_001204,M03,2025-02-17 14:00:00,Shift 2,OP02,640,544,526,18,50.31
PRD_001205,M03,2025-02-17 22:00:00,Shift 3,OP03,640,554,530,24,50.41
PRD_001206,M03,2025-02-18 06:00:00,Shift 1,OP01,640,547,526,21,50.53
PRD_001207,M03,2025-02-18 14:00:00,Shift 2,OP02,640,541,522,19,50.64
PRD_001208,M03,2025-02-18 22:00:00,Shift 3,OP03,640,557,533,24,50.76
PRD_001209,M03,2025-02-19 06:00:00,Shift 1,OP01,640,552,528,24,50.89
PRD_001210,M03,2025-02-19 14:00:00,Shift 2,OP02,640,556,533,23,51.0
PRD_001211,M03,2025-02-19 22:00:00,Shift 3,OP03,640,541,519,22,51.12
PRD_001212,M03,2025-02-20 06:00:00,Shift 1,OP01,640,550,529,21,51.24
PRD_001213,M03,2025-02-20 14:00:00,Shift 2,OP02,640,542,518,24,51.36
PRD_001214,M03,2025-02-20 22:00:00,Shift 3,OP03,640,537,518,19,51.47
PRD_001215,M03,2025-02-21 06:00:00,Shift 1,OP01,640,536,516,20,51.59
PRD_001216,M03,2025-02-21 14:00:00,Shift 2,OP02,640,555,533,22,51.71
PRD_001217,M03,2025-02-21 22:00:00,Shift 3,OP03,640,551,526,25,51.84
PRD_001218,M03,2025-02-22 06:00:00,Shift 1,OP01,640,537,507,30,51.95
PRD_001219,M03,2025-02-22 14:00:00,Shift 2,OP02,640,552,530,22,52.07
PRD_001220,M03,2025-02-22 22:00:00,Shift 3,OP03,640,524,496,28,52.19
PRD_001221,M03,2025-02-23 06:00:00,Shift 1,OP01,640,550,518,32,52.32
PRD_001222,M03,2025-02-23 14:00:00,Shift 2,OP02,640,526,497,29,52.45
PRD_001223,M03,2025-02-23 22:00:00,Shift 3,OP03,640,520,493,27,52.57
PRD_001224,M03,2025-02-24 06:00:00,Shift 1,OP01,640,527,504,23,52.71
PRD_001225,M03,2025-02-24 14:00:00,Shift 2,OP02,640,523,498,25,52.83
PRD_001226,M03,2025-02-24 22:00:00,Shift 3,OP03,640,532,500,32,52.97
PRD_001227,M03,2025-02-25 06:00:00,Shift 1,OP01,640,516,491,25,53.1
PRD_001228,M03,2025-02-25 14:00:00,Shift 2,OP02,640,538,507,31,53.22
PRD_001229,M03,2025-02-25 22:00:00,Shift 3,OP03,640,515,487,28,53.36
PRD_001230,M03,2025-02-26 06:00:00,Shift 1,OP01,640,526,497,29,53.48
PRD_001231,M03,2025-02-26 14:00:00,Shift 2,OP02,640,524,496,28,53.62
PRD_001232,M03,2025-02-26 22:00:00,Shift 3,OP03,640,532,497,35,53.75
PRD_001233,M03,2025-02-27 06:00:00,Shift 1,OP01,640,517,490,27,53.9
PRD_001234,M03,2025-02-27 14:00:00,Shift 2,OP02,640,520,487,33,54.05
PRD_001235,M03,2025-02-27 22:00:00,Shift 3,OP03,640,521,484,37,54.18
PRD_001236,M03,2025-02-28 06:00:00,Shift 1,OP01,640,527,489,38,54.32
PRD_001237,M03,2025-02-28 14:00:00,Shift 2,OP02,640,507,478,29,54.46
PRD_001238,M03,2025-02-28 22:00:00,Shift 3,OP03,640,526,496,30,54.6
PRD_001239,M03,2025-03-01 06:00:00,Shift 1,OP01,640,521,484,37,54.73
PRD_001240,M03,2025-03-01 14:00:00,Shift 2,OP02,640,501,464,37,54.88
PRD_001241,M03,2025-03-01 22:00:00,Shift 3,OP03,640,517,484,33,55.0
PRD_001242,M03,2025-03-02 06:00:00,Shift 1,OP01,640,503,463,40,55.14
PRD_001243,M03,2025-03-02 14:00:00,Shift 2,OP02,640,517,476,41,55.28
PRD_001244,M03,2025-03-02 22:00:00,Shift 3,OP03,640,519,480,39,55.43
PRD_001245,M03,2025-03-03 06:00:00,Shift 1,OP01,640,504,470,34,55.57
PRD_001246,M03,2025-03-03 14:00:00,Shift 2,OP02,640,501,458,43,55.71
PRD_001247,M03,2025-03-03 22:00:00,Shift 3,OP03,640,493,453,40,55.86
PRD_001248,M03,2025-03-04 06:00:00,Shift 1,OP01,640,489,446,43,56.0
PRD_001249,M03,2025-03-04 14:00:00,Shift 2,OP02,640,488,452,36,56.15
PRD_001250,M03,2025-03-04 22:00:00,Shift 3,OP03,640,501,458,43,56.3
PRD_001251,M03,2025-03-05 06:00:00,Shift 1,OP01,640,488,451,37,56.46
PRD_001252,M03,2025-03-05 14:00:00,Shift 2,OP02,640,499,459,40,56.61
PRD_001253,M03,2025-03-05 22:00:00,Shift 3,OP03,640,483,440,43,56.76
PRD_001254,M03,2025-03-06 06:00:00,Shift 1,OP01,640,484,440,44,56.91
PRD_001255,M03,2025-03-07 06:00:00,Shift 1,OP01,640,607,595,12,46.08
PRD_001256,M03,2025-03-07 14:00:00,Shift 2,OP02,640,594,583,11,46.17
PRD_001257,M03,2025-03-07 22:00:00,Shift 3,OP03,640,612,605,7,46.27
PRD_001258,M03,2025-03-08 06:00:00,Shift 1,OP01,640,615,598,17,46.37
PRD_001259,M03,2025-03-08 14:00:00,Shift 2,OP02,640,591,584,7,46.46
PRD_001260,M03,2025-03-08 22:00:00,Shift 3,OP03,640,588,573,15,46.55
PRD_001261,M03,2025-03-09 06:00:00,Shift 1,OP01,640,588,575,13,46.65
PRD_001262,M03,2025-03-09 14:00:00,Shift 2,OP02,640,591,580,11,46.74
PRD_001263,M03,2025-03-09 22:00:00,Shift 3,OP03,640,603,585,18,46.85
PRD_001264,M03,2025-03-10 06:00:00,Shift 1,OP01,640,594,578,16,46.94
PRD_001265,M03,2025-03-10 14:00:00,Shift 2,OP02,640,600,588,12,47.03
PRD_001266,M03,2025-03-10 22:00:00,Shift 3,OP03,640,590,577,13,47.14
PRD_001267,M03,2025-03-11 06:00:00,Shift 1,OP01,640,600,589,11,47.24
PRD_001268,M03,2025-03-11 14:00:00,Shift 2,OP02,640,583,568,15,47.34
PRD_001269,M03,2025-03-11 22:00:00,Shift 3,OP03,640,585,567,18,47.44
PRD_001270,M03,2025-03-12 06:00:00,Shift 1,OP01,640,605,590,15,47.55
PRD_001271,M03,2025-03-12 14:00:00,Shift 2,OP02,640,603,591,12,47.64
PRD_001272,M03,2025-03-12 22:00:00,Shift 3,OP03,640,592,578,14,47.76
PRD_001273,M03,2025-03-13 06:00:00,Shift 1,OP01,640,584,575,9,47.88
PRD_001274,M03,2025-03-13 14:00:00,Shift 2,OP02,640,593,580,13,47.98
PRD_001275,M03,2025-03-13 22:00:00,Shift 3,OP03,640,593,582,11,48.09
PRD_001276,M03,2025-03-14 06:00:00,Shift 1,OP01,640,590,569,21,48.19
PRD_001277,M03,2025-03-14 14:00:00,Shift 2,OP02,640,587,569,18,48.29
PRD_001278,M03,2025-03-14 22:00:00,Shift 3,OP03,640,570,560,10,48.39
PRD_001279,M03,2025-03-15 06:00:00,Shift 1,OP01,640,588,577,11,48.5
PRD_001280,M03,2025-03-15 14:00:00,Shift 2,OP02,640,583,562,21,48.61
PRD_001281,M03,2025-03-15 22:00:00,Shift 3,OP03,640,572,554,18,48.71
PRD_001282,M03,2025-03-16 06:00:00,Shift 1,OP01,640,578,567,11,48.83
PRD_001283,M03,2025-03-16 14:00:00,Shift 2,OP02,640,583,571,12,48.94
PRD_001284,M03,2025-03-16 22:00:00,Shift 3,OP03,640,568,546,22,49.06
PRD_001285,M03,2025-03-17 06:00:00,Shift 1,OP01,640,582,561,21,49.17
PRD_001286,M03,2025-03-17 14:00:00,Shift 2,OP02,640,574,561,13,49.27
PRD_001287,M03,2025-03-17 22:00:00,Shift 3,OP03,640,560,537,23,49.39
PRD_001288,M03,2025-03-18 06:00:00,Shift 1,OP01,640,576,563,13,49.5
PRD_001289,M03,2025-03-18 14:00:00,Shift 2,OP02,640,577,557,20,49.61
PRD_001290,M03,2025-03-18 22:00:00,Shift 3,OP03,640,551,530,21,49.72
PRD_001291,M03,2025-03-19 06:00:00,Shift 1,OP01,640,571,550,21,49.85
PRD_001292,M03,2025-03-19 14:00:00,Shift 2,OP02,640,556,532,24,49.97
PRD_001293,M03,2025-03-19 22:00:00,Shift 3,OP03,640,574,559,15,50.08
PRD_001294,M03,2025-03-20 06:00:00,Shift 1,OP01,640,559,544,15,50.19
PRD_001295,M03,2025-03-20 14:00:00,Shift 2,OP02,640,552,533,19,50.32
PRD_001296,M03,2025-03-20 22:00:00,Shift 3,OP03,640,568,545,23,50.43
PRD_001297,M03,2025-03-21 06:00:00,Shift 1,OP01,640,551,526,25,50.56
PRD_001298,M03,2025-03-21 14:00:00,Shift 2,OP02,640,545,528,17,50.67
PRD_001299,M03,2025-03-21 22:00:00,Shift 3,OP03,640,546,529,17,50.79
PRD_001300,M03,2025-03-22 06:00:00,Shift 1,OP01,640,539,523,16,50.91
PRD_001301,M03,2025-03-22 14:00:00,Shift 2,OP02,640,538,518,20,51.02
PRD_001302,M03,2025-03-22 22:00:00,Shift 3,OP03,640,545,519,26,51.13
PRD_001303,M03,2025-03-23 06:00:00,Shift 1,OP01,640,542,519,23,51.25
PRD_001304,M03,2025-03-23 14:00:00,Shift 2,OP02,640,554,527,27,51.37
PRD_001305,M03,2025-03-23 22:00:00,Shift 3,OP03,640,535,510,25,51.49
PRD_001306,M03,2025-03-24 06:00:00,Shift 1,OP01,640,550,525,25,51.6
PRD_001307,M03,2025-03-24 14:00:00,Shift 2,OP02,640,544,523,21,51.73
PRD_001308,M03,2025-03-24 22:00:00,Shift 3,OP03,640,535,515,20,51.85
PRD_001309,M03,2025-03-25 06:00:00,Shift 1,OP01,640,547,520,27,51.98
PRD_001310,M03,2025-03-25 14:00:00,Shift 2,OP02,640,530,508,22,52.1
PRD_001311,M03,2025-03-25 22:00:00,Shift 3,OP03,640,542,512,30,52.22
PRD_001312,M03,2025-03-26 06:00:00,Shift 1,OP01,640,539,509,30,52.35
PRD_001313,M03,2025-03-26 14:00:00,Shift 2,OP02,640,528,497,31,52.49
PRD_001314,M03,2025-03-26 22:00:00,Shift 3,OP03,640,522,495,27,52.61
PRD_001315,M03,2025-03-27 06:00:00,Shift 1,OP01,640,523,500,23,52.75
PRD_001316,M03,2025-03-27 14:00:00,Shift 2,OP02,640,537,510,27,52.88
PRD_001317,M03,2025-03-27 22:00:00,Shift 3,OP03,640,518,494,24,53.03
PRD_001318,M03,2025-03-28 06:00:00,Shift 1,OP01,640,518,486,32,53.16
PRD_001319,M03,2025-03-28 14:00:00,Shift 2,OP02,640,520,495,25,53.28
PRD_001320,M03,2025-03-28 22:00:00,Shift 3,OP03,640,537,508,29,53.42
PRD_001321,M03,2025-03-29 06:00:00,Shift 1,OP01,640,515,487,28,53.54
PRD_001322,M03,2025-03-29 14:00:00,Shift 2,OP02,640,517,482,35,53.68
PRD_001323,M03,2025-03-29 22:00:00,Shift 3,OP03,640,520,485,35,53.82
PRD_001324,M03,2025-03-30 06:00:00,Shift 1,OP01,640,521,488,33,53.95
PRD_001325,M03,2025-03-30 14:00:00,Shift 2,OP02,640,522,489,33,54.09
PRD_001326,M03,2025-03-30 22:00:00,Shift 3,OP03,640,522,488,34,54.22
PRD_001327,M03,2025-03-31 06:00:00,Shift 1,OP01,640,510,476,34,54.35
PRD_001328,M03,2025-03-31 14:00:00,Shift 2,OP02,640,506,469,37,54.48
PRD_001329,M03,2025-03-31 22:00:00,Shift 3,OP03,640,507,472,35,54.62
PRD_001330,M03,2025-04-01 06:00:00,Shift 1,OP01,640,521,481,40,54.76
PRD_001331,M03,2025-04-01 14:00:00,Shift 2,OP02,640,510,474,36,54.89
PRD_001332,M03,2025-04-01 22:00:00,Shift 3,OP03,640,503,468,35,55.01
PRD_001333,M03,2025-04-02 06:00:00,Shift 1,OP01,640,496,459,37,55.15
PRD_001334,M03,2025-04-02 14:00:00,Shift 2,OP02,640,503,465,38,55.31
PRD_001335,M03,2025-04-02 22:00:00,Shift 3,OP03,640,493,453,40,55.45
PRD_001336,M03,2025-04-03 06:00:00,Shift 1,OP01,640,508,467,41,55.59
PRD_001337,M03,2025-04-03 14:00:00,Shift 2,OP02,640,504,462,42,55.73
PRD_001338,M03,2025-04-03 22:00:00,Shift 3,OP03,640,505,466,39,55.87
PRD_001339,M03,2025-04-04 06:00:00,Shift 1,OP01,640,508,473,35,56.01
PRD_001340,M03,2025-04-04 14:00:00,Shift 2,OP02,640,512,467,45,56.16
PRD_001341,M03,2025-04-04 22:00:00,Shift 3,OP03,640,487,447,40,56.31
PRD_001342,M03,2025-04-05 06:00:00,Shift 1,OP01,640,507,463,44,56.45
PRD_001343,M03,2025-04-05 14:00:00,Shift 2,OP02,640,499,462,37,56.59
PRD_001344,M03,2025-04-05 22:00:00,Shift 3,OP03,640,496,455,41,56.72
PRD_001345,M03,2025-04-06 06:00:00,Shift 1,OP01,640,486,447,39,56.88
PRD_001346,M03,2025-04-06 22:00:00,Shift 3,OP03,640,603,596,7,45.91
PRD_001347,M03,2025-04-07 06:00:00,Shift 1,OP01,640,607,595,12,46.0
PRD_001348,M03,2025-04-07 14:00:00,Shift 2,OP02,640,603,591,12,46.09
PRD_001349,M03,2025-04-07 22:00:00,Shift 3,OP03,640,594,581,13,46.19
PRD_001350,M03,2025-04-08 06:00:00,Shift 1,OP01,640,610,592,18,46.29
PRD_001351,M03,2025-04-08 14:00:00,Shift 2,OP02,640,595,578,17,46.4
PRD_001352,M03,2025-04-08 22:00:00,Shift 3,OP03,640,604,591,13,46.49
PRD_001353,M03,2025-04-09 06:00:00,Shift 1,OP01,640,610,603,7,46.58
PRD_001354,M03,2025-04-09 14:00:00,Shift 2,OP02,640,603,586,17,46.69
PRD_001355,M03,2025-04-09 22:00:00,Shift 3,OP03,640,597,578,19,46.79
PRD_001356,M03,2025-04-10 06:00:00,Shift 1,OP01,640,599,592,7,46.9
PRD_001357,M03,2025-04-10 14:00:00,Shift 2,OP02,640,611,594,17,47.0
PRD_001358,M03,2025-04-10 22:00:00,Shift 3,OP03,640,591,581,10,47.1
PRD_001359,M03,2025-04-11 06:00:00,Shift 1,OP01,640,583,575,8,47.2
PRD_001360,M03,2025-04-11 14:00:00,Shift 2,OP02,640,582,567,15,47.3
PRD_001361,M03,2025-04-11 22:00:00,Shift 3,OP03,640,603,593,10,47.4
PRD_001362,M03,2025-04-12 06:00:00,Shift 1,OP01,640,598,587,11,47.51
PRD_001363,M03,2025-04-12 14:00:00,Shift 2,OP02,640,582,569,13,47.61
PRD_001364,M03,2025-04-12 22:00:00,Shift 3,OP03,640,574,556,18,47.71
PRD_001365,M03,2025-04-13 06:00:00,Shift 1,OP01,640,600,581,19,47.81
PRD_001366,M03,2025-04-13 14:00:00,Shift 2,OP02,640,589,572,17,47.91
PRD_001367,M03,2025-04-13 22:00:00,Shift 3,OP03,640,574,554,20,48.02
PRD_001368,M03,2025-04-14 06:00:00,Shift 1,OP01,640,595,575,20,48.13
PRD_001369,M03,2025-04-14 14:00:00,Shift 2,OP02,640,583,568,15,48.24
PRD_001370,M03,2025-04-14 22:00:00,Shift 3,OP03,640,582,562,20,48.35
PRD_001371,M03,2025-04-15 06:00:00,Shift 1,OP01,640,589,567,22,48.47
PRD_001372,M03,2025-04-15 14:00:00,Shift 2,OP02,640,569,548,21,48.58
PRD_001373,M03,2025-04-15 22:00:00,Shift 3,OP03,640,562,547,15,48.69
PRD_001374,M03,2025-04-16 06:00:00,Shift 1,OP01,640,564,553,11,48.79
PRD_001375,M03,2025-04-16 14:00:00,Shift 2,OP02,640,564,553,11,48.9
PRD_001376,M03,2025-04-16 22:00:00,Shift 3,OP03,640,581,569,12,49.02
PRD_001377,M03,2025-04-17 06:00:00,Shift 1,OP01,640,578,565,13,49.13
PRD_001378,M03,2025-04-17 14:00:00,Shift 2,OP02,640,575,553,22,49.23
PRD_001379,M03,2025-04-17 22:00:00,Shift 3,OP03,640,573,554,19,49.35
PRD_001380,M03,2025-04-18 06:00:00,Shift 1,OP01,640,560,545,15,49.47
PRD_001381,M03,2025-04-18 14:00:00,Shift 2,OP02,640,564,548,16,49.6
PRD_001382,M03,2025-04-18 22:00:00,Shift 3,OP03,640,551,536,15,49.72
PRD_001383,M03,2025-04-19 06:00:00,Shift 1,OP01,640,572,550,22,49.83
PRD_001384,M03,2025-04-19 14:00:00,Shift 2,OP02,640,574,558,16,49.94
PRD_001385,M03,2025-04-19 22:00:00,Shift 3,OP03,640,568,544,24,50.05
PRD_001386,M03,2025-04-20 06:00:00,Shift 1,OP01,640,557,539,18,50.16
PRD_001387,M03,2025-04-20 14:00:00,Shift 2,OP02,640,571,550,21,50.27
PRD_001388,M03,2025-04-20 22:00:00,Shift 3,OP03,640,562,537,25,50.38
PRD_001389,M03,2025-04-21 06:00:00,Shift 1,OP01,640,551,532,19,50.51
PRD_001390,M03,2025-04-21 14:00:00,Shift 2,OP02,640,554,533,21,50.62
PRD_001391,M03,2025-04-21 22:00:00,Shift 3,OP03,640,557,540,17,50.74
PRD_001392,M03,2025-04-22 06:00:00,Shift 1,OP01,640,559,537,22,50.86
PRD_001393,M03,2025-04-22 14:00:00,Shift 2,OP02,640,561,534,27,50.98
PRD_001394,M03,2025-04-22 22:00:00,Shift 3,OP03,640,562,534,28,51.11
PRD_001395,M03,2025-04-23 06:00:00,Shift 1,OP01,640,548,522,26,51.23
PRD_001396,M03,2025-04-23 14:00:00,Shift 2,OP02,640,553,527,26,51.35
PRD_001397,M03,2025-04-23 22:00:00,Shift 3,OP03,640,542,523,19,51.46
PRD_001398,M03,2025-04-24 06:00:00,Shift 1,OP01,640,556,526,30,51.58
PRD_001399,M03,2025-04-24 14:00:00,Shift 2,OP02,640,540,516,24,51.7
PRD_001400,M03,2025-04-24 22:00:00,Shift 3,OP03,640,533,513,20,51.81
PRD_001401,M03,2025-04-25 06:00:00,Shift 1,OP01,640,534,511,23,51.94
PRD_001402,M03,2025-04-25 14:00:00,Shift 2,OP02,640,541,516,25,52.07
PRD_001403,M03,2025-04-25 22:00:00,Shift 3,OP03,640,532,510,22,52.2
PRD_001404,M03,2025-04-26 06:00:00,Shift 1,OP01,640,548,517,31,52.32
PRD_001405,M03,2025-04-26 14:00:00,Shift 2,OP02,640,537,511,26,52.45
PRD_001406,M03,2025-04-26 22:00:00,Shift 3,OP03,640,543,511,32,52.58
PRD_001407,M03,2025-04-27 06:00:00,Shift 1,OP01,640,541,518,23,52.69
PRD_001408,M03,2025-04-27 14:00:00,Shift 2,OP02,640,538,506,32,52.83
PRD_001409,M03,2025-04-27 22:00:00,Shift 3,OP03,640,532,498,34,52.96
PRD_001410,M03,2025-04-28 06:00:00,Shift 1,OP01,640,521,492,29,53.09
PRD_001411,M03,2025-04-28 14:00:00,Shift 2,OP02,640,534,506,28,53.23
PRD_001412,M03,2025-04-28 22:00:00,Shift 3,OP03,640,519,487,32,53.36
PRD_001413,M03,2025-04-29 06:00:00,Shift 1,OP01,640,532,500,32,53.49
PRD_001414,M03,2025-04-29 14:00:00,Shift 2,OP02,640,525,491,34,53.63
PRD_001415,M03,2025-04-29 22:00:00,Shift 3,OP03,640,517,486,31,53.77
PRD_001416,M03,2025-04-30 06:00:00,Shift 1,OP01,640,526,490,36,53.9
PRD_001417,M03,2025-04-30 14:00:00,Shift 2,OP02,640,518,485,33,54.04
PRD_001418,M03,2025-04-30 22:00:00,Shift 3,OP03,640,521,487,34,54.16
PRD_001419,M03,2025-05-01 06:00:00,Shift 1,OP01,640,521,484,37,54.29
PRD_001420,M03,2025-05-01 14:00:00,Shift 2,OP02,640,516,481,35,54.43
PRD_001421,M03,2025-05-01 22:00:00,Shift 3,OP03,640,503,468,35,54.57
PRD_001422,M03,2025-05-02 06:00:00,Shift 1,OP01,640,509,477,32,54.69
PRD_001423,M03,2025-05-02 14:00:00,Shift 2,OP02,640,506,474,32,54.83
PRD_001424,M03,2025-05-02 22:00:00,Shift 3,OP03,640,514,478,36,54.97
PRD_001425,M03,2025-05-03 06:00:00,Shift 1,OP01,640,496,466,30,55.1
PRD_001426,M03,2025-05-03 14:00:00,Shift 2,OP02,640,502,465,37,55.25
PRD_001427,M03,2025-05-03 22:00:00,Shift 3,OP03,640,509,475,34,55.39
PRD_001428,M03,2025-05-04 06:00:00,Shift 1,OP01,640,494,454,40,55.55
PRD_001429,M03,2025-05-04 14:00:00,Shift 2,OP02,640,504,466,38,55.71
PRD_001430,M03,2025-05-04 22:00:00,Shift 3,OP03,640,506,472,34,55.86
PRD_001431,M03,2025-05-05 06:00:00,Shift 1,OP01,640,494,451,43,55.99
PRD_001432,M03,2025-05-05 14:00:00,Shift 2,OP02,640,512,467,45,56.13
PRD_001433,M03,2025-05-05 22:00:00,Shift 3,OP03,640,507,470,37,56.28
PRD_001434,M03,2025-05-06 06:00:00,Shift 1,OP01,640,497,453,44,56.43
PRD_001435,M03,2025-05-06 14:00:00,Shift 2,OP02,640,502,456,46,56.56
PRD_001436,M03,2025-05-06 22:00:00,Shift 3,OP03,640,491,449,42,56.7
PRD_001437,M03,2025-05-07 06:00:00,Shift 1,OP01,640,498,455,43,56.85
PRD_001438,M03,2025-05-07 14:00:00,Shift 2,OP02,640,497,456,41,57.0
PRD_001439,M03,2025-05-08 06:00:00,Shift 1,OP01,640,620,603,17,45.56
PRD_001440,M03,2025-05-08 14:00:00,Shift 2,OP02,640,623,611,12,45.66
PRD_001441,M03,2025-05-08 22:00:00,Shift 3,OP03,640,599,582,17,45.76
PRD_001442,M03,2025-05-09 06:00:00,Shift 1,OP01,640,601,585,16,45.86
PRD_001443,M03,2025-05-09 14:00:00,Shift 2,OP02,640,605,597,8,45.95
PRD_001444,M03,2025-05-09 22:00:00,Shift 3,OP03,640,596,583,13,46.04
PRD_001445,M03,2025-05-10 06:00:00,Shift 1,OP01,640,604,587,17,46.14
PRD_001446,M03,2025-05-10 14:00:00,Shift 2,OP02,640,621,609,12,46.23
PRD_001447,M03,2025-05-10 22:00:00,Shift 3,OP03,640,614,607,7,46.32
PRD_001448,M03,2025-05-11 06:00:00,Shift 1,OP01,640,597,585,12,46.41
PRD_001449,M03,2025-05-11 14:00:00,Shift 2,OP02,640,595,586,9,46.51
PRD_001450,M03,2025-05-11 22:00:00,Shift 3,OP03,640,588,570,18,46.61
PRD_001451,M03,2025-05-12 06:00:00,Shift 1,OP01,640,612,593,19,46.7
PRD_001452,M03,2025-05-12 14:00:00,Shift 2,OP02,640,591,577,14,46.79
PRD_001453,M03,2025-05-12 22:00:00,Shift 3,OP03,640,594,577,17,46.9
PRD_001454,M03,2025-05-13 06:00:00,Shift 1,OP01,640,605,590,15,46.99
PRD_001455,M03,2025-05-13 14:00:00,Shift 2,OP02,640,609,600,9,47.1
PRD_001456,M03,2025-05-13 22:00:00,Shift 3,OP03,640,603,584,19,47.2
PRD_001457,M03,2025-05-14 06:00:00,Shift 1,OP01,640,582,569,13,47.3
PRD_001458,M03,2025-05-14 14:00:00,Shift 2,OP02,640,589,578,11,47.4
PRD_001459,M03,2025-05-14 22:00:00,Shift 3,OP03,640,586,568,18,47.51
PRD_001460,M03,2025-05-15 06:00:00,Shift 1,OP01,640,602,587,15,47.61
PRD_001461,M03,2025-05-15 14:00:00,Shift 2,OP02,640,582,567,15,47.71
PRD_001462,M03,2025-05-15 22:00:00,Shift 3,OP03,640,590,576,14,47.82
PRD_001463,M03,2025-05-16 06:00:00,Shift 1,OP01,640,575,561,14,47.92
PRD_001464,M03,2025-05-16 14:00:00,Shift 2,OP02,640,572,554,18,48.03
PRD_001465,M03,2025-05-16 22:00:00,Shift 3,OP03,640,575,566,9,48.13
PRD_001466,M03,2025-05-17 06:00:00,Shift 1,OP01,640,592,580,12,48.23
PRD_001467,M03,2025-05-17 14:00:00,Shift 2,OP02,640,568,548,20,48.34
PRD_001468,M03,2025-05-17 22:00:00,Shift 3,OP03,640,566,552,14,48.45
PRD_001469,M03,2025-05-18 06:00:00,Shift 1,OP01,640,586,571,15,48.56
PRD_001470,M03,2025-05-18 14:00:00,Shift 2,OP02,640,575,564,11,48.67
PRD_001471,M03,2025-05-18 22:00:00,Shift 3,OP03,640,586,567,19,48.78
PRD_001472,M03,2025-05-19 06:00:00,Shift 1,OP01,640,579,558,21,48.89
PRD_001473,M03,2025-05-19 14:00:00,Shift 2,OP02,640,566,545,21,49.0
PRD_001474,M03,2025-05-19 22:00:00,Shift 3,OP03,640,575,559,16,49.11
PRD_001475,M03,2025-05-20 06:00:00,Shift 1,OP01,640,558,537,21,49.21
PRD_001476,M03,2025-05-20 14:00:00,Shift 2,OP02,640,567,552,15,49.32
PRD_001477,M03,2025-05-20 22:00:00,Shift 3,OP03,640,560,543,17,49.43
PRD_001478,M03,2025-05-21 06:00:00,Shift 1,OP01,640,571,556,15,49.55
PRD_001479,M03,2025-05-21 14:00:00,Shift 2,OP02,640,555,540,15,49.66
PRD_001480,M03,2025-05-21 22:00:00,Shift 3,OP03,640,564,551,13,49.76
PRD_001481,M03,2025-05-22 06:00:00,Shift 1,OP01,640,559,541,18,49.88
PRD_001482,M03,2025-05-22 14:00:00,Shift 2,OP02,640,571,548,23,50.01
PRD_001483,M03,2025-05-22 22:00:00,Shift 3,OP03,640,554,537,17,50.12
PRD_001484,M03,2025-05-23 06:00:00,Shift 1,OP01,640,552,532,20,50.24
PRD_001485,M03,2025-05-23 14:00:00,Shift 2,OP02,640,548,531,17,50.35
PRD_001486,M03,2025-05-23 22:00:00,Shift 3,OP03,640,545,527,18,50.47
PRD_001487,M03,2025-05-24 06:00:00,Shift 1,OP01,640,553,535,18,50.59
PRD_001488,M03,2025-05-24 14:00:00,Shift 2,OP02,640,543,517,26,50.7
PRD_001489,M03,2025-05-24 22:00:00,Shift 3,OP03,640,555,534,21,50.82
PRD_001490,M03,2025-05-25 06:00:00,Shift 1,OP01,640,545,518,27,50.93
PRD_001491,M03,2025-05-25 14:00:00,Shift 2,OP02,640,544,517,27,51.04
PRD_001492,M03,2025-05-25 22:00:00,Shift 3,OP03,640,550,523,27,51.16
PRD_001493,M03,2025-05-26 06:00:00,Shift 1,OP01,640,543,524,19,51.27
PRD_001494,M03,2025-05-26 14:00:00,Shift 2,OP02,640,544,521,23,51.4
PRD_001495,M03,2025-05-26 22:00:00,Shift 3,OP03,640,553,527,26,51.51
PRD_001496,M03,2025-05-27 06:00:00,Shift 1,OP01,640,554,526,28,51.63
PRD_001497,M03,2025-05-27 14:00:00,Shift 2,OP02,640,553,528,25,51.75
PRD_001498,M03,2025-05-27 22:00:00,Shift 3,OP03,640,542,518,24,51.89
PRD_001499,M03,2025-05-28 06:00:00,Shift 1,OP01,640,532,503,29,52.02
PRD_001500,M03,2025-05-28 14:00:00,Shift 2,OP02,640,537,514,23,52.16
PRD_001501,M03,2025-05-28 22:00:00,Shift 3,OP03,640,545,517,28,52.29
PRD_001502,M03,2025-05-29 06:00:00,Shift 1,OP01,640,539,515,24,52.43
PRD_001503,M03,2025-05-29 14:00:00,Shift 2,OP02,640,545,513,32,52.56
PRD_001504,M03,2025-05-29 22:00:00,Shift 3,OP03,640,524,500,24,52.7
PRD_001505,M03,2025-05-30 06:00:00,Shift 1,OP01,640,521,497,24,52.82
PRD_001506,M03,2025-05-30 14:00:00,Shift 2,OP02,640,537,509,28,52.93
PRD_001507,M03,2025-05-30 22:00:00,Shift 3,OP03,640,528,504,24,53.05
PRD_001508,M03,2025-05-31 06:00:00,Shift 1,OP01,640,518,486,32,53.18
PRD_001509,M03,2025-05-31 14:00:00,Shift 2,OP02,640,534,499,35,53.3
PRD_001510,M03,2025-05-31 22:00:00,Shift 3,OP03,640,533,508,25,53.43
PRD_001511,M03,2025-06-01 06:00:00,Shift 1,OP01,640,528,496,32,53.56
PRD_001512,M03,2025-06-01 14:00:00,Shift 2,OP02,640,533,504,29,53.68
PRD_001513,M03,2025-06-01 22:00:00,Shift 3,OP03,640,528,497,31,53.82
PRD_001514,M03,2025-06-02 06:00:00,Shift 1,OP01,640,513,480,33,53.95
PRD_001515,M03,2025-06-02 14:00:00,Shift 2,OP02,640,510,475,35,54.07
PRD_001516,M03,2025-06-02 22:00:00,Shift 3,OP03,640,524,490,34,54.22
PRD_001517,M03,2025-06-03 06:00:00,Shift 1,OP01,640,524,493,31,54.35
PRD_001518,M03,2025-06-03 14:00:00,Shift 2,OP02,640,504,470,34,54.51
PRD_001519,M03,2025-06-03 22:00:00,Shift 3,OP03,640,517,482,35,54.65
PRD_001520,M03,2025-06-04 06:00:00,Shift 1,OP01,640,511,477,34,54.78
PRD_001521,M03,2025-06-04 14:00:00,Shift 2,OP02,640,506,475,31,54.91
PRD_001522,M03,2025-06-04 22:00:00,Shift 3,OP03,640,503,471,32,55.06
PRD_001523,M03,2025-06-05 06:00:00,Shift 1,OP01,640,506,474,32,55.17
PRD_001524,M03,2025-06-05 14:00:00,Shift 2,OP02,640,515,475,40,55.32
PRD_001525,M03,2025-06-05 22:00:00,Shift 3,OP03,640,505,465,40,55.47
PRD_001526,M03,2025-06-06 06:00:00,Shift 1,OP01,640,497,462,35,55.63
PRD_001527,M03,2025-06-06 14:00:00,Shift 2,OP02,640,504,468,36,55.79
PRD_001528,M03,2025-06-06 22:00:00,Shift 3,OP03,640,513,469,44,55.93
PRD_001529,M03,2025-06-07 06:00:00,Shift 1,OP01,640,498,455,43,56.08
PRD_001530,M03,2025-06-07 14:00:00,Shift 2,OP02,640,501,457,44,56.22
PRD_001531,M03,2025-06-07 22:00:00,Shift 3,OP03,640,501,458,43,56.36
PRD_001532,M03,2025-06-08 06:00:00,Shift 1,OP01,640,487,449,38,56.52
PRD_001533,M03,2025-06-08 14:00:00,Shift 2,OP02,640,490,453,37,56.67
PRD_001534,M03,2025-06-08 22:00:00,Shift 3,OP03,640,494,449,45,56.81
PRD_001535,M03,2025-06-09 06:00:00,Shift 1,OP01,640,503,461,42,56.96
PRD_001536,M03,2025-06-09 14:00:00,Shift 2,OP02,640,498,452,46,57.11
PRD_001537,M03,2025-06-10 06:00:00,Shift 1,OP01,640,605,591,14,45.34
PRD_001538,M03,2025-06-10 14:00:00,Shift 2,OP02,640,617,606,11,45.44
PRD_001539,M03,2025-06-10 22:00:00,Shift 3,OP03,640,631,616,15,45.53
PRD_001540,M03,2025-06-11 06:00:00,Shift 1,OP01,640,608,597,11,45.63
PRD_001541,M03,2025-06-11 14:00:00,Shift 2,OP02,640,603,586,17,45.72
PRD_001542,M03,2025-06-11 22:00:00,Shift 3,OP03,640,607,595,12,45.81
PRD_001543,M03,2025-06-12 06:00:00,Shift 1,OP01,640,619,612,7,45.91
PRD_001544,M03,2025-06-12 14:00:00,Shift 2,OP02,640,599,588,11,46.02
PRD_001545,M03,2025-06-12 22:00:00,Shift 3,OP03,640,602,595,7,46.11
PRD_001546,M03,2025-06-13 06:00:00,Shift 1,OP01,640,620,605,15,46.2
PRD_001547,M03,2025-06-13 14:00:00,Shift 2,OP02,640,599,587,12,46.31
PRD_001548,M03,2025-06-13 22:00:00,Shift 3,OP03,640,606,593,13,46.41
PRD_001549,M03,2025-06-14 06:00:00,Shift 1,OP01,640,594,584,10,46.52
PRD_001550,M03,2025-06-14 14:00:00,Shift 2,OP02,640,602,587,15,46.62
PRD_001551,M03,2025-06-14 22:00:00,Shift 3,OP03,640,593,580,13,46.73
PRD_001552,M03,2025-06-15 06:00:00,Shift 1,OP01,640,588,576,12,46.83
PRD_001553,M03,2025-06-15 14:00:00,Shift 2,OP02,640,602,585,17,46.93
PRD_001554,M03,2025-06-15 22:00:00,Shift 3,OP03,640,587,570,17,47.03
PRD_001555,M03,2025-06-16 06:00:00,Shift 1,OP01,640,610,591,19,47.13
PRD_001556,M03,2025-06-16 14:00:00,Shift 2,OP02,640,607,594,13,47.23
PRD_001557,M03,2025-06-16 22:00:00,Shift 3,OP03,640,586,569,17,47.33
PRD_001558,M03,2025-06-17 06:00:00,Shift 1,OP01,640,580,569,11,47.43
PRD_001559,M03,2025-06-17 14:00:00,Shift 2,OP02,640,586,569,17,47.54
PRD_001560,M03,2025-06-17 22:00:00,Shift 3,OP03,640,575,559,16,47.65
PRD_001561,M03,2025-06-18 06:00:00,Shift 1,OP01,640,584,565,19,47.75
PRD_001562,M03,2025-06-18 14:00:00,Shift 2,OP02,640,593,577,16,47.86
PRD_001563,M03,2025-06-18 22:00:00,Shift 3,OP03,640,593,584,9,47.96
PRD_001564,M03,2025-06-19 06:00:00,Shift 1,OP01,640,572,562,10,48.06
PRD_001565,M03,2025-06-19 14:00:00,Shift 2,OP02,640,596,581,15,48.18
PRD_001566,M03,2025-06-19 22:00:00,Shift 3,OP03,640,580,559,21,48.28
PRD_001567,M03,2025-06-20 06:00:00,Shift 1,OP01,640,591,577,14,48.38
PRD_001568,M03,2025-06-20 14:00:00,Shift 2,OP02,640,573,562,11,48.5
PRD_001569,M03,2025-06-20 22:00:00,Shift 3,OP03,640,586,564,22,48.6
PRD_001570,M03,2025-06-21 06:00:00,Shift 1,OP01,640,575,553,22,48.71
PRD_001571,M03,2025-06-21 14:00:00,Shift 2,OP02,640,565,546,19,48.82
PRD_001572,M03,2025-06-21 22:00:00,Shift 3,OP03,640,583,566,17,48.93
PRD_001573,M03,2025-06-22 06:00:00,Shift 1,OP01,640,585,573,12,49.04
PRD_001574,M03,2025-06-22 14:00:00,Shift 2,OP02,640,579,556,23,49.14
PRD_001575,M03,2025-06-22 22:00:00,Shift 3,OP03,640,572,549,23,49.26
PRD_001576,M03,2025-06-23 06:00:00,Shift 1,OP01,640,571,553,18,49.37
PRD_001577,M03,2025-06-23 14:00:00,Shift 2,OP02,640,573,551,22,49.48
PRD_001578,M03,2025-06-23 22:00:00,Shift 3,OP03,640,554,539,15,49.59
PRD_001579,M03,2025-06-24 06:00:00,Shift 1,OP01,640,573,550,23,49.69
PRD_001580,M03,2025-06-24 14:00:00,Shift 2,OP02,640,568,551,17,49.81
PRD_001581,M03,2025-06-24 22:00:00,Shift 3,OP03,640,558,535,23,49.93
PRD_001582,M03,2025-06-25 06:00:00,Shift 1,OP01,640,569,554,15,50.04
PRD_001583,M03,2025-06-25 14:00:00,Shift 2,OP02,640,567,552,15,50.14
PRD_001584,M03,2025-06-25 22:00:00,Shift 3,OP03,640,562,545,17,50.26
PRD_001585,M03,2025-06-26 06:00:00,Shift 1,OP01,640,567,549,18,50.37
PRD_001586,M03,2025-06-26 14:00:00,Shift 2,OP02,640,565,544,21,50.49
PRD_001587,M03,2025-06-26 22:00:00,Shift 3,OP03,640,552,536,16,50.61
PRD_001588,M03,2025-06-27 06:00:00,Shift 1,OP01,640,554,527,27,50.74
PRD_001589,M03,2025-06-27 14:00:00,Shift 2,OP02,640,539,522,17,50.86
PRD_001590,M03,2025-06-27 22:00:00,Shift 3,OP03,640,562,535,27,50.99
PRD_001591,M03,2025-06-28 06:00:00,Shift 1,OP01,640,543,521,22,51.11
PRD_001592,M03,2025-06-28 14:00:00,Shift 2,OP02,640,548,525,23,51.24
PRD_001593,M03,2025-06-28 22:00:00,Shift 3,OP03,640,547,520,27,51.36
PRD_001594,M03,2025-06-29 06:00:00,Shift 1,OP01,640,543,516,27,51.47
PRD_001595,M03,2025-06-29 14:00:00,Shift 2,OP02,640,533,513,20,51.59
PRD_001596,M03,2025-06-29 22:00:00,Shift 3,OP03,640,530,510,20,51.72
PRD_001597,M04,2025-01-01 06:00:00,Shift 1,OP04,960,904,879,25,30.53
PRD_001598,M04,2025-01-01 14:00:00,Shift 2,OP05,960,894,875,19,30.63
PRD_001599,M04,2025-01-01 22:00:00,Shift 3,OP06,960,904,893,11,30.72
PRD_001600,M04,2025-01-02 06:00:00,Shift 1,OP04,960,900,875,25,30.81
PRD_001601,M04,2025-01-02 14:00:00,Shift 2,OP05,960,892,866,26,30.9
PRD_001602,M04,2025-01-02 22:00:00,Shift 3,OP06,960,909,882,27,31.01
PRD_001603,M04,2025-01-03 06:00:00,Shift 1,OP04,960,917,897,20,31.1
PRD_001604,M04,2025-01-03 14:00:00,Shift 2,OP05,960,903,889,14,31.21
PRD_001605,M04,2025-01-03 22:00:00,Shift 3,OP06,960,900,881,19,31.31
PRD_001606,M04,2025-01-04 06:00:00,Shift 1,OP04,960,901,883,18,31.41
PRD_001607,M04,2025-01-04 14:00:00,Shift 2,OP05,960,895,867,28,31.53
PRD_001608,M04,2025-01-04 22:00:00,Shift 3,OP06,960,882,868,14,31.64
PRD_001609,M04,2025-01-05 06:00:00,Shift 1,OP04,960,868,855,13,31.74
PRD_001610,M04,2025-01-05 14:00:00,Shift 2,OP05,960,863,845,18,31.84
PRD_001611,M04,2025-01-05 22:00:00,Shift 3,OP06,960,872,846,26,31.94
PRD_001612,M04,2025-01-06 06:00:00,Shift 1,OP04,960,890,859,31,32.05
PRD_001613,M04,2025-01-06 14:00:00,Shift 2,OP05,960,888,861,27,32.15
PRD_001614,M04,2025-01-06 22:00:00,Shift 3,OP06,960,889,865,24,32.26
PRD_001615,M04,2025-01-07 06:00:00,Shift 1,OP04,960,880,855,25,32.37
PRD_001616,M04,2025-01-07 14:00:00,Shift 2,OP05,960,862,831,31,32.48
PRD_001617,M04,2025-01-07 22:00:00,Shift 3,OP06,960,882,852,30,32.59
PRD_001618,M04,2025-01-08 06:00:00,Shift 1,OP04,960,861,838,23,32.7
PRD_001619,M04,2025-01-08 14:00:00,Shift 2,OP05,960,834,812,22,32.81
PRD_001620,M04,2025-01-08 22:00:00,Shift 3,OP06,960,859,830,29,32.92
PRD_001621,M04,2025-01-09 06:00:00,Shift 1,OP04,960,869,845,24,33.04
PRD_001622,M04,2025-01-09 14:00:00,Shift 2,OP05,960,849,825,24,33.16
PRD_001623,M04,2025-01-09 22:00:00,Shift 3,OP06,960,840,820,20,33.27
PRD_001624,M04,2025-01-10 06:00:00,Shift 1,OP04,960,843,806,37,33.38
PRD_001625,M04,2025-01-10 14:00:00,Shift 2,OP05,960,853,814,39,33.5
PRD_001626,M04,2025-01-10 22:00:00,Shift 3,OP06,960,823,797,26,33.62
PRD_001627,M04,2025-01-11 06:00:00,Shift 1,OP04,960,820,782,38,33.73
PRD_001628,M04,2025-01-11 14:00:00,Shift 2,OP05,960,844,803,41,33.83
PRD_001629,M04,2025-01-11 22:00:00,Shift 3,OP06,960,827,798,29,33.95
PRD_001630,M04,2025-01-12 06:00:00,Shift 1,OP04,960,806,766,40,34.06
PRD_001631,M04,2025-01-12 14:00:00,Shift 2,OP05,960,842,806,36,34.17
PRD_001632,M04,2025-01-12 22:00:00,Shift 3,OP06,960,802,772,30,34.29
PRD_001633,M04,2025-01-13 06:00:00,Shift 1,OP04,960,820,786,34,34.4
PRD_001634,M04,2025-01-13 14:00:00,Shift 2,OP05,960,794,751,43,34.54
PRD_001635,M04,2025-01-13 22:00:00,Shift 3,OP06,960,818,781,37,34.66
PRD_001636,M04,2025-01-14 06:00:00,Shift 1,OP04,960,807,771,36,34.78
PRD_001637,M04,2025-01-14 14:00:00,Shift 2,OP05,960,784,747,37,34.92
PRD_001638,M04,2025-01-14 22:00:00,Shift 3,OP06,960,809,762,47,35.05
PRD_001639,M04,2025-01-15 06:00:00,Shift 1,OP04,960,790,749,41,35.17
PRD_001640,M04,2025-01-15 14:00:00,Shift 2,OP05,960,788,752,36,35.29
PRD_001641,M04,2025-01-15 22:00:00,Shift 3,OP06,960,792,751,41,35.41
PRD_001642,M04,2025-01-16 06:00:00,Shift 1,OP04,960,802,755,47,35.53
PRD_001643,M04,2025-01-16 14:00:00,Shift 2,OP05,960,768,718,50,35.67
PRD_001644,M04,2025-01-16 22:00:00,Shift 3,OP06,960,774,723,51,35.8
PRD_001645,M04,2025-01-17 06:00:00,Shift 1,OP04,960,793,746,47,35.93
PRD_001646,M04,2025-01-17 14:00:00,Shift 2,OP05,960,785,739,46,36.05
PRD_001647,M04,2025-01-17 22:00:00,Shift 3,OP06,960,768,714,54,36.18
PRD_001648,M04,2025-01-18 06:00:00,Shift 1,OP04,960,781,722,59,36.32
PRD_001649,M04,2025-01-18 14:00:00,Shift 2,OP05,960,789,737,52,36.46
PRD_001650,M04,2025-01-18 22:00:00,Shift 3,OP06,960,764,714,50,36.61
PRD_001651,M04,2025-01-19 06:00:00,Shift 1,OP04,960,758,697,61,36.75
PRD_001652,M04,2025-01-19 14:00:00,Shift 2,OP05,960,776,715,61,36.89
PRD_001653,M04,2025-01-19 22:00:00,Shift 3,OP06,960,767,716,51,37.01
PRD_001654,M04,2025-01-20 06:00:00,Shift 1,OP04,960,745,694,51,37.15
PRD_001655,M04,2025-01-20 14:00:00,Shift 2,OP05,960,740,689,51,37.29
PRD_001656,M04,2025-01-20 22:00:00,Shift 3,OP06,960,734,672,62,37.44
PRD_001657,M04,2025-01-21 06:00:00,Shift 1,OP04,960,733,674,59,37.6
PRD_001658,M04,2025-01-21 14:00:00,Shift 2,OP05,960,743,679,64,37.75
PRD_001659,M04,2025-01-21 22:00:00,Shift 3,OP06,960,741,679,62,37.9
PRD_001660,M04,2025-01-22 06:00:00,Shift 1,OP04,960,720,650,70,38.05
PRD_001661,M04,2025-01-22 22:00:00,Shift 3,OP06,960,934,922,12,30.64
PRD_001662,M04,2025-01-23 06:00:00,Shift 1,OP04,960,896,874,22,30.73
PRD_001663,M04,2025-01-23 14:00:00,Shift 2,OP05,960,909,882,27,30.82
PRD_001664,M04,2025-01-23 22:00:00,Shift 3,OP06,960,927,903,24,30.92
PRD_001665,M04,2025-01-24 06:00:00,Shift 1,OP04,960,886,866,20,31.02
PRD_001666,M04,2025-01-24 14:00:00,Shift 2,OP05,960,903,877,26,31.11
PRD_001667,M04,2025-01-24 22:00:00,Shift 3,OP06,960,897,881,16,31.2
PRD_001668,M04,2025-01-25 06:00:00,Shift 1,OP04,960,901,878,23,31.31
PRD_001669,M04,2025-01-25 14:00:00,Shift 2,OP05,960,871,856,15,31.41
PRD_001670,M04,2025-01-25 22:00:00,Shift 3,OP06,960,868,846,22,31.51
PRD_001671,M04,2025-01-26 06:00:00,Shift 1,OP04,960,885,859,26,31.62
PRD_001672,M04,2025-01-26 14:00:00,Shift 2,OP05,960,872,843,29,31.72
PRD_001673,M04,2025-01-26 22:00:00,Shift 3,OP06,960,894,865,29,31.82
PRD_001674,M04,2025-01-27 06:00:00,Shift 1,OP04,960,887,856,31,31.92
PRD_001675,M04,2025-01-27 14:00:00,Shift 2,OP05,960,885,871,14,32.03
PRD_001676,M04,2025-01-27 22:00:00,Shift 3,OP06,960,876,849,27,32.13
PRD_001677,M04,2025-01-28 06:00:00,Shift 1,OP04,960,858,834,24,32.24
PRD_001678,M04,2025-01-28 14:00:00,Shift 2,OP05,960,867,836,31,32.35
PRD_001679,M04,2025-01-28 22:00:00,Shift 3,OP06,960,863,830,33,32.46
PRD_001680,M04,2025-01-29 06:00:00,Shift 1,OP04,960,879,848,31,32.56
PRD_001681,M04,2025-01-29 14:00:00,Shift 2,OP05,960,862,830,32,32.67
PRD_001682,M04,2025-01-29 22:00:00,Shift 3,OP06,960,878,856,22,32.78
PRD_001683,M04,2025-01-30 06:00:00,Shift 1,OP04,960,867,840,27,32.89
PRD_001684,M04,2025-01-30 14:00:00,Shift 2,OP05,960,840,815,25,32.99
PRD_001685,M04,2025-01-30 22:00:00,Shift 3,OP06,960,866,843,23,33.11
PRD_001686,M04,2025-01-31 06:00:00,Shift 1,OP04,960,866,839,27,33.22
PRD_001687,M04,2025-01-31 14:00:00,Shift 2,OP05,960,855,819,36,33.34
PRD_001688,M04,2025-01-31 22:00:00,Shift 3,OP06,960,855,825,30,33.45
PRD_001689,M04,2025-02-01 06:00:00,Shift 1,OP04,960,819,783,36,33.56
PRD_001690,M04,2025-02-01 14:00:00,Shift 2,OP05,960,836,804,32,33.67
PRD_001691,M04,2025-02-01 22:00:00,Shift 3,OP06,960,820,791,29,33.79
PRD_001692,M04,2025-02-02 06:00:00,Shift 1,OP04,960,836,811,25,33.91
PRD_001693,M04,2025-02-02 14:00:00,Shift 2,OP05,960,805,776,29,34.05
PRD_001694,M04,2025-02-02 22:00:00,Shift 3,OP06,960,836,802,34,34.18
PRD_001695,M04,2025-02-03 06:00:00,Shift 1,OP04,960,811,768,43,34.31
PRD_001696,M04,2025-02-03 14:00:00,Shift 2,OP05,960,827,787,40,34.44
PRD_001697,M04,2025-02-03 22:00:00,Shift 3,OP06,960,792,754,38,34.56
PRD_001698,M04,2025-02-04 06:00:00,Shift 1,OP04,960,821,782,39,34.7
PRD_001699,M04,2025-02-04 14:00:00,Shift 2,OP05,960,800,765,35,34.83
PRD_001700,M04,2025-02-04 22:00:00,Shift 3,OP06,960,810,774,36,34.95
PRD_001701,M04,2025-02-05 06:00:00,Shift 1,OP04,960,786,750,36,35.08
PRD_001702,M04,2025-02-05 14:00:00,Shift 2,OP05,960,812,772,40,35.21
PRD_001703,M04,2025-02-05 22:00:00,Shift 3,OP06,960,787,747,40,35.33
PRD_001704,M04,2025-02-06 06:00:00,Shift 1,OP04,960,794,749,45,35.45
PRD_001705,M04,2025-02-06 14:00:00,Shift 2,OP05,960,779,733,46,35.59
PRD_001706,M04,2025-02-06 22:00:00,Shift 3,OP06,960,774,733,41,35.72
PRD_001707,M04,2025-02-07 06:00:00,Shift 1,OP04,960,783,729,54,35.85
PRD_001708,M04,2025-02-07 14:00:00,Shift 2,OP05,960,779,736,43,36.0
PRD_001709,M04,2025-02-07 22:00:00,Shift 3,OP06,960,762,709,53,36.12
PRD_001710,M04,2025-02-08 06:00:00,Shift 1,OP04,960,784,727,57,36.25
PRD_001711,M04,2025-02-08 14:00:00,Shift 2,OP05,960,765,720,45,36.4
PRD_001712,M04,2025-02-08 22:00:00,Shift 3,OP06,960,764,706,58,36.54
PRD_001713,M04,2025-02-09 06:00:00,Shift 1,OP04,960,748,693,55,36.69
PRD_001714,M04,2025-02-09 14:00:00,Shift 2,OP05,960,749,695,54,36.83
PRD_001715,M04,2025-02-09 22:00:00,Shift 3,OP06,960,752,702,50,36.96
PRD_001716,M04,2025-02-10 06:00:00,Shift 1,OP04,960,750,689,61,37.11
PRD_001717,M04,2025-02-10 14:00:00,Shift 2,OP05,960,750,688,62,37.25
PRD_001718,M04,2025-02-10 22:00:00,Shift 3,OP06,960,766,704,62,37.39
PRD_001719,M04,2025-02-11 06:00:00,Shift 1,OP04,960,765,702,63,37.53
PRD_001720,M04,2025-02-11 14:00:00,Shift 2,OP05,960,758,695,63,37.67
PRD_001721,M04,2025-02-11 22:00:00,Shift 3,OP06,960,751,688,63,37.81
PRD_001722,M04,2025-02-12 06:00:00,Shift 1,OP04,960,748,683,65,37.95
PRD_001723,M04,2025-02-13 06:00:00,Shift 1,OP04,960,920,910,10,30.54
PRD_001724,M04,2025-02-13 14:00:00,Shift 2,OP05,960,932,915,17,30.63
PRD_001725,M04,2025-02-13 22:00:00,Shift 3,OP06,960,926,900,26,30.72
PRD_001726,M04,2025-02-14 06:00:00,Shift 1,OP04,960,931,920,11,30.81
PRD_001727,M04,2025-02-14 14:00:00,Shift 2,OP05,960,896,877,19,30.91
PRD_001728,M04,2025-02-14 22:00:00,Shift 3,OP06,960,923,908,15,31.02
PRD_001729,M04,2025-02-15 06:00:00,Shift 1,OP04,960,888,876,12,31.12
PRD_001730,M04,2025-02-15 14:00:00,Shift 2,OP05,960,908,886,22,31.21
PRD_001731,M04,2025-02-15 22:00:00,Shift 3,OP06,960,892,873,19,31.31
PRD_001732,M04,2025-02-16 06:00:00,Shift 1,OP04,960,881,860,21,31.41
PRD_001733,M04,2025-02-16 14:00:00,Shift 2,OP05,960,872,846,26,31.51
PRD_001734,M04,2025-02-16 22:00:00,Shift 3,OP06,960,903,878,25,31.61
PRD_001735,M04,2025-02-17 06:00:00,Shift 1,OP04,960,890,871,19,31.72
PRD_001736,M04,2025-02-17 14:00:00,Shift 2,OP05,960,861,845,16,31.83
PRD_001737,M04,2025-02-17 22:00:00,Shift 3,OP06,960,865,837,28,31.94
PRD_001738,M04,2025-02-18 06:00:00,Shift 1,OP04,960,882,866,16,32.04
PRD_001739,M04,2025-02-18 14:00:00,Shift 2,OP05,960,889,871,18,32.15
PRD_001740,M04,2025-02-18 22:00:00,Shift 3,OP06,960,849,828,21,32.25
PRD_001741,M04,2025-02-19 06:00:00,Shift 1,OP04,960,848,817,31,32.36
PRD_001742,M04,2025-02-19 14:00:00,Shift 2,OP05,960,875,854,21,32.47
PRD_001743,M04,2025-02-19 22:00:00,Shift 3,OP06,960,880,855,25,32.58
PRD_001744,M04,2025-02-20 06:00:00,Shift 1,OP04,960,864,842,22,32.7
PRD_001745,M04,2025-02-20 14:00:00,Shift 2,OP05,960,835,811,24,32.81
PRD_001746,M04,2025-02-20 22:00:00,Shift 3,OP06,960,865,837,28,32.92
PRD_001747,M04,2025-02-21 06:00:00,Shift 1,OP04,960,858,830,28,33.04
PRD_001748,M04,2025-02-21 14:00:00,Shift 2,OP05,960,830,808,22,33.16
PRD_001749,M04,2025-02-21 22:00:00,Shift 3,OP06,960,825,801,24,33.28
PRD_001750,M04,2025-02-22 06:00:00,Shift 1,OP04,960,842,814,28,33.4
PRD_001751,M04,2025-02-22 14:00:00,Shift 2,OP05,960,820,792,28,33.52
PRD_001752,M04,2025-02-22 22:00:00,Shift 3,OP06,960,822,789,33,33.64
PRD_001753,M04,2025-02-23 06:00:00,Shift 1,OP04,960,834,806,28,33.76
PRD_001754,M04,2025-02-23 14:00:00,Shift 2,OP05,960,808,782,26,33.89
PRD_001755,M04,2025-02-23 22:00:00,Shift 3,OP06,960,820,785,35,34.02
PRD_001756,M04,2025-02-24 06:00:00,Shift 1,OP04,960,829,799,30,34.13
PRD_001757,M04,2025-02-24 14:00:00,Shift 2,OP05,960,827,789,38,34.24
PRD_001758,M04,2025-02-24 22:00:00,Shift 3,OP06,960,832,795,37,34.36
PRD_001759,M04,2025-02-25 06:00:00,Shift 1,OP04,960,799,757,42,34.48
PRD_001760,M04,2025-02-25 14:00:00,Shift 2,OP05,960,813,776,37,34.61
PRD_001761,M04,2025-02-25 22:00:00,Shift 3,OP06,960,802,771,31,34.73
PRD_001762,M04,2025-02-26 06:00:00,Shift 1,OP04,960,795,755,40,34.86
PRD_001763,M04,2025-02-26 14:00:00,Shift 2,OP05,960,797,754,43,34.98
PRD_001764,M04,2025-02-26 22:00:00,Shift 3,OP06,960,819,772,47,35.1
PRD_001765,M04,2025-02-27 06:00:00,Shift 1,OP04,960,781,741,40,35.24
PRD_001766,M04,2025-02-27 14:00:00,Shift 2,OP05,960,785,742,43,35.38
PRD_001767,M04,2025-02-27 22:00:00,Shift 3,OP06,960,789,744,45,35.52
PRD_001768,M04,2025-02-28 06:00:00,Shift 1,OP04,960,796,747,49,35.65
PRD_001769,M04,2025-02-28 14:00:00,Shift 2,OP05,960,789,747,42,35.79
PRD_001770,M04,2025-02-28 22:00:00,Shift 3,OP06,960,773,725,48,35.93
PRD_001771,M04,2025-03-01 06:00:00,Shift 1,OP04,960,773,722,51,36.08
PRD_001772,M04,2025-03-01 14:00:00,Shift 2,OP05,960,774,730,44,36.23
PRD_001773,M04,2025-03-01 22:00:00,Shift 3,OP06,960,769,721,48,36.36
PRD_001774,M04,2025-03-02 06:00:00,Shift 1,OP04,960,783,723,60,36.49
PRD_001775,M04,2025-03-02 14:00:00,Shift 2,OP05,960,753,694,59,36.61
PRD_001776,M04,2025-03-02 22:00:00,Shift 3,OP06,960,755,698,57,36.76
PRD_001777,M04,2025-03-03 06:00:00,Shift 1,OP04,960,770,711,59,36.9
PRD_001778,M04,2025-03-03 14:00:00,Shift 2,OP05,960,767,712,55,37.04
PRD_001779,M04,2025-03-03 22:00:00,Shift 3,OP06,960,763,698,65,37.17
PRD_001780,M04,2025-03-04 06:00:00,Shift 1,OP04,960,736,680,56,37.31
PRD_001781,M04,2025-03-04 14:00:00,Shift 2,OP05,960,746,693,53,37.44
PRD_001782,M04,2025-03-04 22:00:00,Shift 3,OP06,960,744,689,55,37.57
PRD_001783,M04,2025-03-05 06:00:00,Shift 1,OP04,960,763,698,65,37.72
PRD_001784,M04,2025-03-05 14:00:00,Shift 2,OP05,960,754,695,59,37.87
PRD_001785,M04,2025-03-05 22:00:00,Shift 3,OP06,960,724,664,60,38.03
PRD_001786,M04,2025-03-06 06:00:00,Shift 1,OP04,960,753,680,73,38.17
PRD_001787,M04,2025-03-07 06:00:00,Shift 1,OP04,960,903,876,27,30.68
PRD_001788,M04,2025-03-07 14:00:00,Shift 2,OP05,960,918,893,25,30.78
PRD_001789,M04,2025-03-07 22:00:00,Shift 3,OP06,960,915,901,14,30.88
PRD_001790,M04,2025-03-08 06:00:00,Shift 1,OP04,960,920,900,20,30.98
PRD_001791,M04,2025-03-08 14:00:00,Shift 2,OP05,960,892,867,25,31.08
PRD_001792,M04,2025-03-08 22:00:00,Shift 3,OP06,960,900,888,12,31.18
PRD_001793,M04,2025-03-09 06:00:00,Shift 1,OP04,960,919,903,16,31.28
PRD_001794,M04,2025-03-09 14:00:00,Shift 2,OP05,960,893,865,28,31.37
PRD_001795,M04,2025-03-09 22:00:00,Shift 3,OP06,960,872,859,13,31.48
PRD_001796,M04,2025-03-10 06:00:00,Shift 1,OP04,960,888,859,29,31.58
PRD_001797,M04,2025-03-10 14:00:00,Shift 2,OP05,960,898,880,18,31.69
PRD_001798,M04,2025-03-10 22:00:00,Shift 3,OP06,960,896,882,14,31.79
PRD_001799,M04,2025-03-11 06:00:00,Shift 1,OP04,960,895,876,19,31.9
PRD_001800,M04,2025-03-11 14:00:00,Shift 2,OP05,960,891,872,19,32.01
PRD_001801,M04,2025-03-11 22:00:00,Shift 3,OP06,960,853,829,24,32.11
PRD_001802,M04,2025-03-12 06:00:00,Shift 1,OP04,960,886,860,26,32.23
PRD_001803,M04,2025-03-12 14:00:00,Shift 2,OP05,960,881,859,22,32.34
PRD_001804,M04,2025-03-12 22:00:00,Shift 3,OP06,960,886,856,30,32.44
PRD_001805,M04,2025-03-13 06:00:00,Shift 1,OP04,960,877,857,20,32.57
PRD_001806,M04,2025-03-13 14:00:00,Shift 2,OP05,960,852,833,19,32.66
PRD_001807,M04,2025-03-13 22:00:00,Shift 3,OP06,960,835,807,28,32.76
PRD_001808,M04,2025-03-14 06:00:00,Shift 1,OP04,960,857,832,25,32.88
PRD_001809,M04,2025-03-14 14:00:00,Shift 2,OP05,960,870,850,20,33.0
PRD_001810,M04,2025-03-14 22:00:00,Shift 3,OP06,960,831,807,24,33.12
PRD_001811,M04,2025-03-15 06:00:00,Shift 1,OP04,960,850,819,31,33.24
PRD_001812,M04,2025-03-15 14:00:00,Shift 2,OP05,960,852,822,30,33.34
PRD_001813,M04,2025-03-15 22:00:00,Shift 3,OP06,960,837,814,23,33.45
PRD_001814,M04,2025-03-16 06:00:00,Shift 1,OP04,960,846,807,39,33.57
PRD_001815,M04,2025-03-16 14:00:00,Shift 2,OP05,960,833,797,36,33.7
PRD_001816,M04,2025-03-16 22:00:00,Shift 3,OP06,960,851,822,29,33.82
PRD_001817,M04,2025-03-17 06:00:00,Shift 1,OP04,960,819,782,37,33.94
PRD_001818,M04,2025-03-17 14:00:00,Shift 2,OP05,960,833,793,40,34.07
PRD_001819,M04,2025-03-17 22:00:00,Shift 3,OP06,960,821,791,30,34.18
PRD_001820,M04,2025-03-18 06:00:00,Shift 1,OP04,960,811,780,31,34.29
PRD_001821,M04,2025-03-18 14:00:00,Shift 2,OP05,960,807,777,30,34.41
PRD_001822,M04,2025-03-18 22:00:00,Shift 3,OP06,960,821,785,36,34.54
PRD_001823,M04,2025-03-19 06:00:00,Shift 1,OP04,960,821,787,34,34.66
PRD_001824,M04,2025-03-19 14:00:00,Shift 2,OP05,960,792,752,40,34.79
PRD_001825,M04,2025-03-19 22:00:00,Shift 3,OP06,960,796,759,37,34.91
PRD_001826,M04,2025-03-20 06:00:00,Shift 1,OP04,960,799,756,43,35.04
PRD_001827,M04,2025-03-20 14:00:00,Shift 2,OP05,960,799,758,41,35.18
PRD_001828,M04,2025-03-20 22:00:00,Shift 3,OP06,960,784,738,46,35.31
PRD_001829,M04,2025-03-21 06:00:00,Shift 1,OP04,960,777,732,45,35.43
PRD_001830,M04,2025-03-21 14:00:00,Shift 2,OP05,960,803,749,54,35.57
PRD_001831,M04,2025-03-21 22:00:00,Shift 3,OP06,960,769,724,45,35.7
PRD_001832,M04,2025-03-22 06:00:00,Shift 1,OP04,960,789,743,46,35.85
PRD_001833,M04,2025-03-22 14:00:00,Shift 2,OP05,960,779,737,42,35.98
PRD_001834,M04,2025-03-22 22:00:00,Shift 3,OP06,960,761,709,52,36.12
PRD_001835,M04,2025-03-23 06:00:00,Shift 1,OP04,960,771,724,47,36.26
PRD_001836,M04,2025-03-23 14:00:00,Shift 2,OP05,960,764,715,49,36.38
PRD_001837,M04,2025-03-23 22:00:00,Shift 3,OP06,960,766,713,53,36.5
PRD_001838,M04,2025-03-24 06:00:00,Shift 1,OP04,960,776,728,48,36.63
PRD_001839,M04,2025-03-24 14:00:00,Shift 2,OP05,960,773,712,61,36.77
PRD_001840,M04,2025-03-24 22:00:00,Shift 3,OP06,960,777,719,58,36.91
PRD_001841,M04,2025-03-25 06:00:00,Shift 1,OP04,960,776,717,59,37.05
PRD_001842,M04,2025-03-25 14:00:00,Shift 2,OP05,960,758,694,64,37.17
PRD_001843,M04,2025-03-25 22:00:00,Shift 3,OP06,960,767,708,59,37.3
PRD_001844,M04,2025-03-26 06:00:00,Shift 1,OP04,960,731,669,62,37.45
PRD_001845,M04,2025-03-26 14:00:00,Shift 2,OP05,960,740,673,67,37.6
PRD_001846,M04,2025-03-26 22:00:00,Shift 3,OP06,960,743,676,67,37.76
PRD_001847,M04,2025-03-27 06:00:00,Shift 1,OP04,960,739,682,57,37.91
PRD_001848,M04,2025-03-27 14:00:00,Shift 2,OP05,960,737,675,62,38.07
PRD_001849,M04,2025-03-28 06:00:00,Shift 1,OP04,960,947,928,19,30.32
PRD_001850,M04,2025-03-28 14:00:00,Shift 2,OP05,960,933,923,10,30.41
PRD_001851,M04,2025-03-28 22:00:00,Shift 3,OP06,960,927,908,19,30.5
PRD_001852,M04,2025-03-29 06:00:00,Shift 1,OP04,960,936,913,23,30.6
PRD_001853,M04,2025-03-29 14:00:00,Shift 2,OP05,960,921,901,20,30.7
PRD_001854,M04,2025-03-29 22:00:00,Shift 3,OP06,960,930,913,17,30.79
PRD_001855,M04,2025-03-30 06:00:00,Shift 1,OP04,960,918,890,28,30.89
PRD_001856,M04,2025-03-30 14:00:00,Shift 2,OP05,960,904,888,16,30.98
PRD_001857,M04,2025-03-30 22:00:00,Shift 3,OP06,960,911,894,17,31.07
PRD_001858,M04,2025-03-31 06:00:00,Shift 1,OP04,960,885,865,20,31.18
PRD_001859,M04,2025-03-31 14:00:00,Shift 2,OP05,960,913,899,14,31.27
PRD_001860,M04,2025-03-31 22:00:00,Shift 3,OP06,960,896,884,12,31.37
PRD_001861,M04,2025-04-01 06:00:00,Shift 1,OP04,960,892,864,28,31.48
PRD_001862,M04,2025-04-01 14:00:00,Shift 2,OP05,960,882,867,15,31.59
PRD_001863,M04,2025-04-01 22:00:00,Shift 3,OP06,960,899,886,13,31.69
PRD_001864,M04,2025-04-02 06:00:00,Shift 1,OP04,960,882,868,14,31.79
PRD_001865,M04,2025-04-02 14:00:00,Shift 2,OP05,960,857,834,23,31.91
PRD_001866,M04,2025-04-02 22:00:00,Shift 3,OP06,960,897,882,15,32.01
PRD_001867,M04,2025-04-03 06:00:00,Shift 1,OP04,960,879,859,20,32.12
PRD_001868,M04,2025-04-03 14:00:00,Shift 2,OP05,960,884,856,28,32.22
PRD_001869,M04,2025-04-03 22:00:00,Shift 3,OP06,960,874,848,26,32.33
PRD_001870,M04,2025-04-04 06:00:00,Shift 1,OP04,960,874,853,21,32.43
PRD_001871,M04,2025-04-04 14:00:00,Shift 2,OP05,960,871,847,24,32.55
PRD_001872,M04,2025-04-04 22:00:00,Shift 3,OP06,960,869,846,23,32.66
PRD_001873,M04,2025-04-05 06:00:00,Shift 1,OP04,960,838,816,22,32.77
PRD_001874,M04,2025-04-05 14:00:00,Shift 2,OP05,960,857,837,20,32.88
PRD_001875,M04,2025-04-05 22:00:00,Shift 3,OP06,960,860,827,33,33.0
PRD_001876,M04,2025-04-06 06:00:00,Shift 1,OP04,960,838,816,22,33.11
PRD_001877,M04,2025-04-06 14:00:00,Shift 2,OP05,960,831,796,35,33.23
PRD_001878,M04,2025-04-06 22:00:00,Shift 3,OP06,960,857,835,22,33.35
PRD_001879,M04,2025-04-07 06:00:00,Shift 1,OP04,960,831,797,34,33.46
PRD_001880,M04,2025-04-07 14:00:00,Shift 2,OP05,960,823,797,26,33.57
PRD_001881,M04,2025-04-07 22:00:00,Shift 3,OP06,960,814,783,31,33.67
PRD_001882,M04,2025-04-08 06:00:00,Shift 1,OP04,960,829,797,32,33.79
PRD_001883,M04,2025-04-08 14:00:00,Shift 2,OP05,960,808,768,40,33.92
PRD_001884,M04,2025-04-08 22:00:00,Shift 3,OP06,960,818,780,38,34.05
PRD_001885,M04,2025-04-09 06:00:00,Shift 1,OP04,960,835,796,39,34.18
PRD_001886,M04,2025-04-09 14:00:00,Shift 2,OP05,960,798,764,34,34.29
PRD_001887,M04,2025-04-09 22:00:00,Shift 3,OP06,960,797,768,29,34.42
PRD_001888,M04,2025-04-10 06:00:00,Shift 1,OP04,960,820,789,31,34.54
PRD_001889,M04,2025-04-10 14:00:00,Shift 2,OP05,960,816,778,38,34.66
PRD_001890,M04,2025-04-10 22:00:00,Shift 3,OP06,960,809,775,34,34.8
PRD_001891,M04,2025-04-11 06:00:00,Shift 1,OP04,960,802,763,39,34.92
PRD_001892,M04,2025-04-11 14:00:00,Shift 2,OP05,960,815,769,46,35.04
PRD_001893,M04,2025-04-11 22:00:00,Shift 3,OP06,960,808,766,42,35.17
PRD_001894,M04,2025-04-12 06:00:00,Shift 1,OP04,960,793,750,43,35.29
PRD_001895,M04,2025-04-12 14:00:00,Shift 2,OP05,960,791,745,46,35.42
PRD_001896,M04,2025-04-12 22:00:00,Shift 3,OP06,960,800,760,40,35.56
PRD_001897,M04,2025-04-13 06:00:00,Shift 1,OP04,960,794,754,40,35.68
PRD_001898,M04,2025-04-13 14:00:00,Shift 2,OP05,960,798,743,55,35.82
PRD_001899,M04,2025-04-13 22:00:00,Shift 3,OP06,960,786,734,52,35.94
PRD_001900,M04,2025-04-14 06:00:00,Shift 1,OP04,960,772,724,48,36.08
PRD_001901,M04,2025-04-14 14:00:00,Shift 2,OP05,960,792,736,56,36.22
PRD_001902,M04,2025-04-14 22:00:00,Shift 3,OP06,960,771,713,58,36.35
PRD_001903,M04,2025-04-15 06:00:00,Shift 1,OP04,960,758,703,55,36.5
PRD_001904,M04,2025-04-15 14:00:00,Shift 2,OP05,960,747,692,55,36.64
PRD_001905,M04,2025-04-15 22:00:00,Shift 3,OP06,960,746,696,50,36.79
PRD_001906,M04,2025-04-16 06:00:00,Shift 1,OP04,960,758,706,52,36.94
PRD_001907,M04,2025-04-16 14:00:00,Shift 2,OP05,960,757,693,64,37.09
PRD_001908,M04,2025-04-16 22:00:00,Shift 3,OP06,960,755,696,59,37.26
PRD_001909,M04,2025-04-17 06:00:00,Shift 1,OP04,960,753,686,67,37.4
PRD_001910,M04,2025-04-17 14:00:00,Shift 2,OP05,960,761,704,57,37.56
PRD_001911,M04,2025-04-17 22:00:00,Shift 3,OP06,960,746,683,63,37.72
PRD_001912,M04,2025-04-18 06:00:00,Shift 1,OP04,960,726,668,58,37.88
PRD_001913,M04,2025-04-18 14:00:00,Shift 2,OP05,960,743,683,60,38.02
PRD_001914,M04,2025-04-18 22:00:00,Shift 3,OP06,960,753,684,69,38.18
PRD_001915,M04,2025-04-19 06:00:00,Shift 1,OP04,960,920,906,14,30.47
PRD_001916,M04,2025-04-19 14:00:00,Shift 2,OP05,960,908,892,16,30.58
PRD_001917,M04,2025-04-19 22:00:00,Shift 3,OP06,960,901,888,13,30.67
PRD_001918,M04,2025-04-20 06:00:00,Shift 1,OP04,960,932,908,24,30.77
PRD_001919,M04,2025-04-20 14:00:00,Shift 2,OP05,960,932,912,20,30.87
PRD_001920,M04,2025-04-20 22:00:00,Shift 3,OP06,960,907,881,26,30.95
PRD_001921,M04,2025-04-21 06:00:00,Shift 1,OP04,960,902,878,24,31.06
PRD_001922,M04,2025-04-21 14:00:00,Shift 2,OP05,960,913,892,21,31.16
PRD_001923,M04,2025-04-21 22:00:00,Shift 3,OP06,960,890,862,28,31.27
PRD_001924,M04,2025-04-22 06:00:00,Shift 1,OP04,960,909,893,16,31.38
PRD_001925,M04,2025-04-22 14:00:00,Shift 2,OP05,960,878,865,13,31.47
PRD_001926,M04,2025-04-22 22:00:00,Shift 3,OP06,960,900,887,13,31.57
PRD_001927,M04,2025-04-23 06:00:00,Shift 1,OP04,960,894,872,22,31.67
PRD_001928,M04,2025-04-23 14:00:00,Shift 2,OP05,960,899,869,30,31.77
PRD_001929,M04,2025-04-23 22:00:00,Shift 3,OP06,960,860,835,25,31.87
PRD_001930,M04,2025-04-24 06:00:00,Shift 1,OP04,960,886,868,18,31.98
PRD_001931,M04,2025-04-24 14:00:00,Shift 2,OP05,960,891,863,28,32.09
PRD_001932,M04,2025-04-24 22:00:00,Shift 3,OP06,960,879,864,15,32.19
PRD_001933,M04,2025-04-25 06:00:00,Shift 1,OP04,960,879,857,22,32.3
PRD_001934,M04,2025-04-25 14:00:00,Shift 2,OP05,960,874,858,16,32.41
PRD_001935,M04,2025-04-25 22:00:00,Shift 3,OP06,960,877,852,25,32.51
PRD_001936,M04,2025-04-26 06:00:00,Shift 1,OP04,960,872,840,32,32.62
PRD_001937,M04,2025-04-26 14:00:00,Shift 2,OP05,960,879,860,19,32.72
PRD_001938,M04,2025-04-26 22:00:00,Shift 3,OP06,960,854,830,24,32.83
PRD_001939,M04,2025-04-27 06:00:00,Shift 1,OP04,960,873,842,31,32.94
PRD_001940,M04,2025-04-27 14:00:00,Shift 2,OP05,960,847,824,23,33.06
PRD_001941,M04,2025-04-27 22:00:00,Shift 3,OP06,960,859,822,37,33.17
PRD_001942,M04,2025-04-28 06:00:00,Shift 1,OP04,960,851,823,28,33.28
PRD_001943,M04,2025-04-28 14:00:00,Shift 2,OP05,960,861,832,29,33.4
PRD_001944,M04,2025-04-28 22:00:00,Shift 3,OP06,960,828,805,23,33.5
PRD_001945,M04,2025-04-29 06:00:00,Shift 1,OP04,960,839,813,26,33.63
PRD_001946,M04,2025-04-29 14:00:00,Shift 2,OP05,960,849,815,34,33.75
PRD_001947,M04,2025-04-29 22:00:00,Shift 3,OP06,960,834,797,37,33.85
PRD_001948,M04,2025-04-30 06:00:00,Shift 1,OP04,960,827,798,29,33.97
PRD_001949,M04,2025-04-30 14:00:00,Shift 2,OP05,960,826,793,33,34.1
PRD_001950,M04,2025-04-30 22:00:00,Shift 3,OP06,960,815,786,29,34.24
PRD_001951,M04,2025-05-01 06:00:00,Shift 1,OP04,960,831,803,28,34.36
PRD_001952,M04,2025-05-01 14:00:00,Shift 2,OP05,960,818,775,43,34.48
PRD_001953,M04,2025-05-01 22:00:00,Shift 3,OP06,960,819,782,37,34.59
PRD_001954,M04,2025-05-02 06:00:00,Shift 1,OP04,960,788,755,33,34.73
PRD_001955,M04,2025-05-02 14:00:00,Shift 2,OP05,960,789,754,35,34.85
PRD_001956,M04,2025-05-02 22:00:00,Shift 3,OP06,960,797,756,41,34.98
PRD_001957,M04,2025-05-03 06:00:00,Shift 1,OP04,960,813,765,48,35.11
PRD_001958,M04,2025-05-03 14:00:00,Shift 2,OP05,960,788,750,38,35.24
PRD_001959,M04,2025-05-03 22:00:00,Shift 3,OP06,960,776,730,46,35.37
PRD_001960,M04,2025-05-04 06:00:00,Shift 1,OP04,960,802,751,51,35.49
PRD_001961,M04,2025-05-04 14:00:00,Shift 2,OP05,960,773,732,41,35.63
PRD_001962,M04,2025-05-04 22:00:00,Shift 3,OP06,960,785,737,48,35.77
PRD_001963,M04,2025-05-05 06:00:00,Shift 1,OP04,960,786,736,50,35.89
PRD_001964,M04,2025-05-05 14:00:00,Shift 2,OP05,960,785,729,56,36.01
PRD_001965,M04,2025-05-05 22:00:00,Shift 3,OP06,960,763,719,44,36.13
PRD_001966,M04,2025-05-06 06:00:00,Shift 1,OP04,960,783,724,59,36.27
PRD_001967,M04,2025-05-06 14:00:00,Shift 2,OP05,960,757,703,54,36.4
PRD_001968,M04,2025-05-06 22:00:00,Shift 3,OP06,960,782,733,49,36.54
PRD_001969,M04,2025-05-07 06:00:00,Shift 1,OP04,960,767,720,47,36.7
PRD_001970,M04,2025-05-07 14:00:00,Shift 2,OP05,960,755,696,59,36.83
PRD_001971,M04,2025-05-07 22:00:00,Shift 3,OP06,960,773,710,63,36.96
PRD_001972,M04,2025-05-08 06:00:00,Shift 1,OP04,960,747,689,58,37.1
PRD_001973,M04,2025-05-08 14:00:00,Shift 2,OP05,960,737,683,54,37.26
PRD_001974,M04,2025-05-08 22:00:00,Shift 3,OP06,960,739,676,63,37.41
PRD_001975,M04,2025-05-09 06:00:00,Shift 1,OP04,960,738,680,58,37.55
PRD_001976,M04,2025-05-09 14:00:00,Shift 2,OP05,960,725,662,63,37.71
PRD_001977,M04,2025-05-09 22:00:00,Shift 3,OP06,960,746,675,71,37.84
PRD_001978,M04,2025-05-10 06:00:00,Shift 1,OP04,960,730,668,62,38.0
PRD_001979,M04,2025-05-10 14:00:00,Shift 2,OP05,960,746,682,64,38.16
PRD_001980,M04,2025-05-10 22:00:00,Shift 3,OP06,960,726,653,73,38.29
PRD_001981,M04,2025-05-11 14:00:00,Shift 2,OP05,960,911,897,14,30.34
PRD_001982,M04,2025-05-11 22:00:00,Shift 3,OP06,960,927,905,22,30.44
PRD_001983,M04,2025-05-12 06:00:00,Shift 1,OP04,960,911,891,20,30.53
PRD_001984,M04,2025-05-12 14:00:00,Shift 2,OP05,960,912,890,22,30.62
PRD_001985,M04,2025-05-12 22:00:00,Shift 3,OP06,960,920,895,25,30.72
PRD_001986,M04,2025-05-13 06:00:00,Shift 1,OP04,960,930,917,13,30.8
PRD_001987,M04,2025-05-13 14:00:00,Shift 2,OP05,960,905,879,26,30.9
PRD_001988,M04,2025-05-13 22:00:00,Shift 3,OP06,960,921,908,13,31.01
PRD_001989,M04,2025-05-14 06:00:00,Shift 1,OP04,960,912,896,16,31.11
PRD_001990,M04,2025-05-14 14:00:00,Shift 2,OP05,960,896,874,22,31.21
PRD_001991,M04,2025-05-14 22:00:00,Shift 3,OP06,960,877,863,14,31.3
PRD_001992,M04,2025-05-15 06:00:00,Shift 1,OP04,960,872,848,24,31.41
PRD_001993,M04,2025-05-15 14:00:00,Shift 2,OP05,960,894,868,26,31.5
PRD_001994,M04,2025-05-15 22:00:00,Shift 3,OP06,960,901,879,22,31.61
PRD_001995,M04,2025-05-16 06:00:00,Shift 1,OP04,960,901,881,20,31.71
PRD_001996,M04,2025-05-16 14:00:00,Shift 2,OP05,960,880,852,28,31.82
PRD_001997,M04,2025-05-16 22:00:00,Shift 3,OP06,960,892,874,18,31.93
PRD_001998,M04,2025-05-17 06:00:00,Shift 1,OP04,960,893,879,14,32.03
PRD_001999,M04,2025-05-17 14:00:00,Shift 2,OP05,960,876,853,23,32.15
PRD_002000,M04,2025-05-17 22:00:00,Shift 3,OP06,960,852,837,15,32.25
PRD_002001,M04,2025-05-18 06:00:00,Shift 1,OP04,960,874,846,28,32.37
PRD_002002,M04,2025-05-18 14:00:00,Shift 2,OP05,960,851,824,27,32.48
PRD_002003,M04,2025-05-18 22:00:00,Shift 3,OP06,960,866,843,23,32.59
PRD_002004,M04,2025-05-19 06:00:00,Shift 1,OP04,960,849,821,28,32.71
PRD_002005,M04,2025-05-19 14:00:00,Shift 2,OP05,960,874,848,26,32.83
PRD_002006,M04,2025-05-19 22:00:00,Shift 3,OP06,960,844,817,27,32.95
PRD_002007,M04,2025-05-20 06:00:00,Shift 1,OP04,960,865,832,33,33.06
PRD_002008,M04,2025-05-20 14:00:00,Shift 2,OP05,960,849,823,26,33.16
PRD_002009,M04,2025-05-20 22:00:00,Shift 3,OP06,960,823,799,24,33.28
PRD_002010,M04,2025-05-21 06:00:00,Shift 1,OP04,960,848,825,23,33.4
PRD_002011,M04,2025-05-21 14:00:00,Shift 2,OP05,960,836,812,24,33.51
PRD_002012,M04,2025-05-21 22:00:00,Shift 3,OP06,960,852,812,40,33.62
PRD_002013,M04,2025-05-22 06:00:00,Shift 1,OP04,960,813,787,26,33.72
PRD_002014,M04,2025-05-22 14:00:00,Shift 2,OP05,960,835,807,28,33.84
PRD_002015,M04,2025-05-22 22:00:00,Shift 3,OP06,960,821,792,29,33.95
PRD_002016,M04,2025-05-23 06:00:00,Shift 1,OP04,960,817,786,31,34.07
PRD_002017,M04,2025-05-23 14:00:00,Shift 2,OP05,960,807,774,33,34.18
PRD_002018,M04,2025-05-23 22:00:00,Shift 3,OP06,960,803,764,39,34.31
PRD_002019,M04,2025-05-24 06:00:00,Shift 1,OP04,960,827,794,33,34.44
PRD_002020,M04,2025-05-24 14:00:00,Shift 2,OP05,960,809,768,41,34.57
PRD_002021,M04,2025-05-24 22:00:00,Shift 3,OP06,960,805,765,40,34.7
PRD_002022,M04,2025-05-25 06:00:00,Shift 1,OP04,960,786,748,38,34.82
PRD_002023,M04,2025-05-25 14:00:00,Shift 2,OP05,960,810,768,42,34.95
PRD_002024,M04,2025-05-25 22:00:00,Shift 3,OP06,960,805,769,36,35.07
PRD_002025,M04,2025-05-26 06:00:00,Shift 1,OP04,960,795,750,45,35.19
PRD_002026,M04,2025-05-26 14:00:00,Shift 2,OP05,960,791,751,40,35.34
PRD_002027,M04,2025-05-26 22:00:00,Shift 3,OP06,960,791,747,44,35.46
PRD_002028,M04,2025-05-27 06:00:00,Shift 1,OP04,960,794,756,38,35.6
PRD_002029,M04,2025-05-27 14:00:00,Shift 2,OP05,960,789,741,48,35.72
PRD_002030,M04,2025-05-27 22:00:00,Shift 3,OP06,960,790,737,53,35.85
PRD_002031,M04,2025-05-28 06:00:00,Shift 1,OP04,960,787,739,48,35.98
PRD_002032,M04,2025-05-28 14:00:00,Shift 2,OP05,960,776,734,42,36.1
PRD_002033,M04,2025-05-28 22:00:00,Shift 3,OP06,960,782,729,53,36.22
PRD_002034,M04,2025-05-29 06:00:00,Shift 1,OP04,960,780,734,46,36.35
PRD_002035,M04,2025-05-29 14:00:00,Shift 2,OP05,960,783,723,60,36.48
PRD_002036,M04,2025-05-29 22:00:00,Shift 3,OP06,960,761,701,60,36.62
PRD_002037,M04,2025-05-30 06:00:00,Shift 1,OP04,960,771,710,61,36.76
PRD_002038,M04,2025-05-30 14:00:00,Shift 2,OP05,960,778,727,51,36.91
PRD_002039,M04,2025-05-30 22:00:00,Shift 3,OP06,960,741,685,56,37.06
PRD_002040,M04,2025-05-31 06:00:00,Shift 1,OP04,960,744,691,53,37.2
PRD_002041,M04,2025-05-31 14:00:00,Shift 2,OP05,960,755,695,60,37.34
PRD_002042,M04,2025-05-31 22:00:00,Shift 3,OP06,960,757,691,66,37.49
PRD_002043,M04,2025-06-01 06:00:00,Shift 1,OP04,960,747,689,58,37.64
PRD_002044,M04,2025-06-01 14:00:00,Shift 2,OP05,960,749,691,58,37.77
PRD_002045,M04,2025-06-01 22:00:00,Shift 3,OP06,960,754,692,62,37.91
PRD_002046,M04,2025-06-02 06:00:00,Shift 1,OP04,960,730,670,60,38.06
PRD_002047,M04,2025-06-02 14:00:00,Shift 2,OP05,960,729,658,71,38.21
PRD_002048,M04,2025-06-03 06:00:00,Shift 1,OP04,960,913,901,12,30.5
PRD_002049,M04,2025-06-03 14:00:00,Shift 2,OP05,960,914,901,13,30.6
PRD_002050,M04,2025-06-03 22:00:00,Shift 3,OP06,960,908,882,26,30.7
PRD_002051,M04,2025-06-04 06:00:00,Shift 1,OP04,960,918,890,28,30.8
PRD_002052,M04,2025-06-04 14:00:00,Shift 2,OP05,960,901,878,23,30.89
PRD_002053,M04,2025-06-04 22:00:00,Shift 3,OP06,960,892,868,24,30.99
PRD_002054,M04,2025-06-05 06:00:00,Shift 1,OP04,960,910,886,24,31.09
PRD_002055,M04,2025-06-05 14:00:00,Shift 2,OP05,960,885,859,26,31.19
PRD_002056,M04,2025-06-05 22:00:00,Shift 3,OP06,960,880,855,25,31.29
PRD_002057,M04,2025-06-06 06:00:00,Shift 1,OP04,960,885,861,24,31.4
PRD_002058,M04,2025-06-06 14:00:00,Shift 2,OP05,960,904,889,15,31.51
PRD_002059,M04,2025-06-06 22:00:00,Shift 3,OP06,960,893,869,24,31.61
PRD_002060,M04,2025-06-07 06:00:00,Shift 1,OP04,960,869,844,25,31.72
PRD_002061,M04,2025-06-07 14:00:00,Shift 2,OP05,960,877,853,24,31.83
PRD_002062,M04,2025-06-07 22:00:00,Shift 3,OP06,960,881,860,21,31.94
PRD_002063,M04,2025-06-08 06:00:00,Shift 1,OP04,960,857,831,26,32.04
PRD_002064,M04,2025-06-08 14:00:00,Shift 2,OP05,960,861,837,24,32.14
PRD_002065,M04,2025-06-08 22:00:00,Shift 3,OP06,960,883,851,32,32.24
PRD_002066,M04,2025-06-09 06:00:00,Shift 1,OP04,960,868,846,22,32.36
PRD_002067,M04,2025-06-09 14:00:00,Shift 2,OP05,960,867,848,19,32.46
PRD_002068,M04,2025-06-09 22:00:00,Shift 3,OP06,960,848,822,26,32.57
PRD_002069,M04,2025-06-10 06:00:00,Shift 1,OP04,960,865,847,18,32.68
PRD_002070,M04,2025-06-10 14:00:00,Shift 2,OP05,960,866,840,26,32.79
PRD_002071,M04,2025-06-10 22:00:00,Shift 3,OP06,960,835,808,27,32.91
PRD_002072,M04,2025-06-11 06:00:00,Shift 1,OP04,960,844,810,34,33.03
PRD_002073,M04,2025-06-11 14:00:00,Shift 2,OP05,960,866,837,29,33.13
PRD_002074,M04,2025-06-11 22:00:00,Shift 3,OP06,960,841,807,34,33.25
PRD_002075,M04,2025-06-12 06:00:00,Shift 1,OP04,960,837,815,22,33.36
PRD_002076,M04,2025-06-12 14:00:00,Shift 2,OP05,960,846,810,36,33.48
PRD_002077,M04,2025-06-12 22:00:00,Shift 3,OP06,960,840,817,23,33.6
PRD_002078,M04,2025-06-13 06:00:00,Shift 1,OP04,960,818,790,28,33.71
PRD_002079,M04,2025-06-13 14:00:00,Shift 2,OP05,960,837,801,36,33.83
PRD_002080,M04,2025-06-13 22:00:00,Shift 3,OP06,960,822,796,26,33.96
PRD_002081,M04,2025-06-14 06:00:00,Shift 1,OP04,960,837,805,32,34.07
PRD_002082,M04,2025-06-14 14:00:00,Shift 2,OP05,960,837,810,27,34.19
PRD_002083,M04,2025-06-14 22:00:00,Shift 3,OP06,960,830,793,37,34.3
PRD_002084,M04,2025-06-15 06:00:00,Shift 1,OP04,960,824,787,37,34.41
PRD_002085,M04,2025-06-15 14:00:00,Shift 2,OP05,960,806,764,42,34.53
PRD_002086,M04,2025-06-15 22:00:00,Shift 3,OP06,960,806,769,37,34.65
PRD_002087,M04,2025-06-16 06:00:00,Shift 1,OP04,960,801,765,36,34.77
PRD_002088,M04,2025-06-16 14:00:00,Shift 2,OP05,960,801,764,37,34.9
PRD_002089,M04,2025-06-16 22:00:00,Shift 3,OP06,960,808,763,45,35.02
PRD_002090,M04,2025-06-17 06:00:00,Shift 1,OP04,960,809,771,38,35.16
PRD_002091,M04,2025-06-17 14:00:00,Shift 2,OP05,960,814,766,48,35.29
PRD_002092,M04,2025-06-17 22:00:00,Shift 3,OP06,960,782,745,37,35.43
PRD_002093,M04,2025-06-18 06:00:00,Shift 1,OP04,960,805,758,47,35.55
PRD_002094,M04,2025-06-18 14:00:00,Shift 2,OP05,960,783,732,51,35.7
PRD_002095,M04,2025-06-18 22:00:00,Shift 3,OP06,960,770,718,52,35.83
PRD_002096,M04,2025-06-19 06:00:00,Shift 1,OP04,960,781,736,45,35.97
PRD_002097,M04,2025-06-19 14:00:00,Shift 2,OP05,960,768,724,44,36.09
PRD_002098,M04,2025-06-19 22:00:00,Shift 3,OP06,960,760,710,50,36.22
PRD_002099,M04,2025-06-20 06:00:00,Shift 1,OP04,960,774,726,48,36.35
PRD_002100,M04,2025-06-20 14:00:00,Shift 2,OP05,960,749,702,47,36.48
PRD_002101,M04,2025-06-20 22:00:00,Shift 3,OP06,960,764,711,53,36.62
PRD_002102,M04,2025-06-21 06:00:00,Shift 1,OP04,960,755,695,60,36.76
PRD_002103,M04,2025-06-21 14:00:00,Shift 2,OP05,960,765,714,51,36.9
PRD_002104,M04,2025-06-21 22:00:00,Shift 3,OP06,960,750,695,55,37.03
PRD_002105,M04,2025-06-22 06:00:00,Shift 1,OP04,960,744,689,55,37.18
PRD_002106,M04,2025-06-22 14:00:00,Shift 2,OP05,960,754,697,57,37.33
PRD_002107,M04,2025-06-22 22:00:00,Shift 3,OP06,960,733,668,65,37.48
PRD_002108,M04,2025-06-23 06:00:00,Shift 1,OP04,960,741,687,54,37.63
PRD_002109,M04,2025-06-23 14:00:00,Shift 2,OP05,960,735,674,61,37.78
PRD_002110,M04,2025-06-23 22:00:00,Shift 3,OP06,960,751,681,70,37.94
PRD_002111,M04,2025-06-24 06:00:00,Shift 1,OP04,960,731,668,63,38.08
PRD_002112,M04,2025-06-24 14:00:00,Shift 2,OP05,960,739,670,69,38.22
PRD_002113,M04,2025-06-24 22:00:00,Shift 3,OP06,960,750,678,72,38.37
PRD_002114,M04,2025-06-25 06:00:00,Shift 1,OP04,960,729,656,73,38.53
PRD_002115,M04,2025-06-25 14:00:00,Shift 2,OP05,960,711,638,73,38.68
PRD_002116,M04,2025-06-25 22:00:00,Shift 3,OP06,960,721,646,75,38.84
PRD_002117,M04,2025-06-26 14:00:00,Shift 2,OP05,960,923,902,21,30.71
PRD_002118,M04,2025-06-26 22:00:00,Shift 3,OP06,960,901,879,22,30.81
PRD_002119,M04,2025-06-27 06:00:00,Shift 1,OP04,960,890,868,22,30.9
PRD_002120,M04,2025-06-27 14:00:00,Shift 2,OP05,960,883,868,15,31.0
PRD_002121,M04,2025-06-27 22:00:00,Shift 3,OP06,960,892,873,19,31.09
PRD_002122,M04,2025-06-28 06:00:00,Shift 1,OP04,960,905,894,11,31.19
PRD_002123,M04,2025-06-28 14:00:00,Shift 2,OP05,960,888,877,11,31.29
PRD_002124,M04,2025-06-28 22:00:00,Shift 3,OP06,960,888,860,28,31.39
PRD_002125,M04,2025-06-29 06:00:00,Shift 1,OP04,960,898,875,23,31.49
PRD_002126,M04,2025-06-29 14:00:00,Shift 2,OP05,960,870,857,13,31.6
PRD_002127,M04,2025-06-29 22:00:00,Shift 3,OP06,960,903,887,16,31.71
PRD_002128,M05,2025-01-01 06:00:00,Shift 1,OP01,960,915,888,27,31.17
PRD_002129,M05,2025-01-01 14:00:00,Shift 2,OP02,960,891,875,16,31.25
PRD_002130,M05,2025-01-01 22:00:00,Shift 3,OP03,960,907,881,26,31.35
PRD_002131,M05,2025-01-02 06:00:00,Shift 1,OP01,960,904,880,24,31.44
PRD_002132,M05,2025-01-02 14:00:00,Shift 2,OP02,960,901,876,25,31.52
PRD_002133,M05,2025-01-02 22:00:00,Shift 3,OP03,960,905,890,15,31.61
PRD_002134,M05,2025-01-03 06:00:00,Shift 1,OP01,960,863,851,12,31.71
PRD_002135,M05,2025-01-03 14:00:00,Shift 2,OP02,960,885,860,25,31.8
PRD_002136,M05,2025-01-03 22:00:00,Shift 3,OP03,960,869,852,17,31.88
PRD_002137,M05,2025-01-04 06:00:00,Shift 1,OP01,960,864,837,27,31.97
PRD_002138,M05,2025-01-04 14:00:00,Shift 2,OP02,960,893,874,19,32.06
PRD_002139,M05,2025-01-04 22:00:00,Shift 3,OP03,960,884,857,27,32.15
PRD_002140,M05,2025-01-05 06:00:00,Shift 1,OP01,960,877,860,17,32.24
PRD_002141,M05,2025-01-05 14:00:00,Shift 2,OP02,960,860,835,25,32.33
PRD_002142,M05,2025-01-05 22:00:00,Shift 3,OP03,960,848,829,19,32.43
PRD_002143,M05,2025-01-06 06:00:00,Shift 1,OP01,960,861,834,27,32.52
PRD_002144,M05,2025-01-06 14:00:00,Shift 2,OP02,960,870,850,20,32.62
PRD_002145,M05,2025-01-06 22:00:00,Shift 3,OP03,960,843,823,20,32.71
PRD_002146,M05,2025-01-07 06:00:00,Shift 1,OP01,960,875,846,29,32.81
PRD_002147,M05,2025-01-07 14:00:00,Shift 2,OP02,960,853,821,32,32.91
PRD_002148,M05,2025-01-07 22:00:00,Shift 3,OP03,960,857,838,19,33.0
PRD_002149,M05,2025-01-08 06:00:00,Shift 1,OP01,960,853,831,22,33.09
PRD_002150,M05,2025-01-08 14:00:00,Shift 2,OP02,960,827,793,34,33.19
PRD_002151,M05,2025-01-08 22:00:00,Shift 3,OP03,960,829,801,28,33.3
PRD_002152,M05,2025-01-09 06:00:00,Shift 1,OP01,960,852,820,32,33.39
PRD_002153,M05,2025-01-09 14:00:00,Shift 2,OP02,960,845,822,23,33.49
PRD_002154,M05,2025-01-09 22:00:00,Shift 3,OP03,960,844,815,29,33.58
PRD_002155,M05,2025-01-10 06:00:00,Shift 1,OP01,960,842,803,39,33.69
PRD_002156,M05,2025-01-10 14:00:00,Shift 2,OP02,960,851,817,34,33.79
PRD_002157,M05,2025-01-10 22:00:00,Shift 3,OP03,960,829,804,25,33.89
PRD_002158,M05,2025-01-11 06:00:00,Shift 1,OP01,960,829,794,35,34.0
PRD_002159,M05,2025-01-11 14:00:00,Shift 2,OP02,960,826,792,34,34.1
PRD_002160,M05,2025-01-11 22:00:00,Shift 3,OP03,960,832,801,31,34.18
PRD_002161,M05,2025-01-12 06:00:00,Shift 1,OP01,960,817,774,43,34.28
PRD_002162,M05,2025-01-12 14:00:00,Shift 2,OP02,960,825,796,29,34.39
PRD_002163,M05,2025-01-12 22:00:00,Shift 3,OP03,960,820,783,37,34.51
PRD_002164,M05,2025-01-13 06:00:00,Shift 1,OP01,960,801,767,34,34.61
PRD_002165,M05,2025-01-13 14:00:00,Shift 2,OP02,960,817,785,32,34.72
PRD_002166,M05,2025-01-13 22:00:00,Shift 3,OP03,960,791,747,44,34.83
PRD_002167,M05,2025-01-14 06:00:00,Shift 1,OP01,960,823,789,34,34.95
PRD_002168,M05,2025-01-14 14:00:00,Shift 2,OP02,960,804,762,42,35.05
PRD_002169,M05,2025-01-14 22:00:00,Shift 3,OP03,960,806,764,42,35.15
PRD_002170,M05,2025-01-15 06:00:00,Shift 1,OP01,960,789,742,47,35.25
PRD_002171,M05,2025-01-15 14:00:00,Shift 2,OP02,960,808,759,49,35.35
PRD_002172,M05,2025-01-15 22:00:00,Shift 3,OP03,960,779,742,37,35.46
PRD_002173,M05,2025-01-16 06:00:00,Shift 1,OP01,960,801,748,53,35.57
PRD_002174,M05,2025-01-16 14:00:00,Shift 2,OP02,960,770,726,44,35.67
PRD_002175,M05,2025-01-16 22:00:00,Shift 3,OP03,960,783,743,40,35.78
PRD_002176,M05,2025-01-17 06:00:00,Shift 1,OP01,960,778,736,42,35.9
PRD_002177,M05,2025-01-17 14:00:00,Shift 2,OP02,960,786,743,43,36.0
PRD_002178,M05,2025-01-17 22:00:00,Shift 3,OP03,960,769,721,48,36.11
PRD_002179,M05,2025-01-18 06:00:00,Shift 1,OP01,960,788,744,44,36.22
PRD_002180,M05,2025-01-18 14:00:00,Shift 2,OP02,960,765,716,49,36.35
PRD_002181,M05,2025-01-18 22:00:00,Shift 3,OP03,960,753,707,46,36.46
PRD_002182,M05,2025-01-19 06:00:00,Shift 1,OP01,960,765,706,59,36.59
PRD_002183,M05,2025-01-19 14:00:00,Shift 2,OP02,960,755,709,46,36.71
PRD_002184,M05,2025-01-19 22:00:00,Shift 3,OP03,960,771,716,55,36.84
PRD_002185,M05,2025-01-20 06:00:00,Shift 1,OP01,960,745,686,59,36.96
PRD_002186,M05,2025-01-20 14:00:00,Shift 2,OP02,960,753,689,64,37.07
PRD_002187,M05,2025-01-20 22:00:00,Shift 3,OP03,960,736,673,63,37.19
PRD_002188,M05,2025-01-21 06:00:00,Shift 1,OP01,960,761,707,54,37.32
PRD_002189,M05,2025-01-21 14:00:00,Shift 2,OP02,960,739,675,64,37.44
PRD_002190,M05,2025-01-21 22:00:00,Shift 3,OP03,960,747,683,64,37.56
PRD_002191,M05,2025-01-22 06:00:00,Shift 1,OP01,960,733,673,60,37.69
PRD_002192,M05,2025-01-22 14:00:00,Shift 2,OP02,960,749,687,62,37.82
PRD_002193,M05,2025-01-22 22:00:00,Shift 3,OP03,960,739,668,71,37.94
PRD_002194,M05,2025-01-23 06:00:00,Shift 1,OP01,960,740,679,61,38.06
PRD_002195,M05,2025-01-23 14:00:00,Shift 2,OP02,960,727,663,64,38.19
PRD_002196,M05,2025-01-23 22:00:00,Shift 3,OP03,960,740,669,71,38.33
PRD_002197,M05,2025-01-24 14:00:00,Shift 2,OP02,960,910,897,13,30.7
PRD_002198,M05,2025-01-24 22:00:00,Shift 3,OP03,960,923,907,16,30.78
PRD_002199,M05,2025-01-25 06:00:00,Shift 1,OP01,960,889,874,15,30.86
PRD_002200,M05,2025-01-25 14:00:00,Shift 2,OP02,960,905,894,11,30.94
PRD_002201,M05,2025-01-25 22:00:00,Shift 3,OP03,960,890,876,14,31.03
PRD_002202,M05,2025-01-26 06:00:00,Shift 1,OP01,960,906,891,15,31.12
PRD_002203,M05,2025-01-26 14:00:00,Shift 2,OP02,960,891,870,21,31.21
PRD_002204,M05,2025-01-26 22:00:00,Shift 3,OP03,960,905,892,13,31.29
PRD_002205,M05,2025-01-27 06:00:00,Shift 1,OP01,960,878,855,23,31.38
PRD_002206,M05,2025-01-27 14:00:00,Shift 2,OP02,960,882,855,27,31.46
PRD_002207,M05,2025-01-27 22:00:00,Shift 3,OP03,960,904,883,21,31.55
PRD_002208,M05,2025-01-28 06:00:00,Shift 1,OP01,960,896,870,26,31.63
PRD_002209,M05,2025-01-28 14:00:00,Shift 2,OP02,960,897,876,21,31.73
PRD_002210,M05,2025-01-28 22:00:00,Shift 3,OP03,960,864,843,21,31.82
PRD_002211,M05,2025-01-29 06:00:00,Shift 1,OP01,960,883,868,15,31.92
PRD_002212,M05,2025-01-29 14:00:00,Shift 2,OP02,960,884,862,22,32.01
PRD_002213,M05,2025-01-29 22:00:00,Shift 3,OP03,960,884,866,18,32.09
PRD_002214,M05,2025-01-30 06:00:00,Shift 1,OP01,960,856,829,27,32.18
PRD_002215,M05,2025-01-30 14:00:00,Shift 2,OP02,960,851,829,22,32.27
PRD_002216,M05,2025-01-30 22:00:00,Shift 3,OP03,960,864,840,24,32.37
PRD_002217,M05,2025-01-31 06:00:00,Shift 1,OP01,960,869,847,22,32.46
PRD_002218,M05,2025-01-31 14:00:00,Shift 2,OP02,960,842,813,29,32.56
PRD_002219,M05,2025-01-31 22:00:00,Shift 3,OP03,960,865,845,20,32.65
PRD_002220,M05,2025-02-01 06:00:00,Shift 1,OP01,960,855,837,18,32.74
PRD_002221,M05,2025-02-01 14:00:00,Shift 2,OP02,960,840,821,19,32.83
PRD_002222,M05,2025-02-01 22:00:00,Shift 3,OP03,960,849,816,33,32.92
PRD_002223,M05,2025-02-02 06:00:00,Shift 1,OP01,960,829,802,27,33.01
PRD_002224,M05,2025-02-02 14:00:00,Shift 2,OP02,960,862,827,35,33.11
PRD_002225,M05,2025-02-02 22:00:00,Shift 3,OP03,960,841,808,33,33.2
PRD_002226,M05,2025-02-03 06:00:00,Shift 1,OP01,960,860,832,28,33.31
PRD_002227,M05,2025-02-03 14:00:00,Shift 2,OP02,960,845,810,35,33.4
PRD_002228,M05,2025-02-03 22:00:00,Shift 3,OP03,960,848,820,28,33.5
PRD_002229,M05,2025-02-04 06:00:00,Shift 1,OP01,960,822,796,26,33.6
PRD_002230,M05,2025-02-04 14:00:00,Shift 2,OP02,960,819,783,36,33.69
PRD_002231,M05,2025-02-04 22:00:00,Shift 3,OP03,960,850,822,28,33.79
PRD_002232,M05,2025-02-05 06:00:00,Shift 1,OP01,960,825,794,31,33.9
PRD_002233,M05,2025-02-05 14:00:00,Shift 2,OP02,960,832,798,34,33.99
PRD_002234,M05,2025-02-05 22:00:00,Shift 3,OP03,960,843,807,36,34.09
PRD_002235,M05,2025-02-06 06:00:00,Shift 1,OP01,960,804,774,30,34.2
PRD_002236,M05,2025-02-06 14:00:00,Shift 2,OP02,960,800,770,30,34.31
PRD_002237,M05,2025-02-06 22:00:00,Shift 3,OP03,960,811,783,28,34.4
PRD_002238,M05,2025-02-07 06:00:00,Shift 1,OP01,960,827,782,45,34.5
PRD_002239,M05,2025-02-07 14:00:00,Shift 2,OP02,960,799,768,31,34.59
PRD_002240,M05,2025-02-07 22:00:00,Shift 3,OP03,960,789,754,35,34.69
PRD_002241,M05,2025-02-08 06:00:00,Shift 1,OP01,960,803,770,33,34.8
PRD_002242,M05,2025-02-08 14:00:00,Shift 2,OP02,960,794,756,38,34.9
PRD_002243,M05,2025-02-08 22:00:00,Shift 3,OP03,960,795,753,42,35.03
PRD_002244,M05,2025-02-09 06:00:00,Shift 1,OP01,960,811,774,37,35.13
PRD_002245,M05,2025-02-09 14:00:00,Shift 2,OP02,960,783,742,41,35.24
PRD_002246,M05,2025-02-09 22:00:00,Shift 3,OP03,960,782,736,46,35.36
PRD_002247,M05,2025-02-10 06:00:00,Shift 1,OP01,960,780,742,38,35.48
PRD_002248,M05,2025-02-10 14:00:00,Shift 2,OP02,960,773,723,50,35.6
PRD_002249,M05,2025-02-10 22:00:00,Shift 3,OP03,960,796,750,46,35.72
PRD_002250,M05,2025-02-11 06:00:00,Shift 1,OP01,960,783,733,50,35.85
PRD_002251,M05,2025-02-11 14:00:00,Shift 2,OP02,960,792,749,43,35.95
PRD_002252,M05,2025-02-11 22:00:00,Shift 3,OP03,960,794,741,53,36.06
PRD_002253,M05,2025-02-12 06:00:00,Shift 1,OP01,960,778,734,44,36.18
PRD_002254,M05,2025-02-12 14:00:00,Shift 2,OP02,960,791,746,45,36.3
PRD_002255,M05,2025-02-12 22:00:00,Shift 3,OP03,960,752,705,47,36.41
PRD_002256,M05,2025-02-13 06:00:00,Shift 1,OP01,960,780,723,57,36.52
PRD_002257,M05,2025-02-13 14:00:00,Shift 2,OP02,960,761,713,48,36.65
PRD_002258,M05,2025-02-13 22:00:00,Shift 3,OP03,960,752,700,52,36.78
PRD_002259,M05,2025-02-14 06:00:00,Shift 1,OP01,960,746,695,51,36.9
PRD_002260,M05,2025-02-14 14:00:00,Shift 2,OP02,960,753,693,60,37.04
PRD_002261,M05,2025-02-14 22:00:00,Shift 3,OP03,960,746,694,52,37.17
PRD_002262,M05,2025-02-15 06:00:00,Shift 1,OP01,960,762,703,59,37.29
PRD_002263,M05,2025-02-15 14:00:00,Shift 2,OP02,960,737,686,51,37.41
PRD_002264,M05,2025-02-15 22:00:00,Shift 3,OP03,960,733,666,67,37.54
PRD_002265,M05,2025-02-16 06:00:00,Shift 1,OP01,960,739,673,66,37.67
PRD_002266,M05,2025-02-16 14:00:00,Shift 2,OP02,960,739,682,57,37.81
PRD_002267,M05,2025-02-16 22:00:00,Shift 3,OP03,960,741,671,70,37.94
PRD_002268,M05,2025-02-17 06:00:00,Shift 1,OP01,960,723,654,69,38.06
PRD_002269,M05,2025-02-18 06:00:00,Shift 1,OP01,960,912,888,24,30.73
PRD_002270,M05,2025-02-18 14:00:00,Shift 2,OP02,960,910,886,24,30.81
PRD_002271,M05,2025-02-18 22:00:00,Shift 3,OP03,960,887,873,14,30.89
PRD_002272,M05,2025-02-19 06:00:00,Shift 1,OP01,960,927,899,28,30.97
PRD_002273,M05,2025-02-19 14:00:00,Shift 2,OP02,960,897,883,14,31.06
PRD_002274,M05,2025-02-19 22:00:00,Shift 3,OP03,960,890,869,21,31.15
PRD_002275,M05,2025-02-20 06:00:00,Shift 1,OP01,960,918,907,11,31.23
PRD_002276,M05,2025-02-20 14:00:00,Shift 2,OP02,960,917,893,24,31.32
PRD_002277,M05,2025-02-20 22:00:00,Shift 3,OP03,960,889,877,12,31.41
PRD_002278,M05,2025-02-21 06:00:00,Shift 1,OP01,960,893,868,25,31.5
PRD_002279,M05,2025-02-21 14:00:00,Shift 2,OP02,960,900,878,22,31.59
PRD_002280,M05,2025-02-21 22:00:00,Shift 3,OP03,960,891,871,20,31.68
PRD_002281,M05,2025-02-22 06:00:00,Shift 1,OP01,960,872,847,25,31.76
PRD_002282,M05,2025-02-22 14:00:00,Shift 2,OP02,960,880,863,17,31.85
PRD_002283,M05,2025-02-22 22:00:00,Shift 3,OP03,960,868,847,21,31.94
PRD_002284,M05,2025-02-23 06:00:00,Shift 1,OP01,960,888,857,31,32.03
PRD_002285,M05,2025-02-23 14:00:00,Shift 2,OP02,960,879,858,21,32.13
PRD_002286,M05,2025-02-23 22:00:00,Shift 3,OP03,960,888,868,20,32.22
PRD_002287,M05,2025-02-24 06:00:00,Shift 1,OP01,960,870,839,31,32.33
PRD_002288,M05,2025-02-24 14:00:00,Shift 2,OP02,960,882,853,29,32.42
PRD_002289,M05,2025-02-24 22:00:00,Shift 3,OP03,960,876,853,23,32.52
PRD_002290,M05,2025-02-25 06:00:00,Shift 1,OP01,960,862,844,18,32.62
PRD_002291,M05,2025-02-25 14:00:00,Shift 2,OP02,960,874,855,19,32.72
PRD_002292,M05,2025-02-25 22:00:00,Shift 3,OP03,960,845,826,19,32.82
PRD_002293,M05,2025-02-26 06:00:00,Shift 1,OP01,960,835,804,31,32.9
PRD_002294,M05,2025-02-26 14:00:00,Shift 2,OP02,960,833,802,31,33.0
PRD_002295,M05,2025-02-26 22:00:00,Shift 3,OP03,960,854,821,33,33.09
PRD_002296,M05,2025-02-27 06:00:00,Shift 1,OP01,960,831,804,27,33.19
PRD_002297,M05,2025-02-27 14:00:00,Shift 2,OP02,960,855,832,23,33.29
PRD_002298,M05,2025-02-27 22:00:00,Shift 3,OP03,960,861,824,37,33.39
PRD_002299,M05,2025-02-28 06:00:00,Shift 1,OP01,960,843,820,23,33.49
PRD_002300,M05,2025-02-28 14:00:00,Shift 2,OP02,960,852,813,39,33.59
PRD_002301,M05,2025-02-28 22:00:00,Shift 3,OP03,960,812,776,36,33.69
PRD_002302,M05,2025-03-01 06:00:00,Shift 1,OP01,960,834,794,40,33.8
PRD_002303,M05,2025-03-01 14:00:00,Shift 2,OP02,960,836,810,26,33.91
PRD_002304,M05,2025-03-01 22:00:00,Shift 3,OP03,960,830,790,40,34.02
PRD_002305,M05,2025-03-02 06:00:00,Shift 1,OP01,960,840,801,39,34.12
PRD_002306,M05,2025-03-02 14:00:00,Shift 2,OP02,960,805,776,29,34.23
PRD_002307,M05,2025-03-02 22:00:00,Shift 3,OP03,960,817,781,36,34.35
PRD_002308,M05,2025-03-03 06:00:00,Shift 1,OP01,960,796,756,40,34.45
PRD_002309,M05,2025-03-03 14:00:00,Shift 2,OP02,960,824,785,39,34.56
PRD_002310,M05,2025-03-03 22:00:00,Shift 3,OP03,960,814,777,37,34.66
PRD_002311,M05,2025-03-04 06:00:00,Shift 1,OP01,960,804,758,46,34.77
PRD_002312,M05,2025-03-04 14:00:00,Shift 2,OP02,960,812,774,38,34.86
PRD_002313,M05,2025-03-04 22:00:00,Shift 3,OP03,960,817,781,36,34.98
PRD_002314,M05,2025-03-05 06:00:00,Shift 1,OP01,960,793,753,40,35.1
PRD_002315,M05,2025-03-05 14:00:00,Shift 2,OP02,960,779,740,39,35.21
PRD_002316,M05,2025-03-05 22:00:00,Shift 3,OP03,960,792,752,40,35.33
PRD_002317,M05,2025-03-06 06:00:00,Shift 1,OP01,960,794,757,37,35.42
PRD_002318,M05,2025-03-06 14:00:00,Shift 2,OP02,960,773,730,43,35.54
PRD_002319,M05,2025-03-06 22:00:00,Shift 3,OP03,960,768,725,43,35.66
PRD_002320,M05,2025-03-07 06:00:00,Shift 1,OP01,960,803,757,46,35.77
PRD_002321,M05,2025-03-07 14:00:00,Shift 2,OP02,960,785,735,50,35.88
PRD_002322,M05,2025-03-07 22:00:00,Shift 3,OP03,960,796,741,55,36.0
PRD_002323,M05,2025-03-08 06:00:00,Shift 1,OP01,960,770,714,56,36.11
PRD_002324,M05,2025-03-08 14:00:00,Shift 2,OP02,960,781,733,48,36.23
PRD_002325,M05,2025-03-08 22:00:00,Shift 3,OP03,960,781,729,52,36.34
PRD_002326,M05,2025-03-09 06:00:00,Shift 1,OP01,960,768,720,48,36.47
PRD_002327,M05,2025-03-09 14:00:00,Shift 2,OP02,960,781,727,54,36.59
PRD_002328,M05,2025-03-09 22:00:00,Shift 3,OP03,960,748,697,51,36.71
PRD_002329,M05,2025-03-10 06:00:00,Shift 1,OP01,960,750,699,51,36.83
PRD_002330,M05,2025-03-10 14:00:00,Shift 2,OP02,960,759,710,49,36.94
PRD_002331,M05,2025-03-10 22:00:00,Shift 3,OP03,960,775,712,63,37.07
PRD_002332,M05,2025-03-11 06:00:00,Shift 1,OP01,960,774,715,59,37.18
PRD_002333,M05,2025-03-11 14:00:00,Shift 2,OP02,960,765,711,54,37.3
PRD_002334,M05,2025-03-11 22:00:00,Shift 3,OP03,960,731,672,59,37.42
PRD_002335,M05,2025-03-12 06:00:00,Shift 1,OP01,960,756,692,64,37.54
PRD_002336,M05,2025-03-12 14:00:00,Shift 2,OP02,960,753,686,67,37.66
PRD_002337,M05,2025-03-12 22:00:00,Shift 3,OP03,960,752,696,56,37.78
PRD_002338,M05,2025-03-13 06:00:00,Shift 1,OP01,960,738,673,65,37.91
PRD_002339,M05,2025-03-13 22:00:00,Shift 3,OP03,960,908,882,26,30.47
PRD_002340,M05,2025-03-14 06:00:00,Shift 1,OP01,960,913,890,23,30.54
PRD_002341,M05,2025-03-14 14:00:00,Shift 2,OP02,960,896,872,24,30.63
PRD_002342,M05,2025-03-14 22:00:00,Shift 3,OP03,960,895,874,21,30.71
PRD_002343,M05,2025-03-15 06:00:00,Shift 1,OP01,960,929,909,20,30.79
PRD_002344,M05,2025-03-15 14:00:00,Shift 2,OP02,960,905,878,27,30.88
PRD_002345,M05,2025-03-15 22:00:00,Shift 3,OP03,960,907,881,26,30.96
PRD_002346,M05,2025-03-16 06:00:00,Shift 1,OP01,960,893,867,26,31.05
PRD_002347,M05,2025-03-16 14:00:00,Shift 2,OP02,960,892,870,22,31.13
PRD_002348,M05,2025-03-16 22:00:00,Shift 3,OP03,960,919,891,28,31.21
PRD_002349,M05,2025-03-17 06:00:00,Shift 1,OP01,960,874,857,17,31.3
PRD_002350,M05,2025-03-17 14:00:00,Shift 2,OP02,960,878,865,13,31.39
PRD_002351,M05,2025-03-17 22:00:00,Shift 3,OP03,960,875,860,15,31.46
PRD_002352,M05,2025-03-18 06:00:00,Shift 1,OP01,960,877,851,26,31.55
PRD_002353,M05,2025-03-18 14:00:00,Shift 2,OP02,960,904,881,23,31.64
PRD_002354,M05,2025-03-18 22:00:00,Shift 3,OP03,960,885,867,18,31.73
PRD_002355,M05,2025-03-19 06:00:00,Shift 1,OP01,960,875,860,15,31.82
PRD_002356,M05,2025-03-19 14:00:00,Shift 2,OP02,960,897,875,22,31.91
PRD_002357,M05,2025-03-19 22:00:00,Shift 3,OP03,960,896,866,30,32.01
PRD_002358,M05,2025-03-20 06:00:00,Shift 1,OP01,960,862,832,30,32.1
PRD_002359,M05,2025-03-20 14:00:00,Shift 2,OP02,960,875,855,20,32.18
PRD_002360,M05,2025-03-20 22:00:00,Shift 3,OP03,960,858,840,18,32.26
PRD_002361,M05,2025-03-21 06:00:00,Shift 1,OP01,960,856,825,31,32.36
PRD_002362,M05,2025-03-21 14:00:00,Shift 2,OP02,960,860,830,30,32.44
PRD_002363,M05,2025-03-21 22:00:00,Shift 3,OP03,960,852,831,21,32.54
PRD_002364,M05,2025-03-22 06:00:00,Shift 1,OP01,960,844,819,25,32.62
PRD_002365,M05,2025-03-22 14:00:00,Shift 2,OP02,960,852,825,27,32.72
PRD_002366,M05,2025-03-22 22:00:00,Shift 3,OP03,960,839,821,18,32.81
PRD_002367,M05,2025-03-23 06:00:00,Shift 1,OP01,960,864,833,31,32.9
PRD_002368,M05,2025-03-23 14:00:00,Shift 2,OP02,960,835,807,28,32.99
PRD_002369,M05,2025-03-23 22:00:00,Shift 3,OP03,960,837,811,26,33.1
PRD_002370,M05,2025-03-24 06:00:00,Shift 1,OP01,960,855,828,27,33.19
PRD_002371,M05,2025-03-24 14:00:00,Shift 2,OP02,960,827,802,25,33.28
PRD_002372,M05,2025-03-24 22:00:00,Shift 3,OP03,960,832,797,35,33.38
PRD_002373,M05,2025-03-25 06:00:00,Shift 1,OP01,960,853,823,30,33.47
PRD_002374,M05,2025-03-25 14:00:00,Shift 2,OP02,960,830,795,35,33.57
PRD_002375,M05,2025-03-25 22:00:00,Shift 3,OP03,960,814,790,24,33.67
PRD_002376,M05,2025-03-26 06:00:00,Shift 1,OP01,960,825,799,26,33.79
PRD_002377,M05,2025-03-26 14:00:00,Shift 2,OP02,960,836,805,31,33.88
PRD_002378,M05,2025-03-26 22:00:00,Shift 3,OP03,960,805,766,39,33.98
PRD_002379,M05,2025-03-27 06:00:00,Shift 1,OP01,960,839,799,40,34.09
PRD_002380,M05,2025-03-27 14:00:00,Shift 2,OP02,960,816,786,30,34.19
PRD_002381,M05,2025-03-27 22:00:00,Shift 3,OP03,960,822,784,38,34.3
PRD_002382,M05,2025-03-28 06:00:00,Shift 1,OP01,960,799,770,29,34.4
PRD_002383,M05,2025-03-28 14:00:00,Shift 2,OP02,960,823,788,35,34.51
PRD_002384,M05,2025-03-28 22:00:00,Shift 3,OP03,960,812,773,39,34.61
PRD_002385,M05,2025-03-29 06:00:00,Shift 1,OP01,960,827,793,34,34.73
PRD_002386,M05,2025-03-29 14:00:00,Shift 2,OP02,960,825,781,44,34.84
PRD_002387,M05,2025-03-29 22:00:00,Shift 3,OP03,960,786,748,38,34.94
PRD_002388,M05,2025-03-30 06:00:00,Shift 1,OP01,960,808,764,44,35.06
PRD_002389,M05,2025-03-30 14:00:00,Shift 2,OP02,960,807,772,35,35.17
PRD_002390,M05,2025-03-30 22:00:00,Shift 3,OP03,960,815,775,40,35.27
PRD_002391,M05,2025-03-31 06:00:00,Shift 1,OP01,960,786,745,41,35.38
PRD_002392,M05,2025-03-31 14:00:00,Shift 2,OP02,960,798,755,43,35.5
PRD_002393,M05,2025-03-31 22:00:00,Shift 3,OP03,960,807,753,54,35.61
PRD_002394,M05,2025-04-01 06:00:00,Shift 1,OP01,960,783,741,42,35.74
PRD_002395,M05,2025-04-01 14:00:00,Shift 2,OP02,960,767,724,43,35.85
PRD_002396,M05,2025-04-01 22:00:00,Shift 3,OP03,960,792,737,55,35.97
PRD_002397,M05,2025-04-02 06:00:00,Shift 1,OP01,960,775,727,48,36.08
PRD_002398,M05,2025-04-02 14:00:00,Shift 2,OP02,960,769,715,54,36.21
PRD_002399,M05,2025-04-02 22:00:00,Shift 3,OP03,960,765,717,48,36.33
PRD_002400,M05,2025-04-03 06:00:00,Shift 1,OP01,960,784,732,52,36.46
PRD_002401,M05,2025-04-03 14:00:00,Shift 2,OP02,960,782,734,48,36.56
PRD_002402,M05,2025-04-03 22:00:00,Shift 3,OP03,960,756,709,47,36.69
PRD_002403,M05,2025-04-04 06:00:00,Shift 1,OP01,960,757,704,53,36.81
PRD_002404,M05,2025-04-04 14:00:00,Shift 2,OP02,960,749,699,50,36.92
PRD_002405,M05,2025-04-04 22:00:00,Shift 3,OP03,960,750,692,58,37.03
PRD_002406,M05,2025-04-05 06:00:00,Shift 1,OP01,960,761,696,65,37.15
PRD_002407,M05,2025-04-05 14:00:00,Shift 2,OP02,960,756,701,55,37.27
PRD_002408,M05,2025-04-05 22:00:00,Shift 3,OP03,960,765,705,60,37.39
PRD_002409,M05,2025-04-06 06:00:00,Shift 1,OP01,960,754,690,64,37.5
PRD_002410,M05,2025-04-06 14:00:00,Shift 2,OP02,960,734,674,60,37.62
PRD_002411,M05,2025-04-06 22:00:00,Shift 3,OP03,960,756,700,56,37.74
PRD_002412,M05,2025-04-07 06:00:00,Shift 1,OP01,960,722,664,58,37.87
PRD_002413,M05,2025-04-07 14:00:00,Shift 2,OP02,960,754,693,61,37.99
PRD_002414,M05,2025-04-07 22:00:00,Shift 3,OP03,960,741,679,62,38.11
PRD_002415,M05,2025-04-08 06:00:00,Shift 1,OP01,960,716,651,65,38.24
PRD_002416,M05,2025-04-08 14:00:00,Shift 2,OP02,960,737,674,63,38.36
PRD_002417,M05,2025-04-08 22:00:00,Shift 3,OP03,960,717,645,72,38.49
PRD_002418,M05,2025-04-09 06:00:00,Shift 1,OP01,960,742,675,67,38.62
PRD_002419,M05,2025-04-09 22:00:00,Shift 3,OP03,960,937,917,20,30.62
PRD_002420,M05,2025-04-10 06:00:00,Shift 1,OP01,960,934,916,18,30.7
PRD_002421,M05,2025-04-10 14:00:00,Shift 2,OP02,960,918,894,24,30.78
PRD_002422,M05,2025-04-10 22:00:00,Shift 3,OP03,960,898,884,14,30.86
PRD_002423,M05,2025-04-11 06:00:00,Shift 1,OP01,960,898,885,13,30.94
PRD_002424,M05,2025-04-11 14:00:00,Shift 2,OP02,960,915,894,21,31.03
PRD_002425,M05,2025-04-11 22:00:00,Shift 3,OP03,960,897,880,17,31.12
PRD_002426,M05,2025-04-12 06:00:00,Shift 1,OP01,960,887,876,11,31.2
PRD_002427,M05,2025-04-12 14:00:00,Shift 2,OP02,960,919,901,18,31.29
PRD_002428,M05,2025-04-12 22:00:00,Shift 3,OP03,960,873,859,14,31.39
PRD_002429,M05,2025-04-13 06:00:00,Shift 1,OP01,960,909,890,19,31.47
PRD_002430,M05,2025-04-13 14:00:00,Shift 2,OP02,960,885,872,13,31.56
PRD_002431,M05,2025-04-13 22:00:00,Shift 3,OP03,960,894,872,22,31.65
PRD_002432,M05,2025-04-14 06:00:00,Shift 1,OP01,960,870,857,13,31.74
PRD_002433,M05,2025-04-14 14:00:00,Shift 2,OP02,960,895,866,29,31.83
PRD_002434,M05,2025-04-14 22:00:00,Shift 3,OP03,960,883,865,18,31.92
PRD_002435,M05,2025-04-15 06:00:00,Shift 1,OP01,960,880,862,18,32.02
PRD_002436,M05,2025-04-15 14:00:00,Shift 2,OP02,960,871,845,26,32.11
PRD_002437,M05,2025-04-15 22:00:00,Shift 3,OP03,960,892,868,24,32.2
PRD_002438,M05,2025-04-16 06:00:00,Shift 1,OP01,960,852,827,25,32.28
PRD_002439,M05,2025-04-16 14:00:00,Shift 2,OP02,960,857,830,27,32.37
PRD_002440,M05,2025-04-16 22:00:00,Shift 3,OP03,960,848,816,32,32.47
PRD_002441,M05,2025-04-17 06:00:00,Shift 1,OP01,960,851,827,24,32.56
PRD_002442,M05,2025-04-17 14:00:00,Shift 2,OP02,960,842,815,27,32.64
PRD_002443,M05,2025-04-17 22:00:00,Shift 3,OP03,960,843,815,28,32.74
PRD_002444,M05,2025-04-18 06:00:00,Shift 1,OP01,960,850,830,20,32.85
PRD_002445,M05,2025-04-18 14:00:00,Shift 2,OP02,960,865,837,28,32.93
PRD_002446,M05,2025-04-18 22:00:00,Shift 3,OP03,960,845,821,24,33.03
PRD_002447,M05,2025-04-19 06:00:00,Shift 1,OP01,960,846,818,28,33.12
PRD_002448,M05,2025-04-19 14:00:00,Shift 2,OP02,960,830,797,33,33.22
PRD_002449,M05,2025-04-19 22:00:00,Shift 3,OP03,960,839,805,34,33.32
PRD_002450,M05,2025-04-20 06:00:00,Shift 1,OP01,960,857,826,31,33.42
PRD_002451,M05,2025-04-20 14:00:00,Shift 2,OP02,960,839,810,29,33.51
PRD_002452,M05,2025-04-20 22:00:00,Shift 3,OP03,960,820,794,26,33.61
PRD_002453,M05,2025-04-21 06:00:00,Shift 1,OP01,960,826,802,24,33.7
PRD_002454,M05,2025-04-21 14:00:00,Shift 2,OP02,960,840,802,38,33.81
PRD_002455,M05,2025-04-21 22:00:00,Shift 3,OP03,960,807,780,27,33.92
PRD_002456,M05,2025-04-22 06:00:00,Shift 1,OP01,960,806,771,35,34.02
PRD_002457,M05,2025-04-22 14:00:00,Shift 2,OP02,960,822,791,31,34.12
PRD_002458,M05,2025-04-22 22:00:00,Shift 3,OP03,960,803,764,39,34.23
PRD_002459,M05,2025-04-23 06:00:00,Shift 1,OP01,960,803,761,42,34.33
PRD_002460,M05,2025-04-23 14:00:00,Shift 2,OP02,960,831,801,30,34.45
PRD_002461,M05,2025-04-23 22:00:00,Shift 3,OP03,960,810,772,38,34.56
PRD_002462,M05,2025-04-24 06:00:00,Shift 1,OP01,960,790,749,41,34.66
PRD_002463,M05,2025-04-24 14:00:00,Shift 2,OP02,960,807,764,43,34.77
PRD_002464,M05,2025-04-24 22:00:00,Shift 3,OP03,960,824,786,38,34.88
PRD_002465,M05,2025-04-25 06:00:00,Shift 1,OP01,960,805,766,39,34.98
PRD_002466,M05,2025-04-25 14:00:00,Shift 2,OP02,960,791,747,44,35.08
PRD_002467,M05,2025-04-25 22:00:00,Shift 3,OP03,960,805,763,42,35.19
PRD_002468,M05,2025-04-26 06:00:00,Shift 1,OP01,960,795,754,41,35.3
PRD_002469,M05,2025-04-26 14:00:00,Shift 2,OP02,960,781,737,44,35.42
PRD_002470,M05,2025-04-26 22:00:00,Shift 3,OP03,960,802,755,47,35.53
PRD_002471,M05,2025-04-27 06:00:00,Shift 1,OP01,960,777,727,50,35.65
PRD_002472,M05,2025-04-27 14:00:00,Shift 2,OP02,960,805,763,42,35.76
PRD_002473,M05,2025-04-27 22:00:00,Shift 3,OP03,960,786,742,44,35.86
PRD_002474,M05,2025-04-28 06:00:00,Shift 1,OP01,960,778,733,45,35.99
PRD_002475,M05,2025-04-28 14:00:00,Shift 2,OP02,960,773,722,51,36.1
PRD_002476,M05,2025-04-28 22:00:00,Shift 3,OP03,960,764,713,51,36.22
PRD_002477,M05,2025-04-29 06:00:00,Shift 1,OP01,960,787,731,56,36.34
PRD_002478,M05,2025-04-29 14:00:00,Shift 2,OP02,960,785,730,55,36.46
PRD_002479,M05,2025-04-29 22:00:00,Shift 3,OP03,960,765,718,47,36.58
PRD_002480,M05,2025-04-30 06:00:00,Shift 1,OP01,960,759,706,53,36.7
PRD_002481,M05,2025-04-30 14:00:00,Shift 2,OP02,960,758,700,58,36.81
PRD_002482,M05,2025-04-30 22:00:00,Shift 3,OP03,960,763,704,59,36.91
PRD_002483,M05,2025-05-01 06:00:00,Shift 1,OP01,960,740,691,49,37.04
PRD_002484,M05,2025-05-01 14:00:00,Shift 2,OP02,960,758,699,59,37.15
PRD_002485,M05,2025-05-01 22:00:00,Shift 3,OP03,960,769,711,58,37.28
PRD_002486,M05,2025-05-02 06:00:00,Shift 1,OP01,960,758,692,66,37.4
PRD_002487,M05,2025-05-02 14:00:00,Shift 2,OP02,960,735,674,61,37.51
PRD_002488,M05,2025-05-02 22:00:00,Shift 3,OP03,960,761,697,64,37.63
PRD_002489,M05,2025-05-03 06:00:00,Shift 1,OP01,960,755,692,63,37.74
PRD_002490,M05,2025-05-03 14:00:00,Shift 2,OP02,960,740,679,61,37.87
PRD_002491,M05,2025-05-03 22:00:00,Shift 3,OP03,960,744,677,67,37.99
PRD_002492,M05,2025-05-04 06:00:00,Shift 1,OP01,960,728,663,65,38.12
PRD_002493,M05,2025-05-05 06:00:00,Shift 1,OP01,960,913,889,24,30.56
PRD_002494,M05,2025-05-05 14:00:00,Shift 2,OP02,960,920,894,26,30.64
PRD_002495,M05,2025-05-05 22:00:00,Shift 3,OP03,960,908,892,16,30.72
PRD_002496,M05,2025-05-06 06:00:00,Shift 1,OP01,960,929,916,13,30.81
PRD_002497,M05,2025-05-06 14:00:00,Shift 2,OP02,960,913,889,24,30.89
PRD_002498,M05,2025-05-06 22:00:00,Shift 3,OP03,960,908,883,25,30.98
PRD_002499,M05,2025-05-07 06:00:00,Shift 1,OP01,960,919,905,14,31.07
PRD_002500,M05,2025-05-07 14:00:00,Shift 2,OP02,960,912,885,27,31.16
PRD_002501,M05,2025-05-07 22:00:00,Shift 3,OP03,960,876,857,19,31.24
PRD_002502,M05,2025-05-08 06:00:00,Shift 1,OP01,960,894,883,11,31.32
PRD_002503,M05,2025-05-08 14:00:00,Shift 2,OP02,960,881,863,18,31.4
PRD_002504,M05,2025-05-08 22:00:00,Shift 3,OP03,960,876,852,24,31.5
PRD_002505,M05,2025-05-09 06:00:00,Shift 1,OP01,960,908,882,26,31.6
PRD_002506,M05,2025-05-09 14:00:00,Shift 2,OP02,960,878,859,19,31.69
PRD_002507,M05,2025-05-09 22:00:00,Shift 3,OP03,960,893,865,28,31.78
PRD_002508,M05,2025-05-10 06:00:00,Shift 1,OP01,960,877,860,17,31.86
PRD_002509,M05,2025-05-10 14:00:00,Shift 2,OP02,960,856,836,20,31.95
PRD_002510,M05,2025-05-10 22:00:00,Shift 3,OP03,960,863,838,25,32.05
PRD_002511,M05,2025-05-11 06:00:00,Shift 1,OP01,960,890,870,20,32.14
PRD_002512,M05,2025-05-11 14:00:00,Shift 2,OP02,960,869,852,17,32.24
PRD_002513,M05,2025-05-11 22:00:00,Shift 3,OP03,960,853,832,21,32.32
PRD_002514,M05,2025-05-12 06:00:00,Shift 1,OP01,960,876,849,27,32.41
PRD_002515,M05,2025-05-12 14:00:00,Shift 2,OP02,960,852,834,18,32.51
PRD_002516,M05,2025-05-12 22:00:00,Shift 3,OP03,960,855,832,23,32.61
PRD_002517,M05,2025-05-13 06:00:00,Shift 1,OP01,960,858,833,25,32.7
PRD_002518,M05,2025-05-13 14:00:00,Shift 2,OP02,960,858,837,21,32.8
PRD_002519,M05,2025-05-13 22:00:00,Shift 3,OP03,960,872,852,20,32.89
PRD_002520,M05,2025-05-14 06:00:00,Shift 1,OP01,960,855,831,24,32.99
PRD_002521,M05,2025-05-14 14:00:00,Shift 2,OP02,960,829,803,26,33.08
PRD_002522,M05,2025-05-14 22:00:00,Shift 3,OP03,960,846,813,33,33.17
PRD_002523,M05,2025-05-15 06:00:00,Shift 1,OP01,960,856,819,37,33.27
PRD_002524,M05,2025-05-15 14:00:00,Shift 2,OP02,960,823,801,22,33.37
PRD_002525,M05,2025-05-15 22:00:00,Shift 3,OP03,960,852,815,37,33.46
PRD_002526,M05,2025-05-16 06:00:00,Shift 1,OP01,960,848,810,38,33.57
PRD_002527,M05,2025-05-16 14:00:00,Shift 2,OP02,960,845,813,32,33.68
PRD_002528,M05,2025-05-16 22:00:00,Shift 3,OP03,960,848,821,27,33.77
PRD_002529,M05,2025-05-17 06:00:00,Shift 1,OP01,960,822,782,40,33.89
PRD_002530,M05,2025-05-17 14:00:00,Shift 2,OP02,960,808,772,36,33.99
PRD_002531,M05,2025-05-17 22:00:00,Shift 3,OP03,960,830,799,31,34.1
PRD_002532,M05,2025-05-18 06:00:00,Shift 1,OP01,960,813,779,34,34.21
PRD_002533,M05,2025-05-18 14:00:00,Shift 2,OP02,960,804,763,41,34.3
PRD_002534,M05,2025-05-18 22:00:00,Shift 3,OP03,960,797,756,41,34.4
PRD_002535,M05,2025-05-19 06:00:00,Shift 1,OP01,960,799,770,29,34.51
PRD_002536,M05,2025-05-19 14:00:00,Shift 2,OP02,960,815,776,39,34.63
PRD_002537,M05,2025-05-19 22:00:00,Shift 3,OP03,960,797,766,31,34.74
PRD_002538,M05,2025-05-20 06:00:00,Shift 1,OP01,960,806,766,40,34.85
PRD_002539,M05,2025-05-20 14:00:00,Shift 2,OP02,960,799,759,40,34.97
PRD_002540,M05,2025-05-20 22:00:00,Shift 3,OP03,960,788,751,37,35.07
PRD_002541,M05,2025-05-21 06:00:00,Shift 1,OP01,960,798,764,34,35.19
PRD_002542,M05,2025-05-21 14:00:00,Shift 2,OP02,960,808,759,49,35.29
PRD_002543,M05,2025-05-21 22:00:00,Shift 3,OP03,960,793,743,50,35.41
PRD_002544,M05,2025-05-22 06:00:00,Shift 1,OP01,960,806,756,50,35.5
PRD_002545,M05,2025-05-22 14:00:00,Shift 2,OP02,960,790,737,53,35.63
PRD_002546,M05,2025-05-22 22:00:00,Shift 3,OP03,960,795,745,50,35.74
PRD_002547,M05,2025-05-23 06:00:00,Shift 1,OP01,960,774,726,48,35.84
PRD_002548,M05,2025-05-23 14:00:00,Shift 2,OP02,960,771,718,53,35.96
PRD_002549,M05,2025-05-23 22:00:00,Shift 3,OP03,960,791,735,56,36.06
PRD_002550,M05,2025-05-24 06:00:00,Shift 1,OP01,960,759,713,46,36.19
PRD_002551,M05,2025-05-24 14:00:00,Shift 2,OP02,960,787,733,54,36.3
PRD_002552,M05,2025-05-24 22:00:00,Shift 3,OP03,960,777,725,52,36.4
PRD_002553,M05,2025-05-25 06:00:00,Shift 1,OP01,960,769,711,58,36.53
PRD_002554,M05,2025-05-25 14:00:00,Shift 2,OP02,960,775,717,58,36.65
PRD_002555,M05,2025-05-25 22:00:00,Shift 3,OP03,960,754,693,61,36.78
PRD_002556,M05,2025-05-26 06:00:00,Shift 1,OP01,960,773,715,58,36.9
PRD_002557,M05,2025-05-26 14:00:00,Shift 2,OP02,960,745,692,53,37.02
PRD_002558,M05,2025-05-26 22:00:00,Shift 3,OP03,960,753,689,64,37.15
PRD_002559,M05,2025-05-27 06:00:00,Shift 1,OP01,960,767,712,55,37.27
PRD_002560,M05,2025-05-27 14:00:00,Shift 2,OP02,960,763,697,66,37.39
PRD_002561,M05,2025-05-27 22:00:00,Shift 3,OP03,960,763,701,62,37.5
PRD_002562,M05,2025-05-28 06:00:00,Shift 1,OP01,960,762,705,57,37.63
PRD_002563,M05,2025-05-28 14:00:00,Shift 2,OP02,960,747,683,64,37.74
PRD_002564,M05,2025-05-28 22:00:00,Shift 3,OP03,960,752,694,58,37.87
PRD_002565,M05,2025-05-29 06:00:00,Shift 1,OP01,960,731,669,62,38.01
PRD_002566,M05,2025-05-29 14:00:00,Shift 2,OP02,960,937,922,15,30.45
PRD_002567,M05,2025-05-29 22:00:00,Shift 3,OP03,960,896,877,19,30.54
PRD_002568,M05,2025-05-30 06:00:00,Shift 1,OP01,960,900,891,9,30.62
PRD_002569,M05,2025-05-30 14:00:00,Shift 2,OP02,960,907,884,23,30.7
PRD_002570,M05,2025-05-30 22:00:00,Shift 3,OP03,960,893,868,25,30.79
PRD_002571,M05,2025-05-31 06:00:00,Shift 1,OP01,960,895,878,17,30.88
PRD_002572,M05,2025-05-31 14:00:00,Shift 2,OP02,960,895,870,25,30.97
PRD_002573,M05,2025-05-31 22:00:00,Shift 3,OP03,960,905,891,14,31.05
PRD_002574,M05,2025-06-01 06:00:00,Shift 1,OP01,960,916,895,21,31.14
PRD_002575,M05,2025-06-01 14:00:00,Shift 2,OP02,960,895,868,27,31.21
PRD_002576,M05,2025-06-01 22:00:00,Shift 3,OP03,960,903,875,28,31.3
PRD_002577,M05,2025-06-02 06:00:00,Shift 1,OP01,960,891,866,25,31.39
PRD_002578,M05,2025-06-02 14:00:00,Shift 2,OP02,960,875,850,25,31.48
PRD_002579,M05,2025-06-02 22:00:00,Shift 3,OP03,960,872,845,27,31.57
PRD_002580,M05,2025-06-03 06:00:00,Shift 1,OP01,960,896,878,18,31.67
PRD_002581,M05,2025-06-03 14:00:00,Shift 2,OP02,960,877,855,22,31.76
PRD_002582,M05,2025-06-03 22:00:00,Shift 3,OP03,960,876,852,24,31.86
PRD_002583,M05,2025-06-04 06:00:00,Shift 1,OP01,960,872,857,15,31.96
PRD_002584,M05,2025-06-04 14:00:00,Shift 2,OP02,960,896,864,32,32.06
PRD_002585,M05,2025-06-04 22:00:00,Shift 3,OP03,960,884,865,19,32.15
PRD_002586,M05,2025-06-05 06:00:00,Shift 1,OP01,960,868,845,23,32.24
PRD_002587,M05,2025-06-05 14:00:00,Shift 2,OP02,960,852,822,30,32.34
PRD_002588,M05,2025-06-05 22:00:00,Shift 3,OP03,960,869,836,33,32.44
PRD_002589,M05,2025-06-06 06:00:00,Shift 1,OP01,960,863,838,25,32.53
PRD_002590,M05,2025-06-06 14:00:00,Shift 2,OP02,960,848,830,18,32.63
PRD_002591,M05,2025-06-06 22:00:00,Shift 3,OP03,960,853,826,27,32.73
PRD_002592,M05,2025-06-07 06:00:00,Shift 1,OP01,960,862,831,31,32.83
PRD_002593,M05,2025-06-07 14:00:00,Shift 2,OP02,960,834,805,29,32.93
PRD_002594,M05,2025-06-07 22:00:00,Shift 3,OP03,960,832,799,33,33.03
PRD_002595,M05,2025-06-08 06:00:00,Shift 1,OP01,960,859,834,25,33.14
PRD_002596,M05,2025-06-08 14:00:00,Shift 2,OP02,960,844,817,27,33.24
PRD_002597,M05,2025-06-08 22:00:00,Shift 3,OP03,960,830,801,29,33.33
PRD_002598,M05,2025-06-09 06:00:00,Shift 1,OP01,960,851,828,23,33.44
PRD_002599,M05,2025-06-09 14:00:00,Shift 2,OP02,960,848,822,26,33.54
PRD_002600,M05,2025-06-09 22:00:00,Shift 3,OP03,960,847,811,36,33.65
PRD_002601,M05,2025-06-10 06:00:00,Shift 1,OP01,960,842,807,35,33.76
PRD_002602,M05,2025-06-10 14:00:00,Shift 2,OP02,960,845,807,38,33.85
PRD_002603,M05,2025-06-10 22:00:00,Shift 3,OP03,960,805,774,31,33.95
PRD_002604,M05,2025-06-11 06:00:00,Shift 1,OP01,960,831,804,27,34.07
PRD_002605,M05,2025-06-11 14:00:00,Shift 2,OP02,960,820,777,43,34.17
PRD_002606,M05,2025-06-11 22:00:00,Shift 3,OP03,960,801,764,37,34.28
PRD_002607,M05,2025-06-12 06:00:00,Shift 1,OP01,960,812,783,29,34.38
PRD_002608,M05,2025-06-12 14:00:00,Shift 2,OP02,960,829,783,46,34.47
PRD_002609,M05,2025-06-12 22:00:00,Shift 3,OP03,960,815,778,37,34.58
PRD_002610,M05,2025-06-13 06:00:00,Shift 1,OP01,960,807,765,42,34.69
PRD_002611,M05,2025-06-13 14:00:00,Shift 2,OP02,960,788,748,40,34.81
PRD_002612,M05,2025-06-13 22:00:00,Shift 3,OP03,960,809,771,38,34.89
PRD_002613,M05,2025-06-14 06:00:00,Shift 1,OP01,960,788,741,47,35.01
PRD_002614,M05,2025-06-14 14:00:00,Shift 2,OP02,960,779,738,41,35.13
PRD_002615,M05,2025-06-14 22:00:00,Shift 3,OP03,960,782,747,35,35.25
PRD_002616,M05,2025-06-15 06:00:00,Shift 1,OP01,960,789,752,37,35.35
PRD_002617,M05,2025-06-15 14:00:00,Shift 2,OP02,960,785,739,46,35.46
PRD_002618,M05,2025-06-15 22:00:00,Shift 3,OP03,960,809,766,43,35.55
PRD_002619,M05,2025-06-16 06:00:00,Shift 1,OP01,960,800,751,49,35.67
PRD_002620,M05,2025-06-16 14:00:00,Shift 2,OP02,960,787,734,53,35.79
PRD_002621,M05,2025-06-16 22:00:00,Shift 3,OP03,960,798,756,42,35.91
PRD_002622,M05,2025-06-17 06:00:00,Shift 1,OP01,960,780,728,52,36.02
PRD_002623,M05,2025-06-17 14:00:00,Shift 2,OP02,960,777,735,42,36.13
PRD_002624,M05,2025-06-17 22:00:00,Shift 3,OP03,960,794,750,44,36.24
PRD_002625,M05,2025-06-18 06:00:00,Shift 1,OP01,960,776,720,56,36.36
PRD_002626,M05,2025-06-18 14:00:00,Shift 2,OP02,960,750,700,50,36.49
PRD_002627,M05,2025-06-18 22:00:00,Shift 3,OP03,960,762,711,51,36.61
PRD_002628,M05,2025-06-19 06:00:00,Shift 1,OP01,960,783,727,56,36.73
PRD_002629,M05,2025-06-19 14:00:00,Shift 2,OP02,960,758,707,51,36.85
PRD_002630,M05,2025-06-19 22:00:00,Shift 3,OP03,960,772,716,56,36.97
PRD_002631,M05,2025-06-20 06:00:00,Shift 1,OP01,960,750,692,58,37.09
PRD_002632,M05,2025-06-20 14:00:00,Shift 2,OP02,960,772,717,55,37.22
PRD_002633,M05,2025-06-20 22:00:00,Shift 3,OP03,960,735,682,53,37.32
PRD_002634,M05,2025-06-21 06:00:00,Shift 1,OP01,960,754,697,57,37.43
PRD_002635,M05,2025-06-21 14:00:00,Shift 2,OP02,960,739,683,56,37.55
PRD_002636,M05,2025-06-21 22:00:00,Shift 3,OP03,960,751,693,58,37.67
PRD_002637,M05,2025-06-22 06:00:00,Shift 1,OP01,960,738,679,59,37.8
PRD_002638,M05,2025-06-22 14:00:00,Shift 2,OP02,960,724,664,60,37.94
PRD_002639,M05,2025-06-23 14:00:00,Shift 2,OP02,960,911,901,10,30.35
PRD_002640,M05,2025-06-23 22:00:00,Shift 3,OP03,960,905,883,22,30.43
PRD_002641,M05,2025-06-24 06:00:00,Shift 1,OP01,960,922,913,9,30.5
PRD_002642,M05,2025-06-24 14:00:00,Shift 2,OP02,960,939,922,17,30.59
PRD_002643,M05,2025-06-24 22:00:00,Shift 3,OP03,960,931,909,22,30.68
PRD_002644,M05,2025-06-25 06:00:00,Shift 1,OP01,960,897,884,13,30.76
PRD_002645,M05,2025-06-25 14:00:00,Shift 2,OP02,960,924,914,10,30.84
PRD_002646,M05,2025-06-25 22:00:00,Shift 3,OP03,960,927,914,13,30.92
PRD_002647,M05,2025-06-26 06:00:00,Shift 1,OP01,960,912,901,11,31.0
PRD_002648,M05,2025-06-26 14:00:00,Shift 2,OP02,960,915,894,21,31.08
PRD_002649,M05,2025-06-26 22:00:00,Shift 3,OP03,960,902,877,25,31.17
PRD_002650,M05,2025-06-27 06:00:00,Shift 1,OP01,960,886,858,28,31.25
PRD_002651,M05,2025-06-27 14:00:00,Shift 2,OP02,960,882,858,24,31.33
PRD_002652,M05,2025-06-27 22:00:00,Shift 3,OP03,960,872,860,12,31.42
PRD_002653,M05,2025-06-28 06:00:00,Shift 1,OP01,960,905,883,22,31.5
PRD_002654,M05,2025-06-28 14:00:00,Shift 2,OP02,960,898,876,22,31.59
PRD_002655,M05,2025-06-28 22:00:00,Shift 3,OP03,960,871,844,27,31.68
PRD_002656,M05,2025-06-29 06:00:00,Shift 1,OP01,960,899,885,14,31.76
PRD_002657,M05,2025-06-29 14:00:00,Shift 2,OP02,960,903,877,26,31.85
PRD_002658,M05,2025-06-29 22:00:00,Shift 3,OP03,960,872,849,23,31.93
PRD_002659,M06,2025-01-01 06:00:00,Shift 1,OP04,960,931,906,25,30.26
PRD_002660,M06,2025-01-01 14:00:00,Shift 2,OP05,960,911,889,22,30.31
PRD_002661,M06,2025-01-01 22:00:00,Shift 3,OP06,960,945,926,19,30.36
PRD_002662,M06,2025-01-02 06:00:00,Shift 1,OP04,960,925,907,18,30.41
PRD_002663,M06,2025-01-02 14:00:00,Shift 2,OP05,960,915,888,27,30.46
PRD_002664,M06,2025-01-02 22:00:00,Shift 3,OP06,960,941,915,26,30.51
PRD_002665,M06,2025-01-03 06:00:00,Shift 1,OP04,960,901,875,26,30.56
PRD_002666,M06,2025-01-03 14:00:00,Shift 2,OP05,960,912,901,11,30.62
PRD_002667,M06,2025-01-03 22:00:00,Shift 3,OP06,960,915,897,18,30.67
PRD_002668,M06,2025-01-04 06:00:00,Shift 1,OP04,960,923,913,10,30.72
PRD_002669,M06,2025-01-04 14:00:00,Shift 2,OP05,960,919,897,22,30.78
PRD_002670,M06,2025-01-04 22:00:00,Shift 3,OP06,960,914,897,17,30.84
PRD_002671,M06,2025-01-05 06:00:00,Shift 1,OP04,960,916,893,23,30.89
PRD_002672,M06,2025-01-05 14:00:00,Shift 2,OP05,960,917,897,20,30.94
PRD_002673,M06,2025-01-05 22:00:00,Shift 3,OP06,960,893,875,18,31.0
PRD_002674,M06,2025-01-06 06:00:00,Shift 1,OP04,960,885,875,10,31.05
PRD_002675,M06,2025-01-06 14:00:00,Shift 2,OP05,960,919,895,24,31.11
PRD_002676,M06,2025-01-06 22:00:00,Shift 3,OP06,960,911,891,20,31.17
PRD_002677,M06,2025-01-07 06:00:00,Shift 1,OP04,960,919,894,25,31.23
PRD_002678,M06,2025-01-07 14:00:00,Shift 2,OP05,960,894,871,23,31.28
PRD_002679,M06,2025-01-07 22:00:00,Shift 3,OP06,960,907,886,21,31.34
PRD_002680,M06,2025-01-08 06:00:00,Shift 1,OP04,960,897,869,28,31.39
PRD_002681,M06,2025-01-08 14:00:00,Shift 2,OP05,960,886,874,12,31.45
PRD_002682,M06,2025-01-08 22:00:00,Shift 3,OP06,960,883,870,13,31.5
PRD_002683,M06,2025-01-09 06:00:00,Shift 1,OP04,960,894,878,16,31.56
PRD_002684,M06,2025-01-09 14:00:00,Shift 2,OP05,960,890,867,23,31.62
PRD_002685,M06,2025-01-09 22:00:00,Shift 3,OP06,960,881,858,23,31.67
PRD_002686,M06,2025-01-10 06:00:00,Shift 1,OP04,960,881,868,13,31.73
PRD_002687,M06,2025-01-10 14:00:00,Shift 2,OP05,960,899,872,27,31.78
PRD_002688,M06,2025-01-10 22:00:00,Shift 3,OP06,960,869,845,24,31.83
PRD_002689,M06,2025-01-11 06:00:00,Shift 1,OP04,960,865,844,21,31.89
PRD_002690,M06,2025-01-11 14:00:00,Shift 2,OP05,960,875,856,19,31.95
PRD_002691,M06,2025-01-11 22:00:00,Shift 3,OP06,960,897,875,22,32.01
PRD_002692,M06,2025-01-12 06:00:00,Shift 1,OP04,960,889,860,29,32.07
PRD_002693,M06,2025-01-12 14:00:00,Shift 2,OP05,960,867,849,18,32.12
PRD_002694,M06,2025-01-12 22:00:00,Shift 3,OP06,960,862,838,24,32.18
PRD_002695,M06,2025-01-13 06:00:00,Shift 1,OP04,960,852,830,22,32.25
PRD_002696,M06,2025-01-13 14:00:00,Shift 2,OP05,960,889,864,25,32.31
PRD_002697,M06,2025-01-13 22:00:00,Shift 3,OP06,960,887,866,21,32.36
PRD_002698,M06,2025-01-14 06:00:00,Shift 1,OP04,960,865,843,22,32.42
PRD_002699,M06,2025-01-14 14:00:00,Shift 2,OP05,960,868,839,29,32.47
PRD_002700,M06,2025-01-14 22:00:00,Shift 3,OP06,960,857,824,33,32.54
PRD_002701,M06,2025-01-15 06:00:00,Shift 1,OP04,960,844,824,20,32.6
PRD_002702,M06,2025-01-15 14:00:00,Shift 2,OP05,960,874,842,32,32.66
PRD_002703,M06,2025-01-15 22:00:00,Shift 3,OP06,960,848,828,20,32.72
PRD_002704,M06,2025-01-16 06:00:00,Shift 1,OP04,960,835,805,30,32.78
PRD_002705,M06,2025-01-16 14:00:00,Shift 2,OP05,960,857,835,22,32.84
PRD_002706,M06,2025-01-16 22:00:00,Shift 3,OP06,960,844,812,32,32.9
PRD_002707,M06,2025-01-17 06:00:00,Shift 1,OP04,960,837,812,25,32.96
PRD_002708,M06,2025-01-17 14:00:00,Shift 2,OP05,960,871,848,23,33.02
PRD_002709,M06,2025-01-17 22:00:00,Shift 3,OP06,960,831,800,31,33.08
PRD_002710,M06,2025-01-18 06:00:00,Shift 1,OP04,960,854,818,36,33.14
PRD_002711,M06,2025-01-18 14:00:00,Shift 2,OP05,960,859,825,34,33.2
PRD_002712,M06,2025-01-18 22:00:00,Shift 3,OP06,960,861,837,24,33.27
PRD_002713,M06,2025-01-19 06:00:00,Shift 1,OP04,960,839,806,33,33.33
PRD_002714,M06,2025-01-19 14:00:00,Shift 2,OP05,960,851,818,33,33.4
PRD_002715,M06,2025-01-19 22:00:00,Shift 3,OP06,960,827,804,23,33.46
PRD_002716,M06,2025-01-20 06:00:00,Shift 1,OP04,960,845,820,25,33.52
PRD_002717,M06,2025-01-20 14:00:00,Shift 2,OP05,960,854,816,38,33.59
PRD_002718,M06,2025-01-20 22:00:00,Shift 3,OP06,960,831,806,25,33.66
PRD_002719,M06,2025-01-21 06:00:00,Shift 1,OP04,960,853,817,36,33.73
PRD_002720,M06,2025-01-21 14:00:00,Shift 2,OP05,960,844,806,38,33.79
PRD_002721,M06,2025-01-21 22:00:00,Shift 3,OP06,960,808,773,35,33.86
PRD_002722,M06,2025-01-22 06:00:00,Shift 1,OP04,960,827,800,27,33.93
PRD_002723,M06,2025-01-22 14:00:00,Shift 2,OP05,960,805,776,29,33.99
PRD_002724,M06,2025-01-22 22:00:00,Shift 3,OP06,960,808,777,31,34.06
PRD_002725,M06,2025-01-23 06:00:00,Shift 1,OP04,960,808,773,35,34.13
PRD_002726,M06,2025-01-23 14:00:00,Shift 2,OP05,960,838,805,33,34.19
PRD_002727,M06,2025-01-23 22:00:00,Shift 3,OP06,960,831,793,38,34.25
PRD_002728,M06,2025-01-24 06:00:00,Shift 1,OP04,960,809,773,36,34.31
PRD_002729,M06,2025-01-24 14:00:00,Shift 2,OP05,960,803,765,38,34.39
PRD_002730,M06,2025-01-24 22:00:00,Shift 3,OP06,960,816,776,40,34.46
PRD_002731,M06,2025-01-25 06:00:00,Shift 1,OP04,960,798,767,31,34.53
PRD_002732,M06,2025-01-25 14:00:00,Shift 2,OP05,960,821,781,40,34.6
PRD_002733,M06,2025-01-25 22:00:00,Shift 3,OP06,960,823,781,42,34.67
PRD_002734,M06,2025-01-26 06:00:00,Shift 1,OP04,960,808,776,32,34.73
PRD_002735,M06,2025-01-26 14:00:00,Shift 2,OP05,960,804,772,32,34.8
PRD_002736,M06,2025-01-26 22:00:00,Shift 3,OP06,960,807,767,40,34.87
PRD_002737,M06,2025-01-27 06:00:00,Shift 1,OP04,960,790,752,38,34.94
PRD_002738,M06,2025-01-27 14:00:00,Shift 2,OP05,960,791,750,41,35.01
PRD_002739,M06,2025-01-27 22:00:00,Shift 3,OP06,960,780,742,38,35.08
PRD_002740,M06,2025-01-28 06:00:00,Shift 1,OP04,960,781,748,33,35.14
PRD_002741,M06,2025-01-28 14:00:00,Shift 2,OP05,960,793,758,35,35.21
PRD_002742,M06,2025-01-28 22:00:00,Shift 3,OP06,960,811,761,50,35.27
PRD_002743,M06,2025-01-29 06:00:00,Shift 1,OP04,960,789,742,47,35.34
PRD_002744,M06,2025-01-29 14:00:00,Shift 2,OP05,960,777,733,44,35.4
PRD_002745,M06,2025-01-29 22:00:00,Shift 3,OP06,960,779,737,42,35.48
PRD_002746,M06,2025-01-30 06:00:00,Shift 1,OP04,960,782,737,45,35.54
PRD_002747,M06,2025-01-30 14:00:00,Shift 2,OP05,960,797,748,49,35.61
PRD_002748,M06,2025-01-30 22:00:00,Shift 3,OP06,960,769,720,49,35.69
PRD_002749,M06,2025-01-31 06:00:00,Shift 1,OP04,960,775,731,44,35.77
PRD_002750,M06,2025-01-31 14:00:00,Shift 2,OP05,960,796,742,54,35.84
PRD_002751,M06,2025-01-31 22:00:00,Shift 3,OP06,960,780,739,41,35.9
PRD_002752,M06,2025-02-01 06:00:00,Shift 1,OP04,960,798,742,56,35.98
PRD_002753,M06,2025-02-01 14:00:00,Shift 2,OP05,960,764,723,41,36.05
PRD_002754,M06,2025-02-01 22:00:00,Shift 3,OP06,960,780,736,44,36.13
PRD_002755,M06,2025-02-02 06:00:00,Shift 1,OP04,960,756,700,56,36.21
PRD_002756,M06,2025-02-02 14:00:00,Shift 2,OP05,960,788,742,46,36.29
PRD_002757,M06,2025-02-02 22:00:00,Shift 3,OP06,960,761,716,45,36.36
PRD_002758,M06,2025-02-03 06:00:00,Shift 1,OP04,960,760,709,51,36.44
PRD_002759,M06,2025-02-03 14:00:00,Shift 2,OP05,960,769,717,52,36.52
PRD_002760,M06,2025-02-03 22:00:00,Shift 3,OP06,960,754,696,58,36.6
PRD_002761,M06,2025-02-04 06:00:00,Shift 1,OP04,960,766,719,47,36.67
PRD_002762,M06,2025-02-04 14:00:00,Shift 2,OP05,960,765,709,56,36.74
PRD_002763,M06,2025-02-04 22:00:00,Shift 3,OP06,960,773,724,49,36.82
PRD_002764,M06,2025-02-05 06:00:00,Shift 1,OP04,960,779,720,59,36.9
PRD_002765,M06,2025-02-05 14:00:00,Shift 2,OP05,960,769,715,54,36.97
PRD_002766,M06,2025-02-05 22:00:00,Shift 3,OP06,960,745,691,54,37.05
PRD_002767,M06,2025-02-06 06:00:00,Shift 1,OP04,960,757,701,56,37.13
PRD_002768,M06,2025-02-06 14:00:00,Shift 2,OP05,960,754,695,59,37.21
PRD_002769,M06,2025-02-06 22:00:00,Shift 3,OP06,960,747,687,60,37.29
PRD_002770,M06,2025-02-07 06:00:00,Shift 1,OP04,960,761,694,67,37.37
PRD_002771,M06,2025-02-07 14:00:00,Shift 2,OP05,960,735,678,57,37.45
PRD_002772,M06,2025-02-07 22:00:00,Shift 3,OP06,960,729,676,53,37.53
PRD_002773,M06,2025-02-08 06:00:00,Shift 1,OP04,960,738,684,54,37.61
PRD_002774,M06,2025-02-08 14:00:00,Shift 2,OP05,960,743,679,64,37.69
PRD_002775,M06,2025-02-08 22:00:00,Shift 3,OP06,960,727,670,57,37.77
PRD_002776,M06,2025-02-09 06:00:00,Shift 1,OP04,960,725,665,60,37.85
PRD_002777,M06,2025-02-09 14:00:00,Shift 2,OP05,960,726,660,66,37.92
PRD_002778,M06,2025-02-09 22:00:00,Shift 3,OP06,960,730,660,70,38.01
PRD_002779,M06,2025-02-10 22:00:00,Shift 3,OP06,960,905,884,21,30.61
PRD_002780,M06,2025-02-11 06:00:00,Shift 1,OP04,960,912,893,19,30.67
PRD_002781,M06,2025-02-11 14:00:00,Shift 2,OP05,960,892,877,15,30.72
PRD_002782,M06,2025-02-11 22:00:00,Shift 3,OP06,960,918,908,10,30.77
PRD_002783,M06,2025-02-12 06:00:00,Shift 1,OP04,960,931,920,11,30.82
PRD_002784,M06,2025-02-12 14:00:00,Shift 2,OP05,960,911,894,17,30.87
PRD_002785,M06,2025-02-12 22:00:00,Shift 3,OP06,960,904,880,24,30.93
PRD_002786,M06,2025-02-13 06:00:00,Shift 1,OP04,960,926,910,16,30.98
PRD_002787,M06,2025-02-13 14:00:00,Shift 2,OP05,960,894,884,10,31.04
PRD_002788,M06,2025-02-13 22:00:00,Shift 3,OP06,960,922,906,16,31.09
PRD_002789,M06,2025-02-14 06:00:00,Shift 1,OP04,960,894,875,19,31.15
PRD_002790,M06,2025-02-14 14:00:00,Shift 2,OP05,960,886,871,15,31.2
PRD_002791,M06,2025-02-14 22:00:00,Shift 3,OP06,960,908,895,13,31.26
PRD_002792,M06,2025-02-15 06:00:00,Shift 1,OP04,960,897,873,24,31.32
PRD_002793,M06,2025-02-15 14:00:00,Shift 2,OP05,960,908,894,14,31.37
PRD_002794,M06,2025-02-15 22:00:00,Shift 3,OP06,960,880,868,12,31.43
PRD_002795,M06,2025-02-16 06:00:00,Shift 1,OP04,960,900,885,15,31.49
PRD_002796,M06,2025-02-16 14:00:00,Shift 2,OP05,960,903,884,19,31.54
PRD_002797,M06,2025-02-16 22:00:00,Shift 3,OP06,960,868,853,15,31.6
PRD_002798,M06,2025-02-17 06:00:00,Shift 1,OP04,960,872,853,19,31.65
PRD_002799,M06,2025-02-17 14:00:00,Shift 2,OP05,960,905,880,25,31.71
PRD_002800,M06,2025-02-17 22:00:00,Shift 3,OP06,960,879,860,19,31.76
PRD_002801,M06,2025-02-18 06:00:00,Shift 1,OP04,960,869,839,30,31.83
PRD_002802,M06,2025-02-18 14:00:00,Shift 2,OP05,960,888,868,20,31.89
PRD_002803,M06,2025-02-18 22:00:00,Shift 3,OP06,960,899,868,31,31.94
PRD_002804,M06,2025-02-19 06:00:00,Shift 1,OP04,960,886,870,16,32.0
PRD_002805,M06,2025-02-19 14:00:00,Shift 2,OP05,960,856,840,16,32.06
PRD_002806,M06,2025-02-19 22:00:00,Shift 3,OP06,960,885,865,20,32.11
PRD_002807,M06,2025-02-20 06:00:00,Shift 1,OP04,960,891,868,23,32.17
PRD_002808,M06,2025-02-20 14:00:00,Shift 2,OP05,960,889,869,20,32.23
PRD_002809,M06,2025-02-20 22:00:00,Shift 3,OP06,960,853,830,23,32.28
PRD_002810,M06,2025-02-21 06:00:00,Shift 1,OP04,960,878,862,16,32.35
PRD_002811,M06,2025-02-21 14:00:00,Shift 2,OP05,960,847,825,22,32.41
PRD_002812,M06,2025-02-21 22:00:00,Shift 3,OP06,960,885,857,28,32.47
PRD_002813,M06,2025-02-22 06:00:00,Shift 1,OP04,960,883,850,33,32.53
PRD_002814,M06,2025-02-22 14:00:00,Shift 2,OP05,960,879,856,23,32.58
PRD_002815,M06,2025-02-22 22:00:00,Shift 3,OP06,960,871,854,17,32.64
PRD_002816,M06,2025-02-23 06:00:00,Shift 1,OP04,960,877,849,28,32.71
PRD_002817,M06,2025-02-23 14:00:00,Shift 2,OP05,960,842,809,33,32.76
PRD_002818,M06,2025-02-23 22:00:00,Shift 3,OP06,960,837,807,30,32.83
PRD_002819,M06,2025-02-24 06:00:00,Shift 1,OP04,960,871,840,31,32.89
PRD_002820,M06,2025-02-24 14:00:00,Shift 2,OP05,960,861,826,35,32.95
PRD_002821,M06,2025-02-24 22:00:00,Shift 3,OP06,960,842,815,27,33.01
PRD_002822,M06,2025-02-25 06:00:00,Shift 1,OP04,960,856,833,23,33.08
PRD_002823,M06,2025-02-25 14:00:00,Shift 2,OP05,960,852,825,27,33.14
PRD_002824,M06,2025-02-25 22:00:00,Shift 3,OP06,960,835,807,28,33.2
PRD_002825,M06,2025-02-26 06:00:00,Shift 1,OP04,960,842,813,29,33.27
PRD_002826,M06,2025-02-26 14:00:00,Shift 2,OP05,960,857,834,23,33.33
PRD_002827,M06,2025-02-26 22:00:00,Shift 3,OP06,960,831,799,32,33.39
PRD_002828,M06,2025-02-27 06:00:00,Shift 1,OP04,960,857,824,33,33.45
PRD_002829,M06,2025-02-27 14:00:00,Shift 2,OP05,960,845,823,22,33.51
PRD_002830,M06,2025-02-27 22:00:00,Shift 3,OP06,960,849,822,27,33.58
PRD_002831,M06,2025-02-28 06:00:00,Shift 1,OP04,960,838,800,38,33.65
PRD_002832,M06,2025-02-28 14:00:00,Shift 2,OP05,960,831,794,37,33.71
PRD_002833,M06,2025-02-28 22:00:00,Shift 3,OP06,960,846,810,36,33.77
PRD_002834,M06,2025-03-01 06:00:00,Shift 1,OP04,960,829,793,36,33.84
PRD_002835,M06,2025-03-01 14:00:00,Shift 2,OP05,960,838,802,36,33.89
PRD_002836,M06,2025-03-01 22:00:00,Shift 3,OP06,960,827,790,37,33.96
PRD_002837,M06,2025-03-02 06:00:00,Shift 1,OP04,960,818,789,29,34.03
PRD_002838,M06,2025-03-02 14:00:00,Shift 2,OP05,960,825,793,32,34.09
PRD_002839,M06,2025-03-02 22:00:00,Shift 3,OP06,960,837,800,37,34.16
PRD_002840,M06,2025-03-03 06:00:00,Shift 1,OP04,960,815,773,42,34.22
PRD_002841,M06,2025-03-03 14:00:00,Shift 2,OP05,960,807,774,33,34.29
PRD_002842,M06,2025-03-03 22:00:00,Shift 3,OP06,960,811,780,31,34.36
PRD_002843,M06,2025-03-04 06:00:00,Shift 1,OP04,960,797,758,39,34.42
PRD_002844,M06,2025-03-04 14:00:00,Shift 2,OP05,960,800,765,35,34.49
PRD_002845,M06,2025-03-04 22:00:00,Shift 3,OP06,960,793,763,30,34.55
PRD_002846,M06,2025-03-05 06:00:00,Shift 1,OP04,960,806,767,39,34.62
PRD_002847,M06,2025-03-05 14:00:00,Shift 2,OP05,960,816,771,45,34.69
PRD_002848,M06,2025-03-05 22:00:00,Shift 3,OP06,960,819,780,39,34.76
PRD_002849,M06,2025-03-06 06:00:00,Shift 1,OP04,960,818,770,48,34.83
PRD_002850,M06,2025-03-06 14:00:00,Shift 2,OP05,960,813,767,46,34.9
PRD_002851,M06,2025-03-06 22:00:00,Shift 3,OP06,960,797,753,44,34.97
PRD_002852,M06,2025-03-07 06:00:00,Shift 1,OP04,960,806,771,35,35.04
PRD_002853,M06,2025-03-07 14:00:00,Shift 2,OP05,960,786,740,46,35.12
PRD_002854,M06,2025-03-07 22:00:00,Shift 3,OP06,960,817,777,40,35.19
PRD_002855,M06,2025-03-08 06:00:00,Shift 1,OP04,960,815,776,39,35.27
PRD_002856,M06,2025-03-08 14:00:00,Shift 2,OP05,960,786,737,49,35.34
PRD_002857,M06,2025-03-08 22:00:00,Shift 3,OP06,960,787,748,39,35.41
PRD_002858,M06,2025-03-09 06:00:00,Shift 1,OP04,960,802,763,39,35.48
PRD_002859,M06,2025-03-09 14:00:00,Shift 2,OP05,960,779,741,38,35.55
PRD_002860,M06,2025-03-09 22:00:00,Shift 3,OP06,960,792,744,48,35.63
PRD_002861,M06,2025-03-10 06:00:00,Shift 1,OP04,960,790,739,51,35.7
PRD_002862,M06,2025-03-10 14:00:00,Shift 2,OP05,960,789,738,51,35.78
PRD_002863,M06,2025-03-10 22:00:00,Shift 3,OP06,960,790,739,51,35.85
PRD_002864,M06,2025-03-11 06:00:00,Shift 1,OP04,960,784,733,51,35.92
PRD_002865,M06,2025-03-11 14:00:00,Shift 2,OP05,960,788,742,46,35.99
PRD_002866,M06,2025-03-11 22:00:00,Shift 3,OP06,960,797,752,45,36.06
PRD_002867,M06,2025-03-12 06:00:00,Shift 1,OP04,960,769,724,45,36.14
PRD_002868,M06,2025-03-12 14:00:00,Shift 2,OP05,960,792,734,58,36.22
PRD_002869,M06,2025-03-12 22:00:00,Shift 3,OP06,960,787,733,54,36.28
PRD_002870,M06,2025-03-13 06:00:00,Shift 1,OP04,960,780,729,51,36.36
PRD_002871,M06,2025-03-13 14:00:00,Shift 2,OP05,960,766,710,56,36.44
PRD_002872,M06,2025-03-13 22:00:00,Shift 3,OP06,960,785,726,59,36.53
PRD_002873,M06,2025-03-14 06:00:00,Shift 1,OP04,960,777,730,47,36.6
PRD_002874,M06,2025-03-14 14:00:00,Shift 2,OP05,960,749,698,51,36.68
PRD_002875,M06,2025-03-14 22:00:00,Shift 3,OP06,960,769,708,61,36.76
PRD_002876,M06,2025-03-15 06:00:00,Shift 1,OP04,960,761,708,53,36.83
PRD_002877,M06,2025-03-15 14:00:00,Shift 2,OP05,960,766,707,59,36.91
PRD_002878,M06,2025-03-15 22:00:00,Shift 3,OP06,960,751,700,51,36.99
PRD_002879,M06,2025-03-16 06:00:00,Shift 1,OP04,960,753,696,57,37.06
PRD_002880,M06,2025-03-16 14:00:00,Shift 2,OP05,960,748,696,52,37.14
PRD_002881,M06,2025-03-16 22:00:00,Shift 3,OP06,960,750,694,56,37.22
PRD_002882,M06,2025-03-17 06:00:00,Shift 1,OP04,960,742,680,62,37.3
PRD_002883,M06,2025-03-17 14:00:00,Shift 2,OP05,960,759,703,56,37.38
PRD_002884,M06,2025-03-17 22:00:00,Shift 3,OP06,960,733,668,65,37.47
PRD_002885,M06,2025-03-18 06:00:00,Shift 1,OP04,960,764,695,69,37.55
PRD_002886,M06,2025-03-18 14:00:00,Shift 2,OP05,960,740,676,64,37.64
PRD_002887,M06,2025-03-18 22:00:00,Shift 3,OP06,960,756,686,70,37.72
PRD_002888,M06,2025-03-19 06:00:00,Shift 1,OP04,960,738,679,59,37.8
PRD_002889,M06,2025-03-19 14:00:00,Shift 2,OP05,960,727,665,62,37.89
PRD_002890,M06,2025-03-19 22:00:00,Shift 3,OP06,960,723,665,58,37.96
PRD_002891,M06,2025-03-20 06:00:00,Shift 1,OP04,960,728,657,71,38.04
PRD_002892,M06,2025-03-20 14:00:00,Shift 2,OP05,960,751,687,64,38.12
PRD_002893,M06,2025-03-20 22:00:00,Shift 3,OP06,960,748,673,75,38.21
PRD_002894,M06,2025-03-21 22:00:00,Shift 3,OP06,960,930,910,20,30.29
PRD_002895,M06,2025-03-22 06:00:00,Shift 1,OP04,960,922,912,10,30.34
PRD_002896,M06,2025-03-22 14:00:00,Shift 2,OP05,960,934,910,24,30.39
PRD_002897,M06,2025-03-22 22:00:00,Shift 3,OP06,960,928,911,17,30.44
PRD_002898,M06,2025-03-23 06:00:00,Shift 1,OP04,960,920,896,24,30.5
PRD_002899,M06,2025-03-23 14:00:00,Shift 2,OP05,960,911,885,26,30.55
PRD_002900,M06,2025-03-23 22:00:00,Shift 3,OP06,960,900,891,9,30.6
PRD_002901,M06,2025-03-24 06:00:00,Shift 1,OP04,960,925,903,22,30.65
PRD_002902,M06,2025-03-24 14:00:00,Shift 2,OP05,960,935,918,17,30.71
PRD_002903,M06,2025-03-24 22:00:00,Shift 3,OP06,960,907,886,21,30.76
PRD_002904,M06,2025-03-25 06:00:00,Shift 1,OP04,960,931,919,12,30.81
PRD_002905,M06,2025-03-25 14:00:00,Shift 2,OP05,960,915,887,28,30.86
PRD_002906,M06,2025-03-25 22:00:00,Shift 3,OP06,960,891,873,18,30.91
PRD_002907,M06,2025-03-26 06:00:00,Shift 1,OP04,960,888,878,10,30.96
PRD_002908,M06,2025-03-26 14:00:00,Shift 2,OP05,960,899,879,20,31.02
PRD_002909,M06,2025-03-26 22:00:00,Shift 3,OP06,960,923,910,13,31.07
PRD_002910,M06,2025-03-27 06:00:00,Shift 1,OP04,960,919,900,19,31.13
PRD_002911,M06,2025-03-27 14:00:00,Shift 2,OP05,960,920,906,14,31.18
PRD_002912,M06,2025-03-27 22:00:00,Shift 3,OP06,960,905,886,19,31.24
PRD_002913,M06,2025-03-28 06:00:00,Shift 1,OP04,960,891,873,18,31.29
PRD_002914,M06,2025-03-28 14:00:00,Shift 2,OP05,960,887,872,15,31.35
PRD_002915,M06,2025-03-28 22:00:00,Shift 3,OP06,960,901,879,22,31.4
PRD_002916,M06,2025-03-29 06:00:00,Shift 1,OP04,960,899,872,27,31.46
PRD_002917,M06,2025-03-29 14:00:00,Shift 2,OP05,960,895,870,25,31.52
PRD_002918,M06,2025-03-29 22:00:00,Shift 3,OP06,960,898,875,23,31.57
PRD_002919,M06,2025-03-30 06:00:00,Shift 1,OP04,960,882,867,15,31.63
PRD_002920,M06,2025-03-30 14:00:00,Shift 2,OP05,960,885,867,18,31.68
PRD_002921,M06,2025-03-30 22:00:00,Shift 3,OP06,960,894,874,20,31.73
PRD_002922,M06,2025-03-31 06:00:00,Shift 1,OP04,960,901,879,22,31.78
PRD_002923,M06,2025-03-31 14:00:00,Shift 2,OP05,960,880,867,13,31.84
PRD_002924,M06,2025-03-31 22:00:00,Shift 3,OP06,960,884,864,20,31.9
PRD_002925,M06,2025-04-01 06:00:00,Shift 1,OP04,960,888,861,27,31.96
PRD_002926,M06,2025-04-01 14:00:00,Shift 2,OP05,960,868,853,15,32.01
PRD_002927,M06,2025-04-01 22:00:00,Shift 3,OP06,960,858,844,14,32.07
PRD_002928,M06,2025-04-02 06:00:00,Shift 1,OP04,960,881,858,23,32.13
PRD_002929,M06,2025-04-02 14:00:00,Shift 2,OP05,960,866,852,14,32.19
PRD_002930,M06,2025-04-02 22:00:00,Shift 3,OP06,960,864,845,19,32.25
PRD_002931,M06,2025-04-03 06:00:00,Shift 1,OP04,960,861,830,31,32.31
PRD_002932,M06,2025-04-03 14:00:00,Shift 2,OP05,960,880,855,25,32.37
PRD_002933,M06,2025-04-03 22:00:00,Shift 3,OP06,960,881,854,27,32.43
PRD_002934,M06,2025-04-04 06:00:00,Shift 1,OP04,960,871,852,19,32.49
PRD_002935,M06,2025-04-04 14:00:00,Shift 2,OP05,960,853,825,28,32.56
PRD_002936,M06,2025-04-04 22:00:00,Shift 3,OP06,960,879,854,25,32.61
PRD_002937,M06,2025-04-05 06:00:00,Shift 1,OP04,960,839,812,27,32.67
PRD_002938,M06,2025-04-05 14:00:00,Shift 2,OP05,960,865,845,20,32.73
PRD_002939,M06,2025-04-05 22:00:00,Shift 3,OP06,960,875,841,34,32.79
PRD_002940,M06,2025-04-06 06:00:00,Shift 1,OP04,960,857,826,31,32.84
PRD_002941,M06,2025-04-06 14:00:00,Shift 2,OP05,960,834,808,26,32.91
PRD_002942,M06,2025-04-06 22:00:00,Shift 3,OP06,960,851,831,20,32.97
PRD_002943,M06,2025-04-07 06:00:00,Shift 1,OP04,960,839,816,23,33.03
PRD_002944,M06,2025-04-07 14:00:00,Shift 2,OP05,960,864,838,26,33.1
PRD_002945,M06,2025-04-07 22:00:00,Shift 3,OP06,960,860,837,23,33.16
PRD_002946,M06,2025-04-08 06:00:00,Shift 1,OP04,960,846,816,30,33.22
PRD_002947,M06,2025-04-08 14:00:00,Shift 2,OP05,960,846,813,33,33.29
PRD_002948,M06,2025-04-08 22:00:00,Shift 3,OP06,960,827,797,30,33.35
PRD_002949,M06,2025-04-09 06:00:00,Shift 1,OP04,960,851,823,28,33.41
PRD_002950,M06,2025-04-09 14:00:00,Shift 2,OP05,960,839,810,29,33.48
PRD_002951,M06,2025-04-09 22:00:00,Shift 3,OP06,960,819,786,33,33.55
PRD_002952,M06,2025-04-10 06:00:00,Shift 1,OP04,960,851,827,24,33.61
PRD_002953,M06,2025-04-10 14:00:00,Shift 2,OP05,960,816,782,34,33.67
PRD_002954,M06,2025-04-10 22:00:00,Shift 3,OP06,960,852,821,31,33.73
PRD_002955,M06,2025-04-11 06:00:00,Shift 1,OP04,960,846,814,32,33.79
PRD_002956,M06,2025-04-11 14:00:00,Shift 2,OP05,960,809,784,25,33.86
PRD_002957,M06,2025-04-11 22:00:00,Shift 3,OP06,960,818,786,32,33.92
PRD_002958,M06,2025-04-12 06:00:00,Shift 1,OP04,960,833,807,26,33.98
PRD_002959,M06,2025-04-12 14:00:00,Shift 2,OP05,960,833,800,33,34.05
PRD_002960,M06,2025-04-12 22:00:00,Shift 3,OP06,960,830,789,41,34.11
PRD_002961,M06,2025-04-13 06:00:00,Shift 1,OP04,960,823,789,34,34.17
PRD_002962,M06,2025-04-13 14:00:00,Shift 2,OP05,960,833,796,37,34.23
PRD_002963,M06,2025-04-13 22:00:00,Shift 3,OP06,960,833,804,29,34.31
PRD_002964,M06,2025-04-14 06:00:00,Shift 1,OP04,960,830,794,36,34.38
PRD_002965,M06,2025-04-14 14:00:00,Shift 2,OP05,960,817,783,34,34.45
PRD_002966,M06,2025-04-14 22:00:00,Shift 3,OP06,960,797,763,34,34.52
PRD_002967,M06,2025-04-15 06:00:00,Shift 1,OP04,960,815,773,42,34.58
PRD_002968,M06,2025-04-15 14:00:00,Shift 2,OP05,960,790,756,34,34.65
PRD_002969,M06,2025-04-15 22:00:00,Shift 3,OP06,960,811,769,42,34.72
PRD_002970,M06,2025-04-16 06:00:00,Shift 1,OP04,960,806,762,44,34.78
PRD_002971,M06,2025-04-16 14:00:00,Shift 2,OP05,960,797,762,35,34.85
PRD_002972,M06,2025-04-16 22:00:00,Shift 3,OP06,960,795,761,34,34.92
PRD_002973,M06,2025-04-17 06:00:00,Shift 1,OP04,960,814,776,38,34.99
PRD_002974,M06,2025-04-17 14:00:00,Shift 2,OP05,960,820,770,50,35.06
PRD_002975,M06,2025-04-17 22:00:00,Shift 3,OP06,960,805,768,37,35.13
PRD_002976,M06,2025-04-18 06:00:00,Shift 1,OP04,960,785,744,41,35.19
PRD_002977,M06,2025-04-18 14:00:00,Shift 2,OP05,960,805,762,43,35.27
PRD_002978,M06,2025-04-18 22:00:00,Shift 3,OP06,960,804,753,51,35.34
PRD_002979,M06,2025-04-19 06:00:00,Shift 1,OP04,960,803,761,42,35.41
PRD_002980,M06,2025-04-19 14:00:00,Shift 2,OP05,960,781,743,38,35.48
PRD_002981,M06,2025-04-19 22:00:00,Shift 3,OP06,960,781,738,43,35.56
PRD_002982,M06,2025-04-20 06:00:00,Shift 1,OP04,960,774,735,39,35.63
PRD_002983,M06,2025-04-20 14:00:00,Shift 2,OP05,960,789,737,52,35.7
PRD_002984,M06,2025-04-20 22:00:00,Shift 3,OP06,960,772,732,40,35.77
PRD_002985,M06,2025-04-21 06:00:00,Shift 1,OP04,960,791,740,51,35.84
PRD_002986,M06,2025-04-21 14:00:00,Shift 2,OP05,960,771,721,50,35.92
PRD_002987,M06,2025-04-21 22:00:00,Shift 3,OP06,960,779,727,52,35.99
PRD_002988,M06,2025-04-22 06:00:00,Shift 1,OP04,960,779,733,46,36.07
PRD_002989,M06,2025-04-22 14:00:00,Shift 2,OP05,960,757,713,44,36.15
PRD_002990,M06,2025-04-22 22:00:00,Shift 3,OP06,960,770,721,49,36.23
PRD_002991,M06,2025-04-23 06:00:00,Shift 1,OP04,960,787,743,44,36.3
PRD_002992,M06,2025-04-23 14:00:00,Shift 2,OP05,960,777,726,51,36.38
PRD_002993,M06,2025-04-23 22:00:00,Shift 3,OP06,960,773,728,45,36.46
PRD_002994,M06,2025-04-24 06:00:00,Shift 1,OP04,960,778,722,56,36.54
PRD_002995,M06,2025-04-24 14:00:00,Shift 2,OP05,960,779,718,61,36.6
PRD_002996,M06,2025-04-24 22:00:00,Shift 3,OP06,960,784,725,59,36.68
PRD_002997,M06,2025-04-25 06:00:00,Shift 1,OP04,960,755,704,51,36.75
PRD_002998,M06,2025-04-25 14:00:00,Shift 2,OP05,960,753,703,50,36.83
PRD_002999,M06,2025-04-25 22:00:00,Shift 3,OP06,960,776,723,53,36.91
PRD_003000,M06,2025-04-26 06:00:00,Shift 1,OP04,960,773,722,51,36.98
PRD_003001,M06,2025-04-26 14:00:00,Shift 2,OP05,960,745,689,56,37.07
PRD_003002,M06,2025-04-26 22:00:00,Shift 3,OP06,960,754,700,54,37.14
PRD_003003,M06,2025-04-27 06:00:00,Shift 1,OP04,960,749,692,57,37.22
PRD_003004,M06,2025-04-27 14:00:00,Shift 2,OP05,960,756,698,58,37.3
PRD_003005,M06,2025-04-27 22:00:00,Shift 3,OP06,960,735,678,57,37.38
PRD_003006,M06,2025-04-28 06:00:00,Shift 1,OP04,960,751,697,54,37.46
PRD_003007,M06,2025-04-28 14:00:00,Shift 2,OP05,960,752,687,65,37.54
PRD_003008,M06,2025-04-28 22:00:00,Shift 3,OP06,960,736,672,64,37.62
PRD_003009,M06,2025-04-29 06:00:00,Shift 1,OP04,960,743,675,68,37.7
PRD_003010,M06,2025-04-29 14:00:00,Shift 2,OP05,960,724,662,62,37.78
PRD_003011,M06,2025-04-29 22:00:00,Shift 3,OP06,960,724,656,68,37.86
PRD_003012,M06,2025-04-30 06:00:00,Shift 1,OP04,960,729,667,62,37.94
PRD_003013,M06,2025-04-30 14:00:00,Shift 2,OP05,960,724,662,62,38.03
PRD_003014,M06,2025-04-30 22:00:00,Shift 3,OP06,960,719,660,59,38.12
PRD_003015,M06,2025-05-01 22:00:00,Shift 3,OP06,960,914,895,19,30.28
PRD_003016,M06,2025-05-02 06:00:00,Shift 1,OP04,960,939,924,15,30.33
PRD_003017,M06,2025-05-02 14:00:00,Shift 2,OP05,960,945,928,17,30.38
PRD_003018,M06,2025-05-02 22:00:00,Shift 3,OP06,960,907,885,22,30.44
PRD_003019,M06,2025-05-03 06:00:00,Shift 1,OP04,960,928,908,20,30.49
PRD_003020,M06,2025-05-03 14:00:00,Shift 2,OP05,960,922,905,17,30.54
PRD_003021,M06,2025-05-03 22:00:00,Shift 3,OP06,960,926,908,18,30.59
PRD_003022,M06,2025-05-04 06:00:00,Shift 1,OP04,960,925,905,20,30.64
PRD_003023,M06,2025-05-04 14:00:00,Shift 2,OP05,960,937,922,15,30.69
PRD_003024,M06,2025-05-04 22:00:00,Shift 3,OP06,960,922,912,10,30.75
PRD_003025,M06,2025-05-05 06:00:00,Shift 1,OP04,960,928,908,20,30.8
PRD_003026,M06,2025-05-05 14:00:00,Shift 2,OP05,960,900,883,17,30.86
PRD_003027,M06,2025-05-05 22:00:00,Shift 3,OP06,960,886,869,17,30.91
PRD_003028,M06,2025-05-06 06:00:00,Shift 1,OP04,960,918,905,13,30.96
PRD_003029,M06,2025-05-06 14:00:00,Shift 2,OP05,960,900,878,22,31.01
PRD_003030,M06,2025-05-06 22:00:00,Shift 3,OP06,960,920,906,14,31.07
PRD_003031,M06,2025-05-07 06:00:00,Shift 1,OP04,960,886,862,24,31.12
PRD_003032,M06,2025-05-07 14:00:00,Shift 2,OP05,960,921,900,21,31.18
PRD_003033,M06,2025-05-07 22:00:00,Shift 3,OP06,960,904,887,17,31.23
PRD_003034,M06,2025-05-08 06:00:00,Shift 1,OP04,960,904,885,19,31.29
PRD_003035,M06,2025-05-08 14:00:00,Shift 2,OP05,960,883,868,15,31.35
PRD_003036,M06,2025-05-08 22:00:00,Shift 3,OP06,960,911,886,25,31.41
PRD_003037,M06,2025-05-09 06:00:00,Shift 1,OP04,960,890,863,27,31.47
PRD_003038,M06,2025-05-09 14:00:00,Shift 2,OP05,960,901,875,26,31.52
PRD_003039,M06,2025-05-09 22:00:00,Shift 3,OP06,960,897,867,30,31.58
PRD_003040,M06,2025-05-10 06:00:00,Shift 1,OP04,960,909,886,23,31.64
PRD_003041,M06,2025-05-10 14:00:00,Shift 2,OP05,960,885,864,21,31.7
PRD_003042,M06,2025-05-10 22:00:00,Shift 3,OP06,960,894,876,18,31.76
PRD_003043,M06,2025-05-11 06:00:00,Shift 1,OP04,960,872,857,15,31.82
PRD_003044,M06,2025-05-11 14:00:00,Shift 2,OP05,960,866,849,17,31.87
PRD_003045,M06,2025-05-11 22:00:00,Shift 3,OP06,960,868,849,19,31.93
PRD_003046,M06,2025-05-12 06:00:00,Shift 1,OP04,960,880,850,30,31.99
PRD_003047,M06,2025-05-12 14:00:00,Shift 2,OP05,960,861,845,16,32.05
PRD_003048,M06,2025-05-12 22:00:00,Shift 3,OP06,960,873,847,26,32.11
PRD_003049,M06,2025-05-13 06:00:00,Shift 1,OP04,960,882,857,25,32.17
PRD_003050,M06,2025-05-13 14:00:00,Shift 2,OP05,960,877,862,15,32.23
PRD_003051,M06,2025-05-13 22:00:00,Shift 3,OP06,960,848,825,23,32.29
PRD_003052,M06,2025-05-14 06:00:00,Shift 1,OP04,960,881,862,19,32.35
PRD_003053,M06,2025-05-14 14:00:00,Shift 2,OP05,960,848,824,24,32.4
PRD_003054,M06,2025-05-14 22:00:00,Shift 3,OP06,960,856,834,22,32.46
PRD_003055,M06,2025-05-15 06:00:00,Shift 1,OP04,960,878,858,20,32.52
PRD_003056,M06,2025-05-15 14:00:00,Shift 2,OP05,960,882,856,26,32.58
PRD_003057,M06,2025-05-15 22:00:00,Shift 3,OP06,960,839,819,20,32.65
PRD_003058,M06,2025-05-16 06:00:00,Shift 1,OP04,960,846,820,26,32.71
PRD_003059,M06,2025-05-16 14:00:00,Shift 2,OP05,960,849,815,34,32.77
PRD_003060,M06,2025-05-16 22:00:00,Shift 3,OP06,960,870,835,35,32.83
PRD_003061,M06,2025-05-17 06:00:00,Shift 1,OP04,960,863,835,28,32.89
PRD_003062,M06,2025-05-17 14:00:00,Shift 2,OP05,960,855,833,22,32.95
PRD_003063,M06,2025-05-17 22:00:00,Shift 3,OP06,960,864,833,31,33.01
PRD_003064,M06,2025-05-18 06:00:00,Shift 1,OP04,960,865,829,36,33.07
PRD_003065,M06,2025-05-18 14:00:00,Shift 2,OP05,960,848,817,31,33.13
PRD_003066,M06,2025-05-18 22:00:00,Shift 3,OP06,960,838,808,30,33.19
PRD_003067,M06,2025-05-19 06:00:00,Shift 1,OP04,960,847,814,33,33.27
PRD_003068,M06,2025-05-19 14:00:00,Shift 2,OP05,960,862,826,36,33.34
PRD_003069,M06,2025-05-19 22:00:00,Shift 3,OP06,960,862,828,34,33.41
PRD_003070,M06,2025-05-20 06:00:00,Shift 1,OP04,960,826,789,37,33.47
PRD_003071,M06,2025-05-20 14:00:00,Shift 2,OP05,960,841,807,34,33.54
PRD_003072,M06,2025-05-20 22:00:00,Shift 3,OP06,960,818,794,24,33.6
PRD_003073,M06,2025-05-21 06:00:00,Shift 1,OP04,960,827,789,38,33.67
PRD_003074,M06,2025-05-21 14:00:00,Shift 2,OP05,960,811,783,28,33.73
PRD_003075,M06,2025-05-21 22:00:00,Shift 3,OP06,960,831,804,27,33.79
PRD_003076,M06,2025-05-22 06:00:00,Shift 1,OP04,960,849,811,38,33.85
PRD_003077,M06,2025-05-22 14:00:00,Shift 2,OP05,960,829,797,32,33.92
PRD_003078,M06,2025-05-22 22:00:00,Shift 3,OP06,960,837,811,26,33.98
PRD_003079,M06,2025-05-23 06:00:00,Shift 1,OP04,960,833,798,35,34.05
PRD_003080,M06,2025-05-23 14:00:00,Shift 2,OP05,960,832,793,39,34.11
PRD_003081,M06,2025-05-23 22:00:00,Shift 3,OP06,960,841,810,31,34.17
PRD_003082,M06,2025-05-24 06:00:00,Shift 1,OP04,960,806,771,35,34.23
PRD_003083,M06,2025-05-24 14:00:00,Shift 2,OP05,960,806,777,29,34.3
PRD_003084,M06,2025-05-24 22:00:00,Shift 3,OP06,960,805,773,32,34.36
PRD_003085,M06,2025-05-25 06:00:00,Shift 1,OP04,960,828,785,43,34.43
PRD_003086,M06,2025-05-25 14:00:00,Shift 2,OP05,960,807,773,34,34.49
PRD_003087,M06,2025-05-25 22:00:00,Shift 3,OP06,960,811,775,36,34.56
PRD_003088,M06,2025-05-26 06:00:00,Shift 1,OP04,960,823,785,38,34.63
PRD_003089,M06,2025-05-26 14:00:00,Shift 2,OP05,960,812,772,40,34.71
PRD_003090,M06,2025-05-26 22:00:00,Shift 3,OP06,960,798,756,42,34.77
PRD_003091,M06,2025-05-27 06:00:00,Shift 1,OP04,960,791,747,44,34.83
PRD_003092,M06,2025-05-27 14:00:00,Shift 2,OP05,960,796,750,46,34.9
PRD_003093,M06,2025-05-27 22:00:00,Shift 3,OP06,960,786,741,45,34.97
PRD_003094,M06,2025-05-28 06:00:00,Shift 1,OP04,960,815,779,36,35.04
PRD_003095,M06,2025-05-28 14:00:00,Shift 2,OP05,960,787,738,49,35.12
PRD_003096,M06,2025-05-28 22:00:00,Shift 3,OP06,960,818,768,50,35.2
PRD_003097,M06,2025-05-29 06:00:00,Shift 1,OP04,960,806,769,37,35.28
PRD_003098,M06,2025-05-29 14:00:00,Shift 2,OP05,960,782,738,44,35.34
PRD_003099,M06,2025-05-29 22:00:00,Shift 3,OP06,960,804,765,39,35.42
PRD_003100,M06,2025-05-30 06:00:00,Shift 1,OP04,960,786,743,43,35.48
PRD_003101,M06,2025-05-30 14:00:00,Shift 2,OP05,960,779,731,48,35.56
PRD_003102,M06,2025-05-30 22:00:00,Shift 3,OP06,960,791,743,48,35.63
PRD_003103,M06,2025-05-31 06:00:00,Shift 1,OP04,960,771,725,46,35.7
PRD_003104,M06,2025-05-31 14:00:00,Shift 2,OP05,960,801,750,51,35.78
PRD_003105,M06,2025-05-31 22:00:00,Shift 3,OP06,960,797,748,49,35.85
PRD_003106,M06,2025-06-01 06:00:00,Shift 1,OP04,960,771,725,46,35.91
PRD_003107,M06,2025-06-01 14:00:00,Shift 2,OP05,960,781,735,46,35.99
PRD_003108,M06,2025-06-01 22:00:00,Shift 3,OP06,960,762,710,52,36.06
PRD_003109,M06,2025-06-02 06:00:00,Shift 1,OP04,960,787,740,47,36.14
PRD_003110,M06,2025-06-02 14:00:00,Shift 2,OP05,960,793,734,59,36.21
PRD_003111,M06,2025-06-02 22:00:00,Shift 3,OP06,960,777,721,56,36.29
PRD_003112,M06,2025-06-03 06:00:00,Shift 1,OP04,960,758,709,49,36.36
PRD_003113,M06,2025-06-03 14:00:00,Shift 2,OP05,960,762,703,59,36.43
PRD_003114,M06,2025-06-03 22:00:00,Shift 3,OP06,960,763,714,49,36.5
PRD_003115,M06,2025-06-04 06:00:00,Shift 1,OP04,960,762,710,52,36.57
PRD_003116,M06,2025-06-04 14:00:00,Shift 2,OP05,960,754,707,47,36.66
PRD_003117,M06,2025-06-04 22:00:00,Shift 3,OP06,960,759,710,49,36.73
PRD_003118,M06,2025-06-05 06:00:00,Shift 1,OP04,960,747,692,55,36.81
PRD_003119,M06,2025-06-05 14:00:00,Shift 2,OP05,960,769,706,63,36.89
PRD_003120,M06,2025-06-05 22:00:00,Shift 3,OP06,960,778,722,56,36.97
PRD_003121,M06,2025-06-06 06:00:00,Shift 1,OP04,960,751,693,58,37.04
PRD_003122,M06,2025-06-06 14:00:00,Shift 2,OP05,960,739,681,58,37.11
PRD_003123,M06,2025-06-06 22:00:00,Shift 3,OP06,960,759,704,55,37.2
PRD_003124,M06,2025-06-07 06:00:00,Shift 1,OP04,960,748,692,56,37.27
PRD_003125,M06,2025-06-07 14:00:00,Shift 2,OP05,960,766,710,56,37.35
PRD_003126,M06,2025-06-07 22:00:00,Shift 3,OP06,960,746,684,62,37.43
PRD_003127,M06,2025-06-08 06:00:00,Shift 1,OP04,960,737,683,54,37.51
PRD_003128,M06,2025-06-08 14:00:00,Shift 2,OP05,960,756,699,57,37.59
PRD_003129,M06,2025-06-08 22:00:00,Shift 3,OP06,960,744,689,55,37.66
PRD_003130,M06,2025-06-09 06:00:00,Shift 1,OP04,960,753,693,60,37.74
PRD_003131,M06,2025-06-09 14:00:00,Shift 2,OP05,960,739,683,56,37.82
PRD_003132,M06,2025-06-09 22:00:00,Shift 3,OP06,960,725,665,60,37.9
PRD_003133,M06,2025-06-10 06:00:00,Shift 1,OP04,960,735,678,57,37.98
PRD_003134,M06,2025-06-10 14:00:00,Shift 2,OP05,960,740,680,60,38.06
PRD_003135,M06,2025-06-10 22:00:00,Shift 3,OP06,960,728,658,70,38.14
PRD_003136,M06,2025-06-11 06:00:00,Shift 1,OP04,960,729,656,73,38.23
PRD_003137,M06,2025-06-12 06:00:00,Shift 1,OP04,960,947,925,22,30.26
PRD_003138,M06,2025-06-12 14:00:00,Shift 2,OP05,960,929,914,15,30.32
PRD_003139,M06,2025-06-12 22:00:00,Shift 3,OP06,960,925,907,18,30.36
PRD_003140,M06,2025-06-13 06:00:00,Shift 1,OP04,960,903,877,26,30.41
PRD_003141,M06,2025-06-13 14:00:00,Shift 2,OP05,960,922,897,25,30.47
PRD_003142,M06,2025-06-13 22:00:00,Shift 3,OP06,960,906,880,26,30.53
PRD_003143,M06,2025-06-14 06:00:00,Shift 1,OP04,960,911,898,13,30.58
PRD_003144,M06,2025-06-14 14:00:00,Shift 2,OP05,960,904,878,26,30.63
PRD_003145,M06,2025-06-14 22:00:00,Shift 3,OP06,960,928,917,11,30.68
PRD_003146,M06,2025-06-15 06:00:00,Shift 1,OP04,960,909,891,18,30.73
PRD_003147,M06,2025-06-15 14:00:00,Shift 2,OP05,960,923,905,18,30.78
PRD_003148,M06,2025-06-15 22:00:00,Shift 3,OP06,960,889,876,13,30.84
PRD_003149,M06,2025-06-16 06:00:00,Shift 1,OP04,960,905,878,27,30.89
PRD_003150,M06,2025-06-16 14:00:00,Shift 2,OP05,960,928,904,24,30.94
PRD_003151,M06,2025-06-16 22:00:00,Shift 3,OP06,960,923,899,24,31.0
PRD_003152,M06,2025-06-17 06:00:00,Shift 1,OP04,960,900,880,20,31.05
PRD_003153,M06,2025-06-17 14:00:00,Shift 2,OP05,960,881,865,16,31.1
PRD_003154,M06,2025-06-17 22:00:00,Shift 3,OP06,960,898,871,27,31.16
PRD_003155,M06,2025-06-18 06:00:00,Shift 1,OP04,960,916,905,11,31.22
PRD_003156,M06,2025-06-18 14:00:00,Shift 2,OP05,960,895,875,20,31.27
PRD_003157,M06,2025-06-18 22:00:00,Shift 3,OP06,960,910,881,29,31.33
PRD_003158,M06,2025-06-19 06:00:00,Shift 1,OP04,960,906,881,25,31.39
PRD_003159,M06,2025-06-19 14:00:00,Shift 2,OP05,960,892,876,16,31.44
PRD_003160,M06,2025-06-19 22:00:00,Shift 3,OP06,960,908,892,16,31.5
PRD_003161,M06,2025-06-20 06:00:00,Shift 1,OP04,960,902,878,24,31.55
PRD_003162,M06,2025-06-20 14:00:00,Shift 2,OP05,960,910,887,23,31.61
PRD_003163,M06,2025-06-20 22:00:00,Shift 3,OP06,960,892,876,16,31.67
PRD_003164,M06,2025-06-21 06:00:00,Shift 1,OP04,960,863,848,15,31.72
PRD_003165,M06,2025-06-21 14:00:00,Shift 2,OP05,960,867,841,26,31.77
PRD_003166,M06,2025-06-21 22:00:00,Shift 3,OP06,960,900,881,19,31.83
PRD_003167,M06,2025-06-22 06:00:00,Shift 1,OP04,960,861,842,19,31.89
PRD_003168,M06,2025-06-22 14:00:00,Shift 2,OP05,960,873,853,20,31.95
PRD_003169,M06,2025-06-22 22:00:00,Shift 3,OP06,960,866,846,20,32.0
PRD_003170,M06,2025-06-23 06:00:00,Shift 1,OP04,960,857,841,16,32.06
PRD_003171,M06,2025-06-23 14:00:00,Shift 2,OP05,960,865,839,26,32.12
PRD_003172,M06,2025-06-23 22:00:00,Shift 3,OP06,960,882,861,21,32.17
PRD_003173,M06,2025-06-24 06:00:00,Shift 1,OP04,960,880,852,28,32.23
PRD_003174,M06,2025-06-24 14:00:00,Shift 2,OP05,960,877,847,30,32.28
PRD_003175,M06,2025-06-24 22:00:00,Shift 3,OP06,960,879,861,18,32.33
PRD_003176,M06,2025-06-25 06:00:00,Shift 1,OP04,960,861,845,16,32.39
PRD_003177,M06,2025-06-25 14:00:00,Shift 2,OP05,960,886,855,31,32.44
PRD_003178,M06,2025-06-25 22:00:00,Shift 3,OP06,960,865,836,29,32.5
PRD_003179,M06,2025-06-26 06:00:00,Shift 1,OP04,960,859,833,26,32.56
PRD_003180,M06,2025-06-26 14:00:00,Shift 2,OP05,960,870,839,31,32.62
PRD_003181,M06,2025-06-26 22:00:00,Shift 3,OP06,960,845,825,20,32.68
PRD_003182,M06,2025-06-27 06:00:00,Shift 1,OP04,960,869,849,20,32.74
PRD_003183,M06,2025-06-27 14:00:00,Shift 2,OP05,960,839,809,30,32.8
PRD_003184,M06,2025-06-27 22:00:00,Shift 3,OP06,960,865,830,35,32.86
PRD_003185,M06,2025-06-28 06:00:00,Shift 1,OP04,960,836,806,30,32.91
PRD_003186,M06,2025-06-28 14:00:00,Shift 2,OP05,960,836,816,20,32.98
PRD_003187,M06,2025-06-28 22:00:00,Shift 3,OP06,960,840,813,27,33.04
PRD_003188,M06,2025-06-29 06:00:00,Shift 1,OP04,960,854,820,34,33.1
PRD_003189,M06,2025-06-29 14:00:00,Shift 2,OP05,960,847,817,30,33.16
PRD_003190,M06,2025-06-29 22:00:00,Shift 3,OP06,960,839,817,22,33.23
PRD_003191,M07,2025-01-01 06:00:00,Shift 1,OP01,960,914,890,24,30.55
PRD_003192,M07,2025-01-01 14:00:00,Shift 2,OP02,960,899,881,18,30.62
PRD_003193,M07,2025-01-01 22:00:00,Shift 3,OP03,960,918,903,15,30.69
PRD_003194,M07,2025-01-02 06:00:00,Shift 1,OP01,960,917,890,27,30.76
PRD_003195,M07,2025-01-02 14:00:00,Shift 2,OP02,960,897,871,26,30.83
PRD_003196,M07,2025-01-02 22:00:00,Shift 3,OP03,960,893,876,17,30.91
PRD_003197,M07,2025-01-03 06:00:00,Shift 1,OP01,960,901,876,25,30.98
PRD_003198,M07,2025-01-03 14:00:00,Shift 2,OP02,960,914,894,20,31.06
PRD_003199,M07,2025-01-03 22:00:00,Shift 3,OP03,960,912,887,25,31.14
PRD_003200,M07,2025-01-04 06:00:00,Shift 1,OP01,960,893,877,16,31.22
PRD_003201,M07,2025-01-04 14:00:00,Shift 2,OP02,960,900,884,16,31.3
PRD_003202,M07,2025-01-04 22:00:00,Shift 3,OP03,960,899,873,26,31.37
PRD_003203,M07,2025-01-05 06:00:00,Shift 1,OP01,960,900,871,29,31.46
PRD_003204,M07,2025-01-05 14:00:00,Shift 2,OP02,960,906,879,27,31.54
PRD_003205,M07,2025-01-05 22:00:00,Shift 3,OP03,960,899,870,29,31.63
PRD_003206,M07,2025-01-06 06:00:00,Shift 1,OP01,960,894,864,30,31.7
PRD_003207,M07,2025-01-06 14:00:00,Shift 2,OP02,960,863,841,22,31.79
PRD_003208,M07,2025-01-06 22:00:00,Shift 3,OP03,960,863,845,18,31.87
PRD_003209,M07,2025-01-07 06:00:00,Shift 1,OP01,960,899,878,21,31.94
PRD_003210,M07,2025-01-07 14:00:00,Shift 2,OP02,960,857,827,30,32.03
PRD_003211,M07,2025-01-07 22:00:00,Shift 3,OP03,960,855,840,15,32.12
PRD_003212,M07,2025-01-08 06:00:00,Shift 1,OP01,960,887,867,20,32.2
PRD_003213,M07,2025-01-08 14:00:00,Shift 2,OP02,960,848,819,29,32.28
PRD_003214,M07,2025-01-08 22:00:00,Shift 3,OP03,960,861,835,26,32.36
PRD_003215,M07,2025-01-09 06:00:00,Shift 1,OP01,960,860,839,21,32.44
PRD_003216,M07,2025-01-09 14:00:00,Shift 2,OP02,960,871,840,31,32.53
PRD_003217,M07,2025-01-09 22:00:00,Shift 3,OP03,960,850,820,30,32.63
PRD_003218,M07,2025-01-10 06:00:00,Shift 1,OP01,960,842,817,25,32.71
PRD_003219,M07,2025-01-10 14:00:00,Shift 2,OP02,960,858,840,18,32.79
PRD_003220,M07,2025-01-10 22:00:00,Shift 3,OP03,960,875,841,34,32.87
PRD_003221,M07,2025-01-11 06:00:00,Shift 1,OP01,960,856,832,24,32.94
PRD_003222,M07,2025-01-11 14:00:00,Shift 2,OP02,960,829,804,25,33.02
PRD_003223,M07,2025-01-11 22:00:00,Shift 3,OP03,960,830,806,24,33.1
PRD_003224,M07,2025-01-12 06:00:00,Shift 1,OP01,960,850,813,37,33.19
PRD_003225,M07,2025-01-12 14:00:00,Shift 2,OP02,960,849,823,26,33.28
PRD_003226,M07,2025-01-12 22:00:00,Shift 3,OP03,960,852,816,36,33.36
PRD_003227,M07,2025-01-13 06:00:00,Shift 1,OP01,960,852,827,25,33.44
PRD_003228,M07,2025-01-13 14:00:00,Shift 2,OP02,960,835,798,37,33.52
PRD_003229,M07,2025-01-13 22:00:00,Shift 3,OP03,960,853,830,23,33.61
PRD_003230,M07,2025-01-14 06:00:00,Shift 1,OP01,960,837,805,32,33.7
PRD_003231,M07,2025-01-14 14:00:00,Shift 2,OP02,960,851,823,28,33.78
PRD_003232,M07,2025-01-14 22:00:00,Shift 3,OP03,960,823,791,32,33.87
PRD_003233,M07,2025-01-15 06:00:00,Shift 1,OP01,960,824,792,32,33.96
PRD_003234,M07,2025-01-15 14:00:00,Shift 2,OP02,960,830,789,41,34.05
PRD_003235,M07,2025-01-15 22:00:00,Shift 3,OP03,960,805,767,38,34.15
PRD_003236,M07,2025-01-16 06:00:00,Shift 1,OP01,960,817,790,27,34.23
PRD_003237,M07,2025-01-16 14:00:00,Shift 2,OP02,960,835,799,36,34.33
PRD_003238,M07,2025-01-16 22:00:00,Shift 3,OP03,960,814,771,43,34.43
PRD_003239,M07,2025-01-17 06:00:00,Shift 1,OP01,960,802,758,44,34.52
PRD_003240,M07,2025-01-17 14:00:00,Shift 2,OP02,960,806,774,32,34.62
PRD_003241,M07,2025-01-17 22:00:00,Shift 3,OP03,960,828,794,34,34.71
PRD_003242,M07,2025-01-18 06:00:00,Shift 1,OP01,960,810,774,36,34.81
PRD_003243,M07,2025-01-18 14:00:00,Shift 2,OP02,960,803,764,39,34.9
PRD_003244,M07,2025-01-18 22:00:00,Shift 3,OP03,960,797,762,35,35.0
PRD_003245,M07,2025-01-19 06:00:00,Shift 1,OP01,960,818,768,50,35.1
PRD_003246,M07,2025-01-19 14:00:00,Shift 2,OP02,960,790,749,41,35.2
PRD_003247,M07,2025-01-19 22:00:00,Shift 3,OP03,960,799,758,41,35.3
PRD_003248,M07,2025-01-20 06:00:00,Shift 1,OP01,960,803,760,43,35.41
PRD_003249,M07,2025-01-20 14:00:00,Shift 2,OP02,960,793,749,44,35.51
PRD_003250,M07,2025-01-20 22:00:00,Shift 3,OP03,960,803,756,47,35.61
PRD_003251,M07,2025-01-21 06:00:00,Shift 1,OP01,960,799,751,48,35.71
PRD_003252,M07,2025-01-21 14:00:00,Shift 2,OP02,960,784,742,42,35.82
PRD_003253,M07,2025-01-21 22:00:00,Shift 3,OP03,960,783,741,42,35.91
PRD_003254,M07,2025-01-22 06:00:00,Shift 1,OP01,960,774,720,54,36.02
PRD_003255,M07,2025-01-22 14:00:00,Shift 2,OP02,960,776,722,54,36.11
PRD_003256,M07,2025-01-22 22:00:00,Shift 3,OP03,960,755,709,46,36.2
PRD_003257,M07,2025-01-23 06:00:00,Shift 1,OP01,960,770,722,48,36.31
PRD_003258,M07,2025-01-23 14:00:00,Shift 2,OP02,960,760,712,48,36.42
PRD_003259,M07,2025-01-23 22:00:00,Shift 3,OP03,960,774,719,55,36.52
PRD_003260,M07,2025-01-24 06:00:00,Shift 1,OP01,960,761,714,47,36.63
PRD_003261,M07,2025-01-24 14:00:00,Shift 2,OP02,960,767,713,54,36.73
PRD_003262,M07,2025-01-24 22:00:00,Shift 3,OP03,960,781,731,50,36.83
PRD_003263,M07,2025-01-25 06:00:00,Shift 1,OP01,960,751,691,60,36.93
PRD_003264,M07,2025-01-25 14:00:00,Shift 2,OP02,960,761,711,50,37.02
PRD_003265,M07,2025-01-25 22:00:00,Shift 3,OP03,960,770,710,60,37.14
PRD_003266,M07,2025-01-26 06:00:00,Shift 1,OP01,960,772,711,61,37.24
PRD_003267,M07,2025-01-26 14:00:00,Shift 2,OP02,960,755,702,53,37.36
PRD_003268,M07,2025-01-26 22:00:00,Shift 3,OP03,960,736,673,63,37.46
PRD_003269,M07,2025-01-27 06:00:00,Shift 1,OP01,960,744,678,66,37.58
PRD_003270,M07,2025-01-27 14:00:00,Shift 2,OP02,960,735,680,55,37.69
PRD_003271,M07,2025-01-27 22:00:00,Shift 3,OP03,960,760,703,57,37.79
PRD_003272,M07,2025-01-28 06:00:00,Shift 1,OP01,960,724,660,64,37.89
PRD_003273,M07,2025-01-28 14:00:00,Shift 2,OP02,960,743,678,65,38.01
PRD_003274,M07,2025-01-29 06:00:00,Shift 1,OP01,960,899,889,10,30.67
PRD_003275,M07,2025-01-29 14:00:00,Shift 2,OP02,960,892,882,10,30.74
PRD_003276,M07,2025-01-29 22:00:00,Shift 3,OP03,960,904,883,21,30.81
PRD_003277,M07,2025-01-30 06:00:00,Shift 1,OP01,960,897,870,27,30.88
PRD_003278,M07,2025-01-30 14:00:00,Shift 2,OP02,960,913,889,24,30.95
PRD_003279,M07,2025-01-30 22:00:00,Shift 3,OP03,960,901,879,22,31.03
PRD_003280,M07,2025-01-31 06:00:00,Shift 1,OP01,960,884,863,21,31.1
PRD_003281,M07,2025-01-31 14:00:00,Shift 2,OP02,960,894,874,20,31.18
PRD_003282,M07,2025-01-31 22:00:00,Shift 3,OP03,960,882,865,17,31.26
PRD_003283,M07,2025-02-01 06:00:00,Shift 1,OP01,960,889,874,15,31.34
PRD_003284,M07,2025-02-01 14:00:00,Shift 2,OP02,960,874,857,17,31.43
PRD_003285,M07,2025-02-01 22:00:00,Shift 3,OP03,960,879,852,27,31.5
PRD_003286,M07,2025-02-02 06:00:00,Shift 1,OP01,960,911,897,14,31.58
PRD_003287,M07,2025-02-02 14:00:00,Shift 2,OP02,960,878,863,15,31.66
PRD_003288,M07,2025-02-02 22:00:00,Shift 3,OP03,960,874,860,14,31.74
PRD_003289,M07,2025-02-03 06:00:00,Shift 1,OP01,960,887,872,15,31.82
PRD_003290,M07,2025-02-03 14:00:00,Shift 2,OP02,960,901,881,20,31.89
PRD_003291,M07,2025-02-03 22:00:00,Shift 3,OP03,960,875,858,17,31.96
PRD_003292,M07,2025-02-04 06:00:00,Shift 1,OP01,960,880,849,31,32.04
PRD_003293,M07,2025-02-04 14:00:00,Shift 2,OP02,960,894,862,32,32.12
PRD_003294,M07,2025-02-04 22:00:00,Shift 3,OP03,960,870,855,15,32.2
PRD_003295,M07,2025-02-05 06:00:00,Shift 1,OP01,960,869,845,24,32.28
PRD_003296,M07,2025-02-05 14:00:00,Shift 2,OP02,960,871,842,29,32.36
PRD_003297,M07,2025-02-05 22:00:00,Shift 3,OP03,960,862,842,20,32.44
PRD_003298,M07,2025-02-06 06:00:00,Shift 1,OP01,960,857,832,25,32.52
PRD_003299,M07,2025-02-06 14:00:00,Shift 2,OP02,960,850,819,31,32.6
PRD_003300,M07,2025-02-06 22:00:00,Shift 3,OP03,960,866,843,23,32.69
PRD_003301,M07,2025-02-07 06:00:00,Shift 1,OP01,960,837,819,18,32.77
PRD_003302,M07,2025-02-07 14:00:00,Shift 2,OP02,960,851,822,29,32.86
PRD_003303,M07,2025-02-07 22:00:00,Shift 3,OP03,960,869,833,36,32.94
PRD_003304,M07,2025-02-08 06:00:00,Shift 1,OP01,960,833,803,30,33.02
PRD_003305,M07,2025-02-08 14:00:00,Shift 2,OP02,960,849,821,28,33.11
PRD_003306,M07,2025-02-08 22:00:00,Shift 3,OP03,960,853,822,31,33.19
PRD_003307,M07,2025-02-09 06:00:00,Shift 1,OP01,960,844,812,32,33.27
PRD_003308,M07,2025-02-09 14:00:00,Shift 2,OP02,960,827,802,25,33.36
PRD_003309,M07,2025-02-09 22:00:00,Shift 3,OP03,960,831,806,25,33.44
PRD_003310,M07,2025-02-10 06:00:00,Shift 1,OP01,960,844,816,28,33.52
PRD_003311,M07,2025-02-10 14:00:00,Shift 2,OP02,960,848,814,34,33.61
PRD_003312,M07,2025-02-10 22:00:00,Shift 3,OP03,960,849,815,34,33.71
PRD_003313,M07,2025-02-11 06:00:00,Shift 1,OP01,960,821,789,32,33.8
PRD_003314,M07,2025-02-11 14:00:00,Shift 2,OP02,960,808,770,38,33.9
PRD_003315,M07,2025-02-11 22:00:00,Shift 3,OP03,960,825,785,40,33.98
PRD_003316,M07,2025-02-12 06:00:00,Shift 1,OP01,960,822,783,39,34.06
PRD_003317,M07,2025-02-12 14:00:00,Shift 2,OP02,960,836,803,33,34.16
PRD_003318,M07,2025-02-12 22:00:00,Shift 3,OP03,960,813,779,34,34.25
PRD_003319,M07,2025-02-13 06:00:00,Shift 1,OP01,960,805,778,27,34.34
PRD_003320,M07,2025-02-13 14:00:00,Shift 2,OP02,960,828,785,43,34.42
PRD_003321,M07,2025-02-13 22:00:00,Shift 3,OP03,960,828,793,35,34.51
PRD_003322,M07,2025-02-14 06:00:00,Shift 1,OP01,960,804,759,45,34.61
PRD_003323,M07,2025-02-14 14:00:00,Shift 2,OP02,960,797,753,44,34.71
PRD_003324,M07,2025-02-14 22:00:00,Shift 3,OP03,960,803,758,45,34.78
PRD_003325,M07,2025-02-15 06:00:00,Shift 1,OP01,960,823,782,41,34.88
PRD_003326,M07,2025-02-15 14:00:00,Shift 2,OP02,960,796,749,47,34.98
PRD_003327,M07,2025-02-15 22:00:00,Shift 3,OP03,960,811,765,46,35.07
PRD_003328,M07,2025-02-16 06:00:00,Shift 1,OP01,960,817,780,37,35.18
PRD_003329,M07,2025-02-16 14:00:00,Shift 2,OP02,960,806,762,44,35.27
PRD_003330,M07,2025-02-16 22:00:00,Shift 3,OP03,960,805,765,40,35.37
PRD_003331,M07,2025-02-17 06:00:00,Shift 1,OP01,960,800,752,48,35.45
PRD_003332,M07,2025-02-17 14:00:00,Shift 2,OP02,960,776,730,46,35.54
PRD_003333,M07,2025-02-17 22:00:00,Shift 3,OP03,960,789,751,38,35.64
PRD_003334,M07,2025-02-18 06:00:00,Shift 1,OP01,960,797,750,47,35.74
PRD_003335,M07,2025-02-18 14:00:00,Shift 2,OP02,960,775,735,40,35.83
PRD_003336,M07,2025-02-18 22:00:00,Shift 3,OP03,960,768,728,40,35.94
PRD_003337,M07,2025-02-19 06:00:00,Shift 1,OP01,960,769,723,46,36.02
PRD_003338,M07,2025-02-19 14:00:00,Shift 2,OP02,960,780,735,45,36.12
PRD_003339,M07,2025-02-19 22:00:00,Shift 3,OP03,960,762,711,51,36.22
PRD_003340,M07,2025-02-20 06:00:00,Shift 1,OP01,960,791,741,50,36.33
PRD_003341,M07,2025-02-20 14:00:00,Shift 2,OP02,960,756,704,52,36.43
PRD_003342,M07,2025-02-20 22:00:00,Shift 3,OP03,960,776,722,54,36.54
PRD_003343,M07,2025-02-21 06:00:00,Shift 1,OP01,960,748,694,54,36.64
PRD_003344,M07,2025-02-21 14:00:00,Shift 2,OP02,960,764,705,59,36.74
PRD_003345,M07,2025-02-21 22:00:00,Shift 3,OP03,960,763,702,61,36.85
PRD_003346,M07,2025-02-22 06:00:00,Shift 1,OP01,960,759,706,53,36.95
PRD_003347,M07,2025-02-22 14:00:00,Shift 2,OP02,960,756,703,53,37.04
PRD_003348,M07,2025-02-22 22:00:00,Shift 3,OP03,960,738,685,53,37.15
PRD_003349,M07,2025-02-23 06:00:00,Shift 1,OP01,960,741,686,55,37.25
PRD_003350,M07,2025-02-23 14:00:00,Shift 2,OP02,960,766,702,64,37.36
PRD_003351,M07,2025-02-23 22:00:00,Shift 3,OP03,960,768,710,58,37.46
PRD_003352,M07,2025-02-24 06:00:00,Shift 1,OP01,960,762,696,66,37.56
PRD_003353,M07,2025-02-24 14:00:00,Shift 2,OP02,960,755,690,65,37.67
PRD_003354,M07,2025-02-24 22:00:00,Shift 3,OP03,960,731,669,62,37.79
PRD_003355,M07,2025-02-25 06:00:00,Shift 1,OP01,960,748,688,60,37.89
PRD_003356,M07,2025-02-25 22:00:00,Shift 3,OP03,960,936,924,12,30.23
PRD_003357,M07,2025-02-26 06:00:00,Shift 1,OP01,960,938,923,15,30.31
PRD_003358,M07,2025-02-26 14:00:00,Shift 2,OP02,960,917,891,26,30.39
PRD_003359,M07,2025-02-26 22:00:00,Shift 3,OP03,960,918,900,18,30.46
PRD_003360,M07,2025-02-27 06:00:00,Shift 1,OP01,960,918,894,24,30.54
PRD_003361,M07,2025-02-27 14:00:00,Shift 2,OP02,960,932,914,18,30.62
PRD_003362,M07,2025-02-27 22:00:00,Shift 3,OP03,960,913,902,11,30.69
PRD_003363,M07,2025-02-28 06:00:00,Shift 1,OP01,960,889,868,21,30.76
PRD_003364,M07,2025-02-28 14:00:00,Shift 2,OP02,960,933,905,28,30.83
PRD_003365,M07,2025-02-28 22:00:00,Shift 3,OP03,960,921,901,20,30.9
PRD_003366,M07,2025-03-01 06:00:00,Shift 1,OP01,960,902,888,14,30.97
PRD_003367,M07,2025-03-01 14:00:00,Shift 2,OP02,960,921,899,22,31.06
PRD_003368,M07,2025-03-01 22:00:00,Shift 3,OP03,960,890,862,28,31.13
PRD_003369,M07,2025-03-02 06:00:00,Shift 1,OP01,960,899,887,12,31.21
PRD_003370,M07,2025-03-02 14:00:00,Shift 2,OP02,960,901,876,25,31.28
PRD_003371,M07,2025-03-02 22:00:00,Shift 3,OP03,960,874,846,28,31.35
PRD_003372,M07,2025-03-03 06:00:00,Shift 1,OP01,960,893,873,20,31.43
PRD_003373,M07,2025-03-03 14:00:00,Shift 2,OP02,960,908,885,23,31.51
PRD_003374,M07,2025-03-03 22:00:00,Shift 3,OP03,960,897,874,23,31.59
PRD_003375,M07,2025-03-04 06:00:00,Shift 1,OP01,960,889,877,12,31.67
PRD_003376,M07,2025-03-04 14:00:00,Shift 2,OP02,960,881,851,30,31.76
PRD_003377,M07,2025-03-04 22:00:00,Shift 3,OP03,960,886,861,25,31.84
PRD_003378,M07,2025-03-05 06:00:00,Shift 1,OP01,960,857,829,28,31.92
PRD_003379,M07,2025-03-05 14:00:00,Shift 2,OP02,960,899,873,26,32.0
PRD_003380,M07,2025-03-05 22:00:00,Shift 3,OP03,960,854,834,20,32.07
PRD_003381,M07,2025-03-06 06:00:00,Shift 1,OP01,960,889,872,17,32.16
PRD_003382,M07,2025-03-06 14:00:00,Shift 2,OP02,960,863,845,18,32.24
PRD_003383,M07,2025-03-06 22:00:00,Shift 3,OP03,960,866,836,30,32.32
PRD_003384,M07,2025-03-07 06:00:00,Shift 1,OP01,960,878,860,18,32.41
PRD_003385,M07,2025-03-07 14:00:00,Shift 2,OP02,960,867,850,17,32.49
PRD_003386,M07,2025-03-07 22:00:00,Shift 3,OP03,960,868,835,33,32.56
PRD_003387,M07,2025-03-08 06:00:00,Shift 1,OP01,960,851,826,25,32.65
PRD_003388,M07,2025-03-08 14:00:00,Shift 2,OP02,960,843,813,30,32.74
PRD_003389,M07,2025-03-08 22:00:00,Shift 3,OP03,960,837,810,27,32.81
PRD_003390,M07,2025-03-09 06:00:00,Shift 1,OP01,960,856,826,30,32.91
PRD_003391,M07,2025-03-09 14:00:00,Shift 2,OP02,960,869,839,30,32.99
PRD_003392,M07,2025-03-09 22:00:00,Shift 3,OP03,960,846,815,31,33.09
PRD_003393,M07,2025-03-10 06:00:00,Shift 1,OP01,960,836,816,20,33.18
PRD_003394,M07,2025-03-10 14:00:00,Shift 2,OP02,960,829,807,22,33.27
PRD_003395,M07,2025-03-10 22:00:00,Shift 3,OP03,960,839,816,23,33.36
PRD_003396,M07,2025-03-11 06:00:00,Shift 1,OP01,960,839,816,23,33.45
PRD_003397,M07,2025-03-11 14:00:00,Shift 2,OP02,960,818,780,38,33.54
PRD_003398,M07,2025-03-11 22:00:00,Shift 3,OP03,960,845,810,35,33.63
PRD_003399,M07,2025-03-12 06:00:00,Shift 1,OP01,960,825,796,29,33.72
PRD_003400,M07,2025-03-12 14:00:00,Shift 2,OP02,960,843,817,26,33.81
PRD_003401,M07,2025-03-12 22:00:00,Shift 3,OP03,960,835,808,27,33.9
PRD_003402,M07,2025-03-13 06:00:00,Shift 1,OP01,960,823,790,33,33.99
PRD_003403,M07,2025-03-13 14:00:00,Shift 2,OP02,960,835,794,41,34.08
PRD_003404,M07,2025-03-13 22:00:00,Shift 3,OP03,960,828,791,37,34.17
PRD_003405,M07,2025-03-14 06:00:00,Shift 1,OP01,960,813,772,41,34.26
PRD_003406,M07,2025-03-14 14:00:00,Shift 2,OP02,960,800,761,39,34.35
PRD_003407,M07,2025-03-14 22:00:00,Shift 3,OP03,960,821,782,39,34.44
PRD_003408,M07,2025-03-15 06:00:00,Shift 1,OP01,960,829,798,31,34.52
PRD_003409,M07,2025-03-15 14:00:00,Shift 2,OP02,960,828,781,47,34.62
PRD_003410,M07,2025-03-15 22:00:00,Shift 3,OP03,960,804,762,42,34.72
PRD_003411,M07,2025-03-16 06:00:00,Shift 1,OP01,960,823,785,38,34.81
PRD_003412,M07,2025-03-16 14:00:00,Shift 2,OP02,960,787,743,44,34.89
PRD_003413,M07,2025-03-16 22:00:00,Shift 3,OP03,960,810,769,41,34.98
PRD_003414,M07,2025-03-17 06:00:00,Shift 1,OP01,960,802,767,35,35.07
PRD_003415,M07,2025-03-17 14:00:00,Shift 2,OP02,960,809,766,43,35.17
PRD_003416,M07,2025-03-17 22:00:00,Shift 3,OP03,960,814,770,44,35.27
PRD_003417,M07,2025-03-18 06:00:00,Shift 1,OP01,960,811,767,44,35.37
PRD_003418,M07,2025-03-18 14:00:00,Shift 2,OP02,960,810,758,52,35.46
PRD_003419,M07,2025-03-18 22:00:00,Shift 3,OP03,960,809,756,53,35.57
PRD_003420,M07,2025-03-19 06:00:00,Shift 1,OP01,960,792,750,42,35.65
PRD_003421,M07,2025-03-19 14:00:00,Shift 2,OP02,960,779,730,49,35.75
PRD_003422,M07,2025-03-19 22:00:00,Shift 3,OP03,960,774,723,51,35.85
PRD_003423,M07,2025-03-20 06:00:00,Shift 1,OP01,960,772,730,42,35.95
PRD_003424,M07,2025-03-20 14:00:00,Shift 2,OP02,960,762,709,53,36.05
PRD_003425,M07,2025-03-20 22:00:00,Shift 3,OP03,960,787,741,46,36.15
PRD_003426,M07,2025-03-21 06:00:00,Shift 1,OP01,960,767,717,50,36.24
PRD_003427,M07,2025-03-21 14:00:00,Shift 2,OP02,960,765,714,51,36.34
PRD_003428,M07,2025-03-21 22:00:00,Shift 3,OP03,960,766,711,55,36.45
PRD_003429,M07,2025-03-22 06:00:00,Shift 1,OP01,960,779,728,51,36.55
PRD_003430,M07,2025-03-22 14:00:00,Shift 2,OP02,960,779,721,58,36.66
PRD_003431,M07,2025-03-22 22:00:00,Shift 3,OP03,960,751,695,56,36.76
PRD_003432,M07,2025-03-23 06:00:00,Shift 1,OP01,960,780,729,51,36.87
PRD_003433,M07,2025-03-23 14:00:00,Shift 2,OP02,960,755,704,51,36.97
PRD_003434,M07,2025-03-23 22:00:00,Shift 3,OP03,960,745,696,49,37.07
PRD_003435,M07,2025-03-24 06:00:00,Shift 1,OP01,960,760,705,55,37.19
PRD_003436,M07,2025-03-24 14:00:00,Shift 2,OP02,960,765,713,52,37.3
PRD_003437,M07,2025-03-24 22:00:00,Shift 3,OP03,960,754,699,55,37.41
PRD_003438,M07,2025-03-25 06:00:00,Shift 1,OP01,960,757,699,58,37.52
PRD_003439,M07,2025-03-25 14:00:00,Shift 2,OP02,960,762,702,60,37.63
PRD_003440,M07,2025-03-25 22:00:00,Shift 3,OP03,960,753,693,60,37.75
PRD_003441,M07,2025-03-26 06:00:00,Shift 1,OP01,960,743,681,62,37.87
PRD_003442,M07,2025-03-26 14:00:00,Shift 2,OP02,960,750,692,58,37.99
PRD_003443,M07,2025-03-26 22:00:00,Shift 3,OP03,960,736,664,72,38.09
PRD_003444,M07,2025-03-28 06:00:00,Shift 1,OP01,960,925,908,17,30.41
PRD_003445,M07,2025-03-28 14:00:00,Shift 2,OP02,960,943,926,17,30.48
PRD_003446,M07,2025-03-28 22:00:00,Shift 3,OP03,960,898,887,11,30.56
PRD_003447,M07,2025-03-29 06:00:00,Shift 1,OP01,960,911,891,20,30.64
PRD_003448,M07,2025-03-29 14:00:00,Shift 2,OP02,960,911,895,16,30.72
PRD_003449,M07,2025-03-29 22:00:00,Shift 3,OP03,960,895,871,24,30.78
PRD_003450,M07,2025-03-30 06:00:00,Shift 1,OP01,960,912,899,13,30.85
PRD_003451,M07,2025-03-30 14:00:00,Shift 2,OP02,960,916,891,25,30.93
PRD_003452,M07,2025-03-30 22:00:00,Shift 3,OP03,960,927,903,24,31.01
PRD_003453,M07,2025-03-31 06:00:00,Shift 1,OP01,960,913,890,23,31.08
PRD_003454,M07,2025-03-31 14:00:00,Shift 2,OP02,960,885,869,16,31.16
PRD_003455,M07,2025-03-31 22:00:00,Shift 3,OP03,960,901,890,11,31.24
PRD_003456,M07,2025-04-01 06:00:00,Shift 1,OP01,960,894,880,14,31.31
PRD_003457,M07,2025-04-01 14:00:00,Shift 2,OP02,960,871,858,13,31.38
PRD_003458,M07,2025-04-01 22:00:00,Shift 3,OP03,960,874,854,20,31.46
PRD_003459,M07,2025-04-02 06:00:00,Shift 1,OP01,960,912,898,14,31.54
PRD_003460,M07,2025-04-02 14:00:00,Shift 2,OP02,960,873,849,24,31.62
PRD_003461,M07,2025-04-02 22:00:00,Shift 3,OP03,960,893,879,14,31.69
PRD_003462,M07,2025-04-03 06:00:00,Shift 1,OP01,960,878,862,16,31.77
PRD_003463,M07,2025-04-03 14:00:00,Shift 2,OP02,960,863,836,27,31.85
PRD_003464,M07,2025-04-03 22:00:00,Shift 3,OP03,960,874,856,18,31.93
PRD_003465,M07,2025-04-04 06:00:00,Shift 1,OP01,960,858,841,17,32.01
PRD_003466,M07,2025-04-04 14:00:00,Shift 2,OP02,960,885,868,17,32.08
PRD_003467,M07,2025-04-04 22:00:00,Shift 3,OP03,960,861,845,16,32.16
PRD_003468,M07,2025-04-05 06:00:00,Shift 1,OP01,960,862,847,15,32.24
PRD_003469,M07,2025-04-05 14:00:00,Shift 2,OP02,960,847,817,30,32.32
PRD_003470,M07,2025-04-05 22:00:00,Shift 3,OP03,960,882,865,17,32.4
PRD_003471,M07,2025-04-06 06:00:00,Shift 1,OP01,960,846,830,16,32.48
PRD_003472,M07,2025-04-06 14:00:00,Shift 2,OP02,960,858,841,17,32.56
PRD_003473,M07,2025-04-06 22:00:00,Shift 3,OP03,960,855,828,27,32.65
PRD_003474,M07,2025-04-07 06:00:00,Shift 1,OP01,960,878,858,20,32.73
PRD_003475,M07,2025-04-07 14:00:00,Shift 2,OP02,960,862,827,35,32.81
PRD_003476,M07,2025-04-07 22:00:00,Shift 3,OP03,960,865,845,20,32.9
PRD_003477,M07,2025-04-08 06:00:00,Shift 1,OP01,960,853,819,34,32.98
PRD_003478,M07,2025-04-08 14:00:00,Shift 2,OP02,960,864,829,35,33.07
PRD_003479,M07,2025-04-08 22:00:00,Shift 3,OP03,960,859,830,29,33.15
PRD_003480,M07,2025-04-09 06:00:00,Shift 1,OP01,960,835,806,29,33.24
PRD_003481,M07,2025-04-09 14:00:00,Shift 2,OP02,960,861,834,27,33.32
PRD_003482,M07,2025-04-09 22:00:00,Shift 3,OP03,960,858,824,34,33.4
PRD_003483,M07,2025-04-10 06:00:00,Shift 1,OP01,960,832,806,26,33.5
PRD_003484,M07,2025-04-10 14:00:00,Shift 2,OP02,960,825,802,23,33.58
PRD_003485,M07,2025-04-10 22:00:00,Shift 3,OP03,960,843,818,25,33.65
PRD_003486,M07,2025-04-11 06:00:00,Shift 1,OP01,960,849,822,27,33.75
PRD_003487,M07,2025-04-11 14:00:00,Shift 2,OP02,960,825,790,35,33.83
PRD_003488,M07,2025-04-11 22:00:00,Shift 3,OP03,960,848,812,36,33.92
PRD_003489,M07,2025-04-12 06:00:00,Shift 1,OP01,960,809,770,39,34.01
PRD_003490,M07,2025-04-12 14:00:00,Shift 2,OP02,960,828,786,42,34.1
PRD_003491,M07,2025-04-12 22:00:00,Shift 3,OP03,960,818,780,38,34.19
PRD_003492,M07,2025-04-13 06:00:00,Shift 1,OP01,960,818,782,36,34.29
PRD_003493,M07,2025-04-13 14:00:00,Shift 2,OP02,960,824,786,38,34.38
PRD_003494,M07,2025-04-13 22:00:00,Shift 3,OP03,960,808,778,30,34.48
PRD_003495,M07,2025-04-14 06:00:00,Shift 1,OP01,960,816,773,43,34.58
PRD_003496,M07,2025-04-14 14:00:00,Shift 2,OP02,960,824,789,35,34.67
PRD_003497,M07,2025-04-14 22:00:00,Shift 3,OP03,960,811,770,41,34.76
PRD_003498,M07,2025-04-15 06:00:00,Shift 1,OP01,960,811,768,43,34.87
PRD_003499,M07,2025-04-15 14:00:00,Shift 2,OP02,960,792,747,45,34.96
PRD_003500,M07,2025-04-15 22:00:00,Shift 3,OP03,960,791,755,36,35.04
PRD_003501,M07,2025-04-16 06:00:00,Shift 1,OP01,960,796,749,47,35.14
PRD_003502,M07,2025-04-16 14:00:00,Shift 2,OP02,960,788,753,35,35.23
PRD_003503,M07,2025-04-16 22:00:00,Shift 3,OP03,960,775,731,44,35.32
PRD_003504,M07,2025-04-17 06:00:00,Shift 1,OP01,960,787,750,37,35.41
PRD_003505,M07,2025-04-17 14:00:00,Shift 2,OP02,960,780,734,46,35.52
PRD_003506,M07,2025-04-17 22:00:00,Shift 3,OP03,960,794,752,42,35.62
PRD_003507,M07,2025-04-18 06:00:00,Shift 1,OP01,960,777,733,44,35.72
PRD_003508,M07,2025-04-18 14:00:00,Shift 2,OP02,960,792,746,46,35.81
PRD_003509,M07,2025-04-18 22:00:00,Shift 3,OP03,960,765,723,42,35.92
PRD_003510,M07,2025-04-19 06:00:00,Shift 1,OP01,960,793,743,50,36.01
PRD_003511,M07,2025-04-19 14:00:00,Shift 2,OP02,960,763,708,55,36.12
PRD_003512,M07,2025-04-19 22:00:00,Shift 3,OP03,960,786,733,53,36.23
PRD_003513,M07,2025-04-20 06:00:00,Shift 1,OP01,960,758,704,54,36.33
PRD_003514,M07,2025-04-20 14:00:00,Shift 2,OP02,960,756,704,52,36.44
PRD_003515,M07,2025-04-20 22:00:00,Shift 3,OP03,960,755,707,48,36.54
PRD_003516,M07,2025-04-21 06:00:00,Shift 1,OP01,960,761,704,57,36.64
PRD_003517,M07,2025-04-21 14:00:00,Shift 2,OP02,960,758,711,47,36.74
PRD_003518,M07,2025-04-21 22:00:00,Shift 3,OP03,960,774,716,58,36.86
PRD_003519,M07,2025-04-22 06:00:00,Shift 1,OP01,960,752,702,50,36.98
PRD_003520,M07,2025-04-22 14:00:00,Shift 2,OP02,960,761,697,64,37.08
PRD_003521,M07,2025-04-22 22:00:00,Shift 3,OP03,960,747,693,54,37.2
PRD_003522,M07,2025-04-23 06:00:00,Shift 1,OP01,960,768,708,60,37.3
PRD_003523,M07,2025-04-23 14:00:00,Shift 2,OP02,960,746,691,55,37.42
PRD_003524,M07,2025-04-23 22:00:00,Shift 3,OP03,960,756,699,57,37.52
PRD_003525,M07,2025-04-24 06:00:00,Shift 1,OP01,960,729,667,62,37.63
PRD_003526,M07,2025-04-24 14:00:00,Shift 2,OP02,960,739,678,61,37.74
PRD_003527,M07,2025-04-24 22:00:00,Shift 3,OP03,960,728,666,62,37.84
PRD_003528,M07,2025-04-25 06:00:00,Shift 1,OP01,960,725,668,57,37.96
PRD_003529,M07,2025-04-25 22:00:00,Shift 3,OP03,960,909,895,14,30.42
PRD_003530,M07,2025-04-26 06:00:00,Shift 1,OP01,960,911,897,14,30.49
PRD_003531,M07,2025-04-26 14:00:00,Shift 2,OP02,960,908,897,11,30.56
PRD_003532,M07,2025-04-26 22:00:00,Shift 3,OP03,960,925,902,23,30.63
PRD_003533,M07,2025-04-27 06:00:00,Shift 1,OP01,960,922,903,19,30.71
PRD_003534,M07,2025-04-27 14:00:00,Shift 2,OP02,960,914,902,12,30.78
PRD_003535,M07,2025-04-27 22:00:00,Shift 3,OP03,960,915,895,20,30.86
PRD_003536,M07,2025-04-28 06:00:00,Shift 1,OP01,960,894,882,12,30.94
PRD_003537,M07,2025-04-28 14:00:00,Shift 2,OP02,960,927,902,25,31.01
PRD_003538,M07,2025-04-28 22:00:00,Shift 3,OP03,960,901,890,11,31.08
PRD_003539,M07,2025-04-29 06:00:00,Shift 1,OP01,960,899,877,22,31.15
PRD_003540,M07,2025-04-29 14:00:00,Shift 2,OP02,960,920,899,21,31.24
PRD_003541,M07,2025-04-29 22:00:00,Shift 3,OP03,960,908,890,18,31.32
PRD_003542,M07,2025-04-30 06:00:00,Shift 1,OP01,960,909,890,19,31.39
PRD_003543,M07,2025-04-30 14:00:00,Shift 2,OP02,960,907,894,13,31.46
PRD_003544,M07,2025-04-30 22:00:00,Shift 3,OP03,960,887,860,27,31.54
PRD_003545,M07,2025-05-01 06:00:00,Shift 1,OP01,960,886,860,26,31.62
PRD_003546,M07,2025-05-01 14:00:00,Shift 2,OP02,960,873,854,19,31.7
PRD_003547,M07,2025-05-01 22:00:00,Shift 3,OP03,960,879,864,15,31.78
PRD_003548,M07,2025-05-02 06:00:00,Shift 1,OP01,960,903,875,28,31.85
PRD_003549,M07,2025-05-02 14:00:00,Shift 2,OP02,960,874,844,30,31.93
PRD_003550,M07,2025-05-02 22:00:00,Shift 3,OP03,960,897,882,15,32.01
PRD_003551,M07,2025-05-03 06:00:00,Shift 1,OP01,960,866,852,14,32.09
PRD_003552,M07,2025-05-03 14:00:00,Shift 2,OP02,960,864,847,17,32.17
PRD_003553,M07,2025-05-03 22:00:00,Shift 3,OP03,960,874,844,30,32.26
PRD_003554,M07,2025-05-04 06:00:00,Shift 1,OP01,960,848,823,25,32.33
PRD_003555,M07,2025-05-04 14:00:00,Shift 2,OP02,960,883,857,26,32.41
PRD_003556,M07,2025-05-04 22:00:00,Shift 3,OP03,960,875,854,21,32.5
PRD_003557,M07,2025-05-05 06:00:00,Shift 1,OP01,960,849,831,18,32.59
PRD_003558,M07,2025-05-05 14:00:00,Shift 2,OP02,960,863,836,27,32.67
PRD_003559,M07,2025-05-05 22:00:00,Shift 3,OP03,960,868,839,29,32.77
PRD_003560,M07,2025-05-06 06:00:00,Shift 1,OP01,960,860,842,18,32.85
PRD_003561,M07,2025-05-06 14:00:00,Shift 2,OP02,960,866,840,26,32.94
PRD_003562,M07,2025-05-06 22:00:00,Shift 3,OP03,960,840,813,27,33.02
PRD_003563,M07,2025-05-07 06:00:00,Shift 1,OP01,960,847,824,23,33.1
PRD_003564,M07,2025-05-07 14:00:00,Shift 2,OP02,960,826,806,20,33.19
PRD_003565,M07,2025-05-07 22:00:00,Shift 3,OP03,960,848,824,24,33.29
PRD_003566,M07,2025-05-08 06:00:00,Shift 1,OP01,960,844,818,26,33.37
PRD_003567,M07,2025-05-08 14:00:00,Shift 2,OP02,960,853,823,30,33.46
PRD_003568,M07,2025-05-08 22:00:00,Shift 3,OP03,960,857,821,36,33.55
PRD_003569,M07,2025-05-09 06:00:00,Shift 1,OP01,960,822,784,38,33.64
PRD_003570,M07,2025-05-09 14:00:00,Shift 2,OP02,960,839,801,38,33.73
PRD_003571,M07,2025-05-09 22:00:00,Shift 3,OP03,960,819,779,40,33.81
PRD_003572,M07,2025-05-10 06:00:00,Shift 1,OP01,960,846,811,35,33.89
PRD_003573,M07,2025-05-10 14:00:00,Shift 2,OP02,960,845,816,29,33.98
PRD_003574,M07,2025-05-10 22:00:00,Shift 3,OP03,960,834,804,30,34.07
PRD_003575,M07,2025-05-11 06:00:00,Shift 1,OP01,960,806,773,33,34.17
PRD_003576,M07,2025-05-11 14:00:00,Shift 2,OP02,960,837,801,36,34.26
PRD_003577,M07,2025-05-11 22:00:00,Shift 3,OP03,960,838,807,31,34.35
PRD_003578,M07,2025-05-12 06:00:00,Shift 1,OP01,960,830,798,32,34.44
PRD_003579,M07,2025-05-12 14:00:00,Shift 2,OP02,960,806,764,42,34.53
PRD_003580,M07,2025-05-12 22:00:00,Shift 3,OP03,960,826,782,44,34.62
PRD_003581,M07,2025-05-13 06:00:00,Shift 1,OP01,960,806,760,46,34.72
PRD_003582,M07,2025-05-13 14:00:00,Shift 2,OP02,960,789,754,35,34.81
PRD_003583,M07,2025-05-13 22:00:00,Shift 3,OP03,960,823,787,36,34.9
PRD_003584,M07,2025-05-14 06:00:00,Shift 1,OP01,960,791,749,42,35.0
PRD_003585,M07,2025-05-14 14:00:00,Shift 2,OP02,960,780,744,36,35.1
PRD_003586,M07,2025-05-14 22:00:00,Shift 3,OP03,960,777,740,37,35.2
PRD_003587,M07,2025-05-15 06:00:00,Shift 1,OP01,960,800,752,48,35.29
PRD_003588,M07,2025-05-15 14:00:00,Shift 2,OP02,960,789,745,44,35.39
PRD_003589,M07,2025-05-15 22:00:00,Shift 3,OP03,960,804,761,43,35.49
PRD_003590,M07,2025-05-16 06:00:00,Shift 1,OP01,960,806,764,42,35.59
PRD_003591,M07,2025-05-16 14:00:00,Shift 2,OP02,960,770,733,37,35.68
PRD_003592,M07,2025-05-16 22:00:00,Shift 3,OP03,960,801,757,44,35.77
PRD_003593,M07,2025-05-17 06:00:00,Shift 1,OP01,960,787,732,55,35.87
PRD_003594,M07,2025-05-17 14:00:00,Shift 2,OP02,960,779,729,50,35.98
PRD_003595,M07,2025-05-17 22:00:00,Shift 3,OP03,960,776,725,51,36.08
PRD_003596,M07,2025-05-18 06:00:00,Shift 1,OP01,960,773,726,47,36.17
PRD_003597,M07,2025-05-18 14:00:00,Shift 2,OP02,960,764,721,43,36.27
PRD_003598,M07,2025-05-18 22:00:00,Shift 3,OP03,960,767,711,56,36.37
PRD_003599,M07,2025-05-19 06:00:00,Shift 1,OP01,960,766,719,47,36.47
PRD_003600,M07,2025-05-19 14:00:00,Shift 2,OP02,960,757,701,56,36.58
PRD_003601,M07,2025-05-19 22:00:00,Shift 3,OP03,960,762,715,47,36.68
PRD_003602,M07,2025-05-20 06:00:00,Shift 1,OP01,960,775,724,51,36.78
PRD_003603,M07,2025-05-20 14:00:00,Shift 2,OP02,960,759,701,58,36.88
PRD_003604,M07,2025-05-20 22:00:00,Shift 3,OP03,960,749,689,60,36.99
PRD_003605,M07,2025-05-21 06:00:00,Shift 1,OP01,960,740,685,55,37.09
PRD_003606,M07,2025-05-21 14:00:00,Shift 2,OP02,960,749,691,58,37.18
PRD_003607,M07,2025-05-21 22:00:00,Shift 3,OP03,960,740,676,64,37.3
PRD_003608,M07,2025-05-22 06:00:00,Shift 1,OP01,960,735,672,63,37.4
PRD_003609,M07,2025-05-22 14:00:00,Shift 2,OP02,960,766,700,66,37.5
PRD_003610,M07,2025-05-22 22:00:00,Shift 3,OP03,960,752,693,59,37.61
PRD_003611,M07,2025-05-23 06:00:00,Shift 1,OP01,960,746,690,56,37.72
PRD_003612,M07,2025-05-23 14:00:00,Shift 2,OP02,960,726,658,68,37.82
PRD_003613,M07,2025-05-23 22:00:00,Shift 3,OP03,960,749,680,69,37.94
PRD_003614,M07,2025-05-24 22:00:00,Shift 3,OP03,960,943,928,15,30.36
PRD_003615,M07,2025-05-25 06:00:00,Shift 1,OP01,960,901,892,9,30.43
PRD_003616,M07,2025-05-25 14:00:00,Shift 2,OP02,960,924,908,16,30.51
PRD_003617,M07,2025-05-25 22:00:00,Shift 3,OP03,960,906,897,9,30.58
PRD_003618,M07,2025-05-26 06:00:00,Shift 1,OP01,960,926,909,17,30.65
PRD_003619,M07,2025-05-26 14:00:00,Shift 2,OP02,960,895,869,26,30.72
PRD_003620,M07,2025-05-26 22:00:00,Shift 3,OP03,960,929,918,11,30.79
PRD_003621,M07,2025-05-27 06:00:00,Shift 1,OP01,960,924,911,13,30.87
PRD_003622,M07,2025-05-27 14:00:00,Shift 2,OP02,960,911,899,12,30.93
PRD_003623,M07,2025-05-27 22:00:00,Shift 3,OP03,960,911,884,27,31.01
PRD_003624,M07,2025-05-28 06:00:00,Shift 1,OP01,960,917,901,16,31.08
PRD_003625,M07,2025-05-28 14:00:00,Shift 2,OP02,960,883,863,20,31.15
PRD_003626,M07,2025-05-28 22:00:00,Shift 3,OP03,960,918,900,18,31.23
PRD_003627,M07,2025-05-29 06:00:00,Shift 1,OP01,960,904,891,13,31.3
PRD_003628,M07,2025-05-29 14:00:00,Shift 2,OP02,960,885,864,21,31.38
PRD_003629,M07,2025-05-29 22:00:00,Shift 3,OP03,960,912,889,23,31.46
PRD_003630,M07,2025-05-30 06:00:00,Shift 1,OP01,960,894,874,20,31.53
PRD_003631,M07,2025-05-30 14:00:00,Shift 2,OP02,960,867,839,28,31.61
PRD_003632,M07,2025-05-30 22:00:00,Shift 3,OP03,960,907,890,17,31.69
PRD_003633,M07,2025-05-31 06:00:00,Shift 1,OP01,960,876,859,17,31.76
PRD_003634,M07,2025-05-31 14:00:00,Shift 2,OP02,960,866,841,25,31.84
PRD_003635,M07,2025-05-31 22:00:00,Shift 3,OP03,960,860,835,25,31.92
PRD_003636,M07,2025-06-01 06:00:00,Shift 1,OP01,960,860,835,25,31.99
PRD_003637,M07,2025-06-01 14:00:00,Shift 2,OP02,960,857,832,25,32.07
PRD_003638,M07,2025-06-01 22:00:00,Shift 3,OP03,960,893,873,20,32.16
PRD_003639,M07,2025-06-02 06:00:00,Shift 1,OP01,960,890,871,19,32.25
PRD_003640,M07,2025-06-02 14:00:00,Shift 2,OP02,960,880,853,27,32.33
PRD_003641,M07,2025-06-02 22:00:00,Shift 3,OP03,960,869,853,16,32.41
PRD_003642,M07,2025-06-03 06:00:00,Shift 1,OP01,960,844,828,16,32.49
PRD_003643,M07,2025-06-03 14:00:00,Shift 2,OP02,960,875,855,20,32.57
PRD_003644,M07,2025-06-03 22:00:00,Shift 3,OP03,960,847,825,22,32.65
PRD_003645,M07,2025-06-04 06:00:00,Shift 1,OP01,960,837,813,24,32.74
PRD_003646,M07,2025-06-04 14:00:00,Shift 2,OP02,960,868,841,27,32.82
PRD_003647,M07,2025-06-04 22:00:00,Shift 3,OP03,960,872,850,22,32.9
PRD_003648,M07,2025-06-05 06:00:00,Shift 1,OP01,960,871,843,28,32.98
PRD_003649,M07,2025-06-05 14:00:00,Shift 2,OP02,960,840,808,32,33.06
PRD_003650,M07,2025-06-05 22:00:00,Shift 3,OP03,960,864,827,37,33.14
PRD_003651,M07,2025-06-06 06:00:00,Shift 1,OP01,960,845,820,25,33.23
PRD_003652,M07,2025-06-06 14:00:00,Shift 2,OP02,960,838,812,26,33.32
PRD_003653,M07,2025-06-06 22:00:00,Shift 3,OP03,960,861,837,24,33.41
PRD_003654,M07,2025-06-07 06:00:00,Shift 1,OP01,960,825,799,26,33.48
PRD_003655,M07,2025-06-07 14:00:00,Shift 2,OP02,960,826,794,32,33.57
PRD_003656,M07,2025-06-07 22:00:00,Shift 3,OP03,960,831,795,36,33.66
PRD_003657,M07,2025-06-08 06:00:00,Shift 1,OP01,960,818,784,34,33.75
PRD_003658,M07,2025-06-08 14:00:00,Shift 2,OP02,960,830,797,33,33.83
PRD_003659,M07,2025-06-08 22:00:00,Shift 3,OP03,960,834,793,41,33.93
PRD_003660,M07,2025-06-09 06:00:00,Shift 1,OP01,960,814,774,40,34.02
PRD_003661,M07,2025-06-09 14:00:00,Shift 2,OP02,960,808,780,28,34.11
PRD_003662,M07,2025-06-09 22:00:00,Shift 3,OP03,960,826,785,41,34.2
PRD_003663,M07,2025-06-10 06:00:00,Shift 1,OP01,960,807,766,41,34.28
PRD_003664,M07,2025-06-10 14:00:00,Shift 2,OP02,960,836,793,43,34.38
PRD_003665,M07,2025-06-10 22:00:00,Shift 3,OP03,960,797,768,29,34.47
PRD_003666,M07,2025-06-11 06:00:00,Shift 1,OP01,960,828,785,43,34.56
PRD_003667,M07,2025-06-11 14:00:00,Shift 2,OP02,960,802,764,38,34.66
PRD_003668,M07,2025-06-11 22:00:00,Shift 3,OP03,960,826,789,37,34.77
PRD_003669,M07,2025-06-12 06:00:00,Shift 1,OP01,960,792,751,41,34.85
PRD_003670,M07,2025-06-12 14:00:00,Shift 2,OP02,960,820,783,37,34.95
PRD_003671,M07,2025-06-12 22:00:00,Shift 3,OP03,960,790,751,39,35.06
PRD_003672,M07,2025-06-13 06:00:00,Shift 1,OP01,960,786,741,45,35.15
PRD_003673,M07,2025-06-13 14:00:00,Shift 2,OP02,960,778,743,35,35.24
PRD_003674,M07,2025-06-13 22:00:00,Shift 3,OP03,960,778,743,35,35.33
PRD_003675,M07,2025-06-14 06:00:00,Shift 1,OP01,960,811,773,38,35.44
PRD_003676,M07,2025-06-14 14:00:00,Shift 2,OP02,960,805,759,46,35.54
PRD_003677,M07,2025-06-14 22:00:00,Shift 3,OP03,960,799,745,54,35.65
PRD_003678,M07,2025-06-15 06:00:00,Shift 1,OP01,960,776,727,49,35.75
PRD_003679,M07,2025-06-15 14:00:00,Shift 2,OP02,960,770,728,42,35.84
PRD_003680,M07,2025-06-15 22:00:00,Shift 3,OP03,960,764,723,41,35.94
PRD_003681,M07,2025-06-16 06:00:00,Shift 1,OP01,960,786,735,51,36.03
PRD_003682,M07,2025-06-16 14:00:00,Shift 2,OP02,960,765,712,53,36.14
PRD_003683,M07,2025-06-16 22:00:00,Shift 3,OP03,960,769,713,56,36.25
PRD_003684,M07,2025-06-17 06:00:00,Shift 1,OP01,960,770,722,48,36.35
PRD_003685,M07,2025-06-17 14:00:00,Shift 2,OP02,960,784,726,58,36.45
PRD_003686,M07,2025-06-17 22:00:00,Shift 3,OP03,960,763,715,48,36.55
PRD_003687,M07,2025-06-18 06:00:00,Shift 1,OP01,960,748,698,50,36.64
PRD_003688,M07,2025-06-18 14:00:00,Shift 2,OP02,960,749,690,59,36.73
PRD_003689,M07,2025-06-18 22:00:00,Shift 3,OP03,960,774,715,59,36.84
PRD_003690,M07,2025-06-19 06:00:00,Shift 1,OP01,960,754,705,49,36.95
PRD_003691,M07,2025-06-19 14:00:00,Shift 2,OP02,960,763,707,56,37.07
PRD_003692,M07,2025-06-19 22:00:00,Shift 3,OP03,960,751,687,64,37.18
PRD_003693,M07,2025-06-20 06:00:00,Shift 1,OP01,960,750,686,64,37.28
PRD_003694,M07,2025-06-20 14:00:00,Shift 2,OP02,960,739,686,53,37.39
PRD_003695,M07,2025-06-20 22:00:00,Shift 3,OP03,960,763,696,67,37.49
PRD_003696,M07,2025-06-21 06:00:00,Shift 1,OP01,960,729,672,57,37.6
PRD_003697,M07,2025-06-21 14:00:00,Shift 2,OP02,960,727,665,62,37.71
PRD_003698,M07,2025-06-21 22:00:00,Shift 3,OP03,960,751,692,59,37.82
PRD_003699,M07,2025-06-22 06:00:00,Shift 1,OP01,960,726,661,65,37.93
PRD_003700,M07,2025-06-22 14:00:00,Shift 2,OP02,960,734,664,70,38.04
PRD_003701,M07,2025-06-23 14:00:00,Shift 2,OP02,960,925,903,22,30.27
PRD_003702,M07,2025-06-23 22:00:00,Shift 3,OP03,960,939,914,25,30.33
PRD_003703,M07,2025-06-24 06:00:00,Shift 1,OP01,960,938,916,22,30.4
PRD_003704,M07,2025-06-24 14:00:00,Shift 2,OP02,960,936,919,17,30.48
PRD_003705,M07,2025-06-24 22:00:00,Shift 3,OP03,960,895,869,26,30.56
PRD_003706,M07,2025-06-25 06:00:00,Shift 1,OP01,960,907,897,10,30.63
PRD_003707,M07,2025-06-25 14:00:00,Shift 2,OP02,960,913,902,11,30.71
PRD_003708,M07,2025-06-25 22:00:00,Shift 3,OP03,960,912,888,24,30.78
PRD_003709,M07,2025-06-26 06:00:00,Shift 1,OP01,960,924,905,19,30.85
PRD_003710,M07,2025-06-26 14:00:00,Shift 2,OP02,960,928,917,11,30.93
PRD_003711,M07,2025-06-26 22:00:00,Shift 3,OP03,960,902,877,25,31.02
PRD_003712,M07,2025-06-27 06:00:00,Shift 1,OP01,960,908,889,19,31.1
PRD_003713,M07,2025-06-27 14:00:00,Shift 2,OP02,960,884,859,25,31.17
PRD_003714,M07,2025-06-27 22:00:00,Shift 3,OP03,960,898,875,23,31.25
PRD_003715,M07,2025-06-28 06:00:00,Shift 1,OP01,960,889,867,22,31.32
PRD_003716,M07,2025-06-28 14:00:00,Shift 2,OP02,960,903,877,26,31.39
PRD_003717,M07,2025-06-28 22:00:00,Shift 3,OP03,960,906,881,25,31.47
PRD_003718,M07,2025-06-29 06:00:00,Shift 1,OP01,960,885,868,17,31.55
PRD_003719,M07,2025-06-29 14:00:00,Shift 2,OP02,960,902,888,14,31.62
PRD_003720,M07,2025-06-29 22:00:00,Shift 3,OP03,960,889,860,29,31.7
PRD_003721,M08,2025-01-01 06:00:00,Shift 1,OP04,960,914,902,12,30.65
PRD_003722,M08,2025-01-01 14:00:00,Shift 2,OP05,960,915,895,20,30.7
PRD_003723,M08,2025-01-01 22:00:00,Shift 3,OP06,960,914,890,24,30.74
PRD_003724,M08,2025-01-02 06:00:00,Shift 1,OP04,960,890,864,26,30.79
PRD_003725,M08,2025-01-02 14:00:00,Shift 2,OP05,960,918,906,12,30.84
PRD_003726,M08,2025-01-02 22:00:00,Shift 3,OP06,960,918,895,23,30.89
PRD_003727,M08,2025-01-03 06:00:00,Shift 1,OP04,960,892,870,22,30.94
PRD_003728,M08,2025-01-03 14:00:00,Shift 2,OP05,960,899,873,26,30.99
PRD_003729,M08,2025-01-03 22:00:00,Shift 3,OP06,960,910,900,10,31.04
PRD_003730,M08,2025-01-04 06:00:00,Shift 1,OP04,960,895,871,24,31.09
PRD_003731,M08,2025-01-04 14:00:00,Shift 2,OP05,960,884,869,15,31.14
PRD_003732,M08,2025-01-04 22:00:00,Shift 3,OP06,960,904,891,13,31.19
PRD_003733,M08,2025-01-05 06:00:00,Shift 1,OP04,960,906,884,22,31.24
PRD_003734,M08,2025-01-05 14:00:00,Shift 2,OP05,960,908,881,27,31.3
PRD_003735,M08,2025-01-05 22:00:00,Shift 3,OP06,960,887,858,29,31.35
PRD_003736,M08,2025-01-06 06:00:00,Shift 1,OP04,960,879,867,12,31.4
PRD_003737,M08,2025-01-06 14:00:00,Shift 2,OP05,960,899,886,13,31.46
PRD_003738,M08,2025-01-06 22:00:00,Shift 3,OP06,960,880,863,17,31.5
PRD_003739,M08,2025-01-07 06:00:00,Shift 1,OP04,960,888,865,23,31.55
PRD_003740,M08,2025-01-07 14:00:00,Shift 2,OP05,960,874,847,27,31.61
PRD_003741,M08,2025-01-07 22:00:00,Shift 3,OP06,960,886,861,25,31.66
PRD_003742,M08,2025-01-08 06:00:00,Shift 1,OP04,960,896,874,22,31.71
PRD_003743,M08,2025-01-08 14:00:00,Shift 2,OP05,960,880,853,27,31.76
PRD_003744,M08,2025-01-08 22:00:00,Shift 3,OP06,960,904,886,18,31.81
PRD_003745,M08,2025-01-09 06:00:00,Shift 1,OP04,960,891,869,22,31.86
PRD_003746,M08,2025-01-09 14:00:00,Shift 2,OP05,960,902,871,31,31.91
PRD_003747,M08,2025-01-09 22:00:00,Shift 3,OP06,960,860,839,21,31.96
PRD_003748,M08,2025-01-10 06:00:00,Shift 1,OP04,960,863,841,22,32.02
PRD_003749,M08,2025-01-10 14:00:00,Shift 2,OP05,960,886,871,15,32.07
PRD_003750,M08,2025-01-10 22:00:00,Shift 3,OP06,960,852,827,25,32.13
PRD_003751,M08,2025-01-11 06:00:00,Shift 1,OP04,960,884,855,29,32.19
PRD_003752,M08,2025-01-11 14:00:00,Shift 2,OP05,960,858,834,24,32.24
PRD_003753,M08,2025-01-11 22:00:00,Shift 3,OP06,960,887,858,29,32.3
PRD_003754,M08,2025-01-12 06:00:00,Shift 1,OP04,960,854,835,19,32.35
PRD_003755,M08,2025-01-12 14:00:00,Shift 2,OP05,960,844,825,19,32.41
PRD_003756,M08,2025-01-12 22:00:00,Shift 3,OP06,960,881,859,22,32.47
PRD_003757,M08,2025-01-13 06:00:00,Shift 1,OP04,960,856,829,27,32.53
PRD_003758,M08,2025-01-13 14:00:00,Shift 2,OP05,960,874,843,31,32.59
PRD_003759,M08,2025-01-13 22:00:00,Shift 3,OP06,960,845,828,17,32.64
PRD_003760,M08,2025-01-14 06:00:00,Shift 1,OP04,960,868,837,31,32.7
PRD_003761,M08,2025-01-14 14:00:00,Shift 2,OP05,960,867,847,20,32.75
PRD_003762,M08,2025-01-14 22:00:00,Shift 3,OP06,960,853,819,34,32.81
PRD_003763,M08,2025-01-15 06:00:00,Shift 1,OP04,960,843,808,35,32.87
PRD_003764,M08,2025-01-15 14:00:00,Shift 2,OP05,960,832,811,21,32.92
PRD_003765,M08,2025-01-15 22:00:00,Shift 3,OP06,960,866,834,32,32.98
PRD_003766,M08,2025-01-16 06:00:00,Shift 1,OP04,960,857,833,24,33.03
PRD_003767,M08,2025-01-16 14:00:00,Shift 2,OP05,960,868,835,33,33.09
PRD_003768,M08,2025-01-16 22:00:00,Shift 3,OP06,960,837,809,28,33.15
PRD_003769,M08,2025-01-17 06:00:00,Shift 1,OP04,960,860,829,31,33.2
PRD_003770,M08,2025-01-17 14:00:00,Shift 2,OP05,960,840,805,35,33.26
PRD_003771,M08,2025-01-17 22:00:00,Shift 3,OP06,960,855,823,32,33.32
PRD_003772,M08,2025-01-18 06:00:00,Shift 1,OP04,960,860,838,22,33.37
PRD_003773,M08,2025-01-18 14:00:00,Shift 2,OP05,960,836,811,25,33.43
PRD_003774,M08,2025-01-18 22:00:00,Shift 3,OP06,960,831,798,33,33.49
PRD_003775,M08,2025-01-19 06:00:00,Shift 1,OP04,960,828,797,31,33.54
PRD_003776,M08,2025-01-19 14:00:00,Shift 2,OP05,960,851,818,33,33.6
PRD_003777,M08,2025-01-19 22:00:00,Shift 3,OP06,960,821,797,24,33.65
PRD_003778,M08,2025-01-20 06:00:00,Shift 1,OP04,960,838,804,34,33.7
PRD_003779,M08,2025-01-20 14:00:00,Shift 2,OP05,960,845,809,36,33.77
PRD_003780,M08,2025-01-20 22:00:00,Shift 3,OP06,960,848,813,35,33.83
PRD_003781,M08,2025-01-21 06:00:00,Shift 1,OP04,960,808,771,37,33.89
PRD_003782,M08,2025-01-21 14:00:00,Shift 2,OP05,960,816,782,34,33.94
PRD_003783,M08,2025-01-21 22:00:00,Shift 3,OP06,960,836,799,37,34.01
PRD_003784,M08,2025-01-22 06:00:00,Shift 1,OP04,960,813,776,37,34.08
PRD_003785,M08,2025-01-22 14:00:00,Shift 2,OP05,960,839,810,29,34.14
PRD_003786,M08,2025-01-22 22:00:00,Shift 3,OP06,960,826,798,28,34.2
PRD_003787,M08,2025-01-23 06:00:00,Shift 1,OP04,960,811,770,41,34.26
PRD_003788,M08,2025-01-23 14:00:00,Shift 2,OP05,960,824,789,35,34.32
PRD_003789,M08,2025-01-23 22:00:00,Shift 3,OP06,960,831,794,37,34.39
PRD_003790,M08,2025-01-24 06:00:00,Shift 1,OP04,960,799,756,43,34.44
PRD_003791,M08,2025-01-24 14:00:00,Shift 2,OP05,960,793,757,36,34.51
PRD_003792,M08,2025-01-24 22:00:00,Shift 3,OP06,960,829,782,47,34.58
PRD_003793,M08,2025-01-25 06:00:00,Shift 1,OP04,960,808,777,31,34.64
PRD_003794,M08,2025-01-25 14:00:00,Shift 2,OP05,960,797,753,44,34.71
PRD_003795,M08,2025-01-25 22:00:00,Shift 3,OP06,960,787,756,31,34.77
PRD_003796,M08,2025-01-26 06:00:00,Shift 1,OP04,960,815,778,37,34.84
PRD_003797,M08,2025-01-26 14:00:00,Shift 2,OP05,960,798,766,32,34.9
PRD_003798,M08,2025-01-26 22:00:00,Shift 3,OP06,960,790,746,44,34.96
PRD_003799,M08,2025-01-27 06:00:00,Shift 1,OP04,960,789,751,38,35.02
PRD_003800,M08,2025-01-27 14:00:00,Shift 2,OP05,960,808,762,46,35.09
PRD_003801,M08,2025-01-27 22:00:00,Shift 3,OP06,960,798,762,36,35.15
PRD_003802,M08,2025-01-28 06:00:00,Shift 1,OP04,960,815,767,48,35.22
PRD_003803,M08,2025-01-28 14:00:00,Shift 2,OP05,960,792,756,36,35.28
PRD_003804,M08,2025-01-28 22:00:00,Shift 3,OP06,960,806,766,40,35.34
PRD_003805,M08,2025-01-29 06:00:00,Shift 1,OP04,960,807,770,37,35.4
PRD_003806,M08,2025-01-29 14:00:00,Shift 2,OP05,960,802,750,52,35.46
PRD_003807,M08,2025-01-29 22:00:00,Shift 3,OP06,960,797,757,40,35.53
PRD_003808,M08,2025-01-30 06:00:00,Shift 1,OP04,960,803,759,44,35.6
PRD_003809,M08,2025-01-30 14:00:00,Shift 2,OP05,960,768,720,48,35.67
PRD_003810,M08,2025-01-30 22:00:00,Shift 3,OP06,960,799,751,48,35.74
PRD_003811,M08,2025-01-31 06:00:00,Shift 1,OP04,960,769,717,52,35.82
PRD_003812,M08,2025-01-31 14:00:00,Shift 2,OP05,960,769,729,40,35.88
PRD_003813,M08,2025-01-31 22:00:00,Shift 3,OP06,960,788,737,51,35.94
PRD_003814,M08,2025-02-01 06:00:00,Shift 1,OP04,960,798,753,45,36.0
PRD_003815,M08,2025-02-01 14:00:00,Shift 2,OP05,960,777,725,52,36.07
PRD_003816,M08,2025-02-01 22:00:00,Shift 3,OP06,960,796,741,55,36.14
PRD_003817,M08,2025-02-02 06:00:00,Shift 1,OP04,960,762,718,44,36.21
PRD_003818,M08,2025-02-02 14:00:00,Shift 2,OP05,960,769,725,44,36.28
PRD_003819,M08,2025-02-02 22:00:00,Shift 3,OP06,960,789,732,57,36.35
PRD_003820,M08,2025-02-03 06:00:00,Shift 1,OP04,960,762,705,57,36.41
PRD_003821,M08,2025-02-03 14:00:00,Shift 2,OP05,960,761,715,46,36.47
PRD_003822,M08,2025-02-03 22:00:00,Shift 3,OP06,960,761,705,56,36.55
PRD_003823,M08,2025-02-04 06:00:00,Shift 1,OP04,960,776,723,53,36.62
PRD_003824,M08,2025-02-04 14:00:00,Shift 2,OP05,960,776,721,55,36.7
PRD_003825,M08,2025-02-04 22:00:00,Shift 3,OP06,960,753,695,58,36.77
PRD_003826,M08,2025-02-05 06:00:00,Shift 1,OP04,960,762,707,55,36.84
PRD_003827,M08,2025-02-05 14:00:00,Shift 2,OP05,960,762,701,61,36.9
PRD_003828,M08,2025-02-05 22:00:00,Shift 3,OP06,960,758,703,55,36.97
PRD_003829,M08,2025-02-06 06:00:00,Shift 1,OP04,960,766,705,61,37.04
PRD_003830,M08,2025-02-06 14:00:00,Shift 2,OP05,960,766,701,65,37.11
PRD_003831,M08,2025-02-06 22:00:00,Shift 3,OP06,960,774,722,52,37.19
PRD_003832,M08,2025-02-07 06:00:00,Shift 1,OP04,960,762,709,53,37.27
PRD_003833,M08,2025-02-07 14:00:00,Shift 2,OP05,960,736,676,60,37.34
PRD_003834,M08,2025-02-07 22:00:00,Shift 3,OP06,960,765,708,57,37.41
PRD_003835,M08,2025-02-08 06:00:00,Shift 1,OP04,960,760,703,57,37.48
PRD_003836,M08,2025-02-08 14:00:00,Shift 2,OP05,960,766,697,69,37.56
PRD_003837,M08,2025-02-08 22:00:00,Shift 3,OP06,960,755,700,55,37.63
PRD_003838,M08,2025-02-09 06:00:00,Shift 1,OP04,960,755,694,61,37.7
PRD_003839,M08,2025-02-09 14:00:00,Shift 2,OP05,960,734,676,58,37.78
PRD_003840,M08,2025-02-09 22:00:00,Shift 3,OP06,960,756,689,67,37.86
PRD_003841,M08,2025-02-10 06:00:00,Shift 1,OP04,960,736,671,65,37.94
PRD_003842,M08,2025-02-11 06:00:00,Shift 1,OP04,960,931,915,16,30.65
PRD_003843,M08,2025-02-11 14:00:00,Shift 2,OP05,960,908,889,19,30.7
PRD_003844,M08,2025-02-11 22:00:00,Shift 3,OP06,960,923,905,18,30.74
PRD_003845,M08,2025-02-12 06:00:00,Shift 1,OP04,960,925,913,12,30.79
PRD_003846,M08,2025-02-12 14:00:00,Shift 2,OP05,960,930,914,16,30.84
PRD_003847,M08,2025-02-12 22:00:00,Shift 3,OP06,960,888,874,14,30.89
PRD_003848,M08,2025-02-13 06:00:00,Shift 1,OP04,960,896,877,19,30.94
PRD_003849,M08,2025-02-13 14:00:00,Shift 2,OP05,960,918,898,20,30.99
PRD_003850,M08,2025-02-13 22:00:00,Shift 3,OP06,960,926,905,21,31.04
PRD_003851,M08,2025-02-14 06:00:00,Shift 1,OP04,960,885,874,11,31.09
PRD_003852,M08,2025-02-14 14:00:00,Shift 2,OP05,960,892,865,27,31.14
PRD_003853,M08,2025-02-14 22:00:00,Shift 3,OP06,960,922,894,28,31.19
PRD_003854,M08,2025-02-15 06:00:00,Shift 1,OP04,960,875,863,12,31.25
PRD_003855,M08,2025-02-15 14:00:00,Shift 2,OP05,960,907,890,17,31.3
PRD_003856,M08,2025-02-15 22:00:00,Shift 3,OP06,960,886,859,27,31.36
PRD_003857,M08,2025-02-16 06:00:00,Shift 1,OP04,960,901,887,14,31.41
PRD_003858,M08,2025-02-16 14:00:00,Shift 2,OP05,960,900,871,29,31.46
PRD_003859,M08,2025-02-16 22:00:00,Shift 3,OP06,960,872,855,17,31.51
PRD_003860,M08,2025-02-17 06:00:00,Shift 1,OP04,960,871,855,16,31.57
PRD_003861,M08,2025-02-17 14:00:00,Shift 2,OP05,960,902,877,25,31.62
PRD_003862,M08,2025-02-17 22:00:00,Shift 3,OP06,960,888,872,16,31.68
PRD_003863,M08,2025-02-18 06:00:00,Shift 1,OP04,960,871,845,26,31.73
PRD_003864,M08,2025-02-18 14:00:00,Shift 2,OP05,960,869,840,29,31.77
PRD_003865,M08,2025-02-18 22:00:00,Shift 3,OP06,960,899,883,16,31.82
PRD_003866,M08,2025-02-19 06:00:00,Shift 1,OP04,960,889,867,22,31.87
PRD_003867,M08,2025-02-19 14:00:00,Shift 2,OP05,960,899,874,25,31.92
PRD_003868,M08,2025-02-19 22:00:00,Shift 3,OP06,960,876,845,31,31.98
PRD_003869,M08,2025-02-20 06:00:00,Shift 1,OP04,960,871,842,29,32.03
PRD_003870,M08,2025-02-20 14:00:00,Shift 2,OP05,960,854,827,27,32.09
PRD_003871,M08,2025-02-20 22:00:00,Shift 3,OP06,960,870,843,27,32.15
PRD_003872,M08,2025-02-21 06:00:00,Shift 1,OP04,960,863,835,28,32.21
PRD_003873,M08,2025-02-21 14:00:00,Shift 2,OP05,960,882,866,16,32.26
PRD_003874,M08,2025-02-21 22:00:00,Shift 3,OP06,960,856,837,19,32.31
PRD_003875,M08,2025-02-22 06:00:00,Shift 1,OP04,960,862,846,16,32.37
PRD_003876,M08,2025-02-22 14:00:00,Shift 2,OP05,960,852,826,26,32.42
PRD_003877,M08,2025-02-22 22:00:00,Shift 3,OP06,960,880,863,17,32.48
PRD_003878,M08,2025-02-23 06:00:00,Shift 1,OP04,960,861,839,22,32.54
PRD_003879,M08,2025-02-23 14:00:00,Shift 2,OP05,960,869,842,27,32.59
PRD_003880,M08,2025-02-23 22:00:00,Shift 3,OP06,960,849,819,30,32.65
PRD_003881,M08,2025-02-24 06:00:00,Shift 1,OP04,960,837,805,32,32.7
PRD_003882,M08,2025-02-24 14:00:00,Shift 2,OP05,960,842,817,25,32.76
PRD_003883,M08,2025-02-24 22:00:00,Shift 3,OP06,960,867,842,25,32.81
PRD_003884,M08,2025-02-25 06:00:00,Shift 1,OP04,960,852,828,24,32.87
PRD_003885,M08,2025-02-25 14:00:00,Shift 2,OP05,960,863,831,32,32.93
PRD_003886,M08,2025-02-25 22:00:00,Shift 3,OP06,960,866,830,36,32.99
PRD_003887,M08,2025-02-26 06:00:00,Shift 1,OP04,960,856,824,32,33.04
PRD_003888,M08,2025-02-26 14:00:00,Shift 2,OP05,960,852,825,27,33.1
PRD_003889,M08,2025-02-26 22:00:00,Shift 3,OP06,960,826,796,30,33.15
PRD_003890,M08,2025-02-27 06:00:00,Shift 1,OP04,960,850,824,26,33.21
PRD_003891,M08,2025-02-27 14:00:00,Shift 2,OP05,960,839,805,34,33.27
PRD_003892,M08,2025-02-27 22:00:00,Shift 3,OP06,960,844,821,23,33.32
PRD_003893,M08,2025-02-28 06:00:00,Shift 1,OP04,960,859,831,28,33.38
PRD_003894,M08,2025-02-28 14:00:00,Shift 2,OP05,960,832,796,36,33.44
PRD_003895,M08,2025-02-28 22:00:00,Shift 3,OP06,960,824,795,29,33.5
PRD_003896,M08,2025-03-01 06:00:00,Shift 1,OP04,960,821,791,30,33.55
PRD_003897,M08,2025-03-01 14:00:00,Shift 2,OP05,960,819,791,28,33.62
PRD_003898,M08,2025-03-01 22:00:00,Shift 3,OP06,960,817,788,29,33.68
PRD_003899,M08,2025-03-02 06:00:00,Shift 1,OP04,960,813,783,30,33.74
PRD_003900,M08,2025-03-02 14:00:00,Shift 2,OP05,960,831,805,26,33.8
PRD_003901,M08,2025-03-02 22:00:00,Shift 3,OP06,960,828,789,39,33.86
PRD_003902,M08,2025-03-03 06:00:00,Shift 1,OP04,960,823,794,29,33.92
PRD_003903,M08,2025-03-03 14:00:00,Shift 2,OP05,960,814,774,40,33.97
PRD_003904,M08,2025-03-03 22:00:00,Shift 3,OP06,960,825,799,26,34.04
PRD_003905,M08,2025-03-04 06:00:00,Shift 1,OP04,960,805,772,33,34.1
PRD_003906,M08,2025-03-04 14:00:00,Shift 2,OP05,960,837,797,40,34.16
PRD_003907,M08,2025-03-04 22:00:00,Shift 3,OP06,960,836,795,41,34.23
PRD_003908,M08,2025-03-05 06:00:00,Shift 1,OP04,960,804,771,33,34.29
PRD_003909,M08,2025-03-05 14:00:00,Shift 2,OP05,960,834,794,40,34.35
PRD_003910,M08,2025-03-05 22:00:00,Shift 3,OP06,960,824,790,34,34.42
PRD_003911,M08,2025-03-06 06:00:00,Shift 1,OP04,960,816,777,39,34.48
PRD_003912,M08,2025-03-06 14:00:00,Shift 2,OP05,960,817,782,35,34.54
PRD_003913,M08,2025-03-06 22:00:00,Shift 3,OP06,960,793,759,34,34.6
PRD_003914,M08,2025-03-07 06:00:00,Shift 1,OP04,960,789,746,43,34.66
PRD_003915,M08,2025-03-07 14:00:00,Shift 2,OP05,960,800,760,40,34.73
PRD_003916,M08,2025-03-07 22:00:00,Shift 3,OP06,960,827,790,37,34.79
PRD_003917,M08,2025-03-08 06:00:00,Shift 1,OP04,960,823,787,36,34.86
PRD_003918,M08,2025-03-08 14:00:00,Shift 2,OP05,960,795,762,33,34.92
PRD_003919,M08,2025-03-08 22:00:00,Shift 3,OP06,960,795,756,39,34.98
PRD_003920,M08,2025-03-09 06:00:00,Shift 1,OP04,960,789,755,34,35.05
PRD_003921,M08,2025-03-09 14:00:00,Shift 2,OP05,960,818,781,37,35.11
PRD_003922,M08,2025-03-09 22:00:00,Shift 3,OP06,960,816,779,37,35.17
PRD_003923,M08,2025-03-10 06:00:00,Shift 1,OP04,960,795,756,39,35.24
PRD_003924,M08,2025-03-10 14:00:00,Shift 2,OP05,960,780,732,48,35.31
PRD_003925,M08,2025-03-10 22:00:00,Shift 3,OP06,960,776,732,44,35.37
PRD_003926,M08,2025-03-11 06:00:00,Shift 1,OP04,960,773,728,45,35.44
PRD_003927,M08,2025-03-11 14:00:00,Shift 2,OP05,960,808,764,44,35.5
PRD_003928,M08,2025-03-11 22:00:00,Shift 3,OP06,960,803,760,43,35.57
PRD_003929,M08,2025-03-12 06:00:00,Shift 1,OP04,960,805,764,41,35.63
PRD_003930,M08,2025-03-12 14:00:00,Shift 2,OP05,960,784,745,39,35.7
PRD_003931,M08,2025-03-12 22:00:00,Shift 3,OP06,960,780,731,49,35.76
PRD_003932,M08,2025-03-13 06:00:00,Shift 1,OP04,960,798,750,48,35.83
PRD_003933,M08,2025-03-13 14:00:00,Shift 2,OP05,960,772,727,45,35.89
PRD_003934,M08,2025-03-13 22:00:00,Shift 3,OP06,960,764,715,49,35.96
PRD_003935,M08,2025-03-14 06:00:00,Shift 1,OP04,960,760,716,44,36.03
PRD_003936,M08,2025-03-14 14:00:00,Shift 2,OP05,960,775,726,49,36.09
PRD_003937,M08,2025-03-14 22:00:00,Shift 3,OP06,960,759,717,42,36.16
PRD_003938,M08,2025-03-15 06:00:00,Shift 1,OP04,960,792,749,43,36.23
PRD_003939,M08,2025-03-15 14:00:00,Shift 2,OP05,960,755,704,51,36.3
PRD_003940,M08,2025-03-15 22:00:00,Shift 3,OP06,960,776,720,56,36.37
PRD_003941,M08,2025-03-16 06:00:00,Shift 1,OP04,960,752,696,56,36.44
PRD_003942,M08,2025-03-16 14:00:00,Shift 2,OP05,960,768,721,47,36.51
PRD_003943,M08,2025-03-16 22:00:00,Shift 3,OP06,960,751,693,58,36.58
PRD_003944,M08,2025-03-17 06:00:00,Shift 1,OP04,960,761,712,49,36.64
PRD_003945,M08,2025-03-17 14:00:00,Shift 2,OP05,960,775,719,56,36.71
PRD_003946,M08,2025-03-17 22:00:00,Shift 3,OP06,960,771,722,49,36.78
PRD_003947,M08,2025-03-18 06:00:00,Shift 1,OP04,960,770,719,51,36.86
PRD_003948,M08,2025-03-18 14:00:00,Shift 2,OP05,960,757,701,56,36.92
PRD_003949,M08,2025-03-18 22:00:00,Shift 3,OP06,960,769,710,59,36.99
PRD_003950,M08,2025-03-19 06:00:00,Shift 1,OP04,960,742,684,58,37.06
PRD_003951,M08,2025-03-19 14:00:00,Shift 2,OP05,960,742,691,51,37.13
PRD_003952,M08,2025-03-19 22:00:00,Shift 3,OP06,960,760,701,59,37.2
PRD_003953,M08,2025-03-20 06:00:00,Shift 1,OP04,960,757,699,58,37.27
PRD_003954,M08,2025-03-20 14:00:00,Shift 2,OP05,960,755,690,65,37.34
PRD_003955,M08,2025-03-20 22:00:00,Shift 3,OP06,960,764,706,58,37.41
PRD_003956,M08,2025-03-21 06:00:00,Shift 1,OP04,960,762,708,54,37.49
PRD_003957,M08,2025-03-21 14:00:00,Shift 2,OP05,960,756,691,65,37.56
PRD_003958,M08,2025-03-21 22:00:00,Shift 3,OP06,960,735,678,57,37.63
PRD_003959,M08,2025-03-22 06:00:00,Shift 1,OP04,960,733,670,63,37.71
PRD_003960,M08,2025-03-22 14:00:00,Shift 2,OP05,960,748,684,64,37.79
PRD_003961,M08,2025-03-22 22:00:00,Shift 3,OP06,960,742,676,66,37.86
PRD_003962,M08,2025-03-23 06:00:00,Shift 1,OP04,960,747,677,70,37.93
PRD_003963,M08,2025-03-23 14:00:00,Shift 2,OP05,960,738,667,71,38.01
PRD_003964,M08,2025-03-23 22:00:00,Shift 3,OP06,960,722,657,65,38.08
PRD_003965,M08,2025-03-24 14:00:00,Shift 2,OP05,960,907,891,16,30.41
PRD_003966,M08,2025-03-24 22:00:00,Shift 3,OP06,960,936,926,10,30.46
PRD_003967,M08,2025-03-25 06:00:00,Shift 1,OP04,960,900,885,15,30.5
PRD_003968,M08,2025-03-25 14:00:00,Shift 2,OP05,960,912,886,26,30.55
PRD_003969,M08,2025-03-25 22:00:00,Shift 3,OP06,960,929,915,14,30.6
PRD_003970,M08,2025-03-26 06:00:00,Shift 1,OP04,960,902,876,26,30.64
PRD_003971,M08,2025-03-26 14:00:00,Shift 2,OP05,960,898,880,18,30.69
PRD_003972,M08,2025-03-26 22:00:00,Shift 3,OP06,960,916,891,25,30.74
PRD_003973,M08,2025-03-27 06:00:00,Shift 1,OP04,960,900,877,23,30.79
PRD_003974,M08,2025-03-27 14:00:00,Shift 2,OP05,960,925,902,23,30.84
PRD_003975,M08,2025-03-27 22:00:00,Shift 3,OP06,960,890,865,25,30.89
PRD_003976,M08,2025-03-28 06:00:00,Shift 1,OP04,960,924,914,10,30.94
PRD_003977,M08,2025-03-28 14:00:00,Shift 2,OP05,960,921,897,24,30.99
PRD_003978,M08,2025-03-28 22:00:00,Shift 3,OP06,960,901,885,16,31.04
PRD_003979,M08,2025-03-29 06:00:00,Shift 1,OP04,960,913,897,16,31.08
PRD_003980,M08,2025-03-29 14:00:00,Shift 2,OP05,960,895,882,13,31.13
PRD_003981,M08,2025-03-29 22:00:00,Shift 3,OP06,960,913,900,13,31.18
PRD_003982,M08,2025-03-30 06:00:00,Shift 1,OP04,960,884,859,25,31.22
PRD_003983,M08,2025-03-30 14:00:00,Shift 2,OP05,960,902,878,24,31.28
PRD_003984,M08,2025-03-30 22:00:00,Shift 3,OP06,960,897,869,28,31.33
PRD_003985,M08,2025-03-31 06:00:00,Shift 1,OP04,960,907,892,15,31.38
PRD_003986,M08,2025-03-31 14:00:00,Shift 2,OP05,960,909,884,25,31.44
PRD_003987,M08,2025-03-31 22:00:00,Shift 3,OP06,960,913,901,12,31.48
PRD_003988,M08,2025-04-01 06:00:00,Shift 1,OP04,960,904,887,17,31.54
PRD_003989,M08,2025-04-01 14:00:00,Shift 2,OP05,960,893,869,24,31.59
PRD_003990,M08,2025-04-01 22:00:00,Shift 3,OP06,960,904,882,22,31.64
PRD_003991,M08,2025-04-02 06:00:00,Shift 1,OP04,960,893,880,13,31.69
PRD_003992,M08,2025-04-02 14:00:00,Shift 2,OP05,960,888,858,30,31.74
PRD_003993,M08,2025-04-02 22:00:00,Shift 3,OP06,960,872,843,29,31.79
PRD_003994,M08,2025-04-03 06:00:00,Shift 1,OP04,960,876,856,20,31.84
PRD_003995,M08,2025-04-03 14:00:00,Shift 2,OP05,960,881,854,27,31.9
PRD_003996,M08,2025-04-03 22:00:00,Shift 3,OP06,960,897,879,18,31.95
PRD_003997,M08,2025-04-04 06:00:00,Shift 1,OP04,960,871,846,25,32.0
PRD_003998,M08,2025-04-04 14:00:00,Shift 2,OP05,960,870,852,18,32.05
PRD_003999,M08,2025-04-04 22:00:00,Shift 3,OP06,960,890,861,29,32.1
PRD_004000,M08,2025-04-05 06:00:00,Shift 1,OP04,960,868,842,26,32.15
PRD_004001,M08,2025-04-05 14:00:00,Shift 2,OP05,960,857,832,25,32.21
PRD_004002,M08,2025-04-05 22:00:00,Shift 3,OP06,960,881,856,25,32.26
PRD_004003,M08,2025-04-06 06:00:00,Shift 1,OP04,960,867,835,32,32.31
PRD_004004,M08,2025-04-06 14:00:00,Shift 2,OP05,960,872,850,22,32.36
PRD_004005,M08,2025-04-06 22:00:00,Shift 3,OP06,960,879,850,29,32.42
PRD_004006,M08,2025-04-07 06:00:00,Shift 1,OP04,960,873,848,25,32.47
PRD_004007,M08,2025-04-07 14:00:00,Shift 2,OP05,960,856,835,21,32.52
PRD_004008,M08,2025-04-07 22:00:00,Shift 3,OP06,960,864,834,30,32.58
PRD_004009,M08,2025-04-08 06:00:00,Shift 1,OP04,960,853,832,21,32.64
PRD_004010,M08,2025-04-08 14:00:00,Shift 2,OP05,960,845,824,21,32.69
PRD_004011,M08,2025-04-08 22:00:00,Shift 3,OP06,960,863,840,23,32.75
PRD_004012,M08,2025-04-09 06:00:00,Shift 1,OP04,960,848,815,33,32.8
PRD_004013,M08,2025-04-09 14:00:00,Shift 2,OP05,960,862,839,23,32.86
PRD_004014,M08,2025-04-09 22:00:00,Shift 3,OP06,960,832,814,18,32.92
PRD_004015,M08,2025-04-10 06:00:00,Shift 1,OP04,960,865,841,24,32.98
PRD_004016,M08,2025-04-10 14:00:00,Shift 2,OP05,960,832,802,30,33.03
PRD_004017,M08,2025-04-10 22:00:00,Shift 3,OP06,960,846,820,26,33.1
PRD_004018,M08,2025-04-11 06:00:00,Shift 1,OP04,960,856,819,37,33.15
PRD_004019,M08,2025-04-11 14:00:00,Shift 2,OP05,960,855,833,22,33.21
PRD_004020,M08,2025-04-11 22:00:00,Shift 3,OP06,960,855,822,33,33.27
PRD_004021,M08,2025-04-12 06:00:00,Shift 1,OP04,960,835,811,24,33.32
PRD_004022,M08,2025-04-12 14:00:00,Shift 2,OP05,960,851,826,25,33.38
PRD_004023,M08,2025-04-12 22:00:00,Shift 3,OP06,960,841,816,25,33.43
PRD_004024,M08,2025-04-13 06:00:00,Shift 1,OP04,960,852,827,25,33.49
PRD_004025,M08,2025-04-13 14:00:00,Shift 2,OP05,960,819,790,29,33.54
PRD_004026,M08,2025-04-13 22:00:00,Shift 3,OP06,960,851,822,29,33.6
PRD_004027,M08,2025-04-14 06:00:00,Shift 1,OP04,960,821,793,28,33.66
PRD_004028,M08,2025-04-14 14:00:00,Shift 2,OP05,960,814,780,34,33.72
PRD_004029,M08,2025-04-14 22:00:00,Shift 3,OP06,960,845,816,29,33.78
PRD_004030,M08,2025-04-15 06:00:00,Shift 1,OP04,960,816,792,24,33.83
PRD_004031,M08,2025-04-15 14:00:00,Shift 2,OP05,960,835,803,32,33.89
PRD_004032,M08,2025-04-15 22:00:00,Shift 3,OP06,960,837,805,32,33.95
PRD_004033,M08,2025-04-16 06:00:00,Shift 1,OP04,960,837,795,42,34.02
PRD_004034,M08,2025-04-16 14:00:00,Shift 2,OP05,960,823,788,35,34.08
PRD_004035,M08,2025-04-16 22:00:00,Shift 3,OP06,960,807,781,26,34.14
PRD_004036,M08,2025-04-17 06:00:00,Shift 1,OP04,960,819,779,40,34.2
PRD_004037,M08,2025-04-17 14:00:00,Shift 2,OP05,960,823,794,29,34.27
PRD_004038,M08,2025-04-17 22:00:00,Shift 3,OP06,960,821,782,39,34.34
PRD_004039,M08,2025-04-18 06:00:00,Shift 1,OP04,960,808,766,42,34.4
PRD_004040,M08,2025-04-18 14:00:00,Shift 2,OP05,960,828,798,30,34.47
PRD_004041,M08,2025-04-18 22:00:00,Shift 3,OP06,960,806,762,44,34.53
PRD_004042,M08,2025-04-19 06:00:00,Shift 1,OP04,960,812,778,34,34.59
PRD_004043,M08,2025-04-19 14:00:00,Shift 2,OP05,960,826,786,40,34.66
PRD_004044,M08,2025-04-19 22:00:00,Shift 3,OP06,960,799,761,38,34.73
PRD_004045,M08,2025-04-20 06:00:00,Shift 1,OP04,960,818,776,42,34.79
PRD_004046,M08,2025-04-20 14:00:00,Shift 2,OP05,960,824,786,38,34.86
PRD_004047,M08,2025-04-20 22:00:00,Shift 3,OP06,960,784,747,37,34.93
PRD_004048,M08,2025-04-21 06:00:00,Shift 1,OP04,960,805,772,33,34.99
PRD_004049,M08,2025-04-21 14:00:00,Shift 2,OP05,960,805,768,37,35.05
PRD_004050,M08,2025-04-21 22:00:00,Shift 3,OP06,960,817,781,36,35.11
PRD_004051,M08,2025-04-22 06:00:00,Shift 1,OP04,960,792,752,40,35.18
PRD_004052,M08,2025-04-22 14:00:00,Shift 2,OP05,960,780,742,38,35.24
PRD_004053,M08,2025-04-22 22:00:00,Shift 3,OP06,960,794,758,36,35.31
PRD_004054,M08,2025-04-23 06:00:00,Shift 1,OP04,960,780,734,46,35.37
PRD_004055,M08,2025-04-23 14:00:00,Shift 2,OP05,960,775,734,41,35.44
PRD_004056,M08,2025-04-23 22:00:00,Shift 3,OP06,960,803,751,52,35.51
PRD_004057,M08,2025-04-24 06:00:00,Shift 1,OP04,960,801,759,42,35.58
PRD_004058,M08,2025-04-24 14:00:00,Shift 2,OP05,960,804,758,46,35.64
PRD_004059,M08,2025-04-24 22:00:00,Shift 3,OP06,960,769,728,41,35.71
PRD_004060,M08,2025-04-25 06:00:00,Shift 1,OP04,960,769,716,53,35.78
PRD_004061,M08,2025-04-25 14:00:00,Shift 2,OP05,960,767,723,44,35.85
PRD_004062,M08,2025-04-25 22:00:00,Shift 3,OP06,960,774,722,52,35.92
PRD_004063,M08,2025-04-26 06:00:00,Shift 1,OP04,960,794,740,54,35.98
PRD_004064,M08,2025-04-26 14:00:00,Shift 2,OP05,960,765,716,49,36.05
PRD_004065,M08,2025-04-26 22:00:00,Shift 3,OP06,960,783,738,45,36.12
PRD_004066,M08,2025-04-27 06:00:00,Shift 1,OP04,960,769,713,56,36.18
PRD_004067,M08,2025-04-27 14:00:00,Shift 2,OP05,960,794,747,47,36.25
PRD_004068,M08,2025-04-27 22:00:00,Shift 3,OP06,960,762,707,55,36.32
PRD_004069,M08,2025-04-28 06:00:00,Shift 1,OP04,960,781,727,54,36.39
PRD_004070,M08,2025-04-28 14:00:00,Shift 2,OP05,960,766,716,50,36.46
PRD_004071,M08,2025-04-28 22:00:00,Shift 3,OP06,960,750,693,57,36.54
PRD_004072,M08,2025-04-29 06:00:00,Shift 1,OP04,960,772,719,53,36.62
PRD_004073,M08,2025-04-29 14:00:00,Shift 2,OP05,960,767,716,51,36.69
PRD_004074,M08,2025-04-29 22:00:00,Shift 3,OP06,960,761,714,47,36.76
PRD_004075,M08,2025-04-30 06:00:00,Shift 1,OP04,960,772,712,60,36.84
PRD_004076,M08,2025-04-30 14:00:00,Shift 2,OP05,960,772,713,59,36.91
PRD_004077,M08,2025-04-30 22:00:00,Shift 3,OP06,960,771,717,54,36.99
PRD_004078,M08,2025-05-01 06:00:00,Shift 1,OP04,960,765,706,59,37.06
PRD_004079,M08,2025-05-01 14:00:00,Shift 2,OP05,960,770,709,61,37.12
PRD_004080,M08,2025-05-01 22:00:00,Shift 3,OP06,960,773,719,54,37.19
PRD_004081,M08,2025-05-02 06:00:00,Shift 1,OP04,960,758,699,59,37.27
PRD_004082,M08,2025-05-02 14:00:00,Shift 2,OP05,960,766,702,64,37.34
PRD_004083,M08,2025-05-02 22:00:00,Shift 3,OP06,960,750,688,62,37.42
PRD_004084,M08,2025-05-03 06:00:00,Shift 1,OP04,960,745,683,62,37.49
PRD_004085,M08,2025-05-03 14:00:00,Shift 2,OP05,960,745,683,62,37.57
PRD_004086,M08,2025-05-03 22:00:00,Shift 3,OP06,960,731,676,55,37.64
PRD_004087,M08,2025-05-04 06:00:00,Shift 1,OP04,960,739,674,65,37.72
PRD_004088,M08,2025-05-04 14:00:00,Shift 2,OP05,960,753,685,68,37.79
PRD_004089,M08,2025-05-04 22:00:00,Shift 3,OP06,960,740,682,58,37.86
PRD_004090,M08,2025-05-05 06:00:00,Shift 1,OP04,960,749,685,64,37.93
PRD_004091,M08,2025-05-06 14:00:00,Shift 2,OP05,960,932,919,13,30.49
PRD_004092,M08,2025-05-06 22:00:00,Shift 3,OP06,960,929,907,22,30.54
PRD_004093,M08,2025-05-07 06:00:00,Shift 1,OP04,960,897,871,26,30.59
PRD_004094,M08,2025-05-07 14:00:00,Shift 2,OP05,960,903,889,14,30.64
PRD_004095,M08,2025-05-07 22:00:00,Shift 3,OP06,960,930,915,15,30.69
PRD_004096,M08,2025-05-08 06:00:00,Shift 1,OP04,960,925,912,13,30.74
PRD_004097,M08,2025-05-08 14:00:00,Shift 2,OP05,960,891,876,15,30.79
PRD_004098,M08,2025-05-08 22:00:00,Shift 3,OP06,960,900,878,22,30.84
PRD_004099,M08,2025-05-09 06:00:00,Shift 1,OP04,960,927,914,13,30.89
PRD_004100,M08,2025-05-09 14:00:00,Shift 2,OP05,960,926,904,22,30.94
PRD_004101,M08,2025-05-09 22:00:00,Shift 3,OP06,960,913,892,21,30.98
PRD_004102,M08,2025-05-10 06:00:00,Shift 1,OP04,960,919,906,13,31.03
PRD_004103,M08,2025-05-10 14:00:00,Shift 2,OP05,960,890,878,12,31.09
PRD_004104,M08,2025-05-10 22:00:00,Shift 3,OP06,960,911,888,23,31.14
PRD_004105,M08,2025-05-11 06:00:00,Shift 1,OP04,960,902,887,15,31.19
PRD_004106,M08,2025-05-11 14:00:00,Shift 2,OP05,960,892,870,22,31.24
PRD_004107,M08,2025-05-11 22:00:00,Shift 3,OP06,960,886,870,16,31.29
PRD_004108,M08,2025-05-12 06:00:00,Shift 1,OP04,960,918,896,22,31.34
PRD_004109,M08,2025-05-12 14:00:00,Shift 2,OP05,960,901,884,17,31.39
PRD_004110,M08,2025-05-12 22:00:00,Shift 3,OP06,960,896,869,27,31.44
PRD_004111,M08,2025-05-13 06:00:00,Shift 1,OP04,960,882,861,21,31.5
PRD_004112,M08,2025-05-13 14:00:00,Shift 2,OP05,960,889,870,19,31.54
PRD_004113,M08,2025-05-13 22:00:00,Shift 3,OP06,960,901,878,23,31.59
PRD_004114,M08,2025-05-14 06:00:00,Shift 1,OP04,960,880,852,28,31.65
PRD_004115,M08,2025-05-14 14:00:00,Shift 2,OP05,960,883,854,29,31.7
PRD_004116,M08,2025-05-14 22:00:00,Shift 3,OP06,960,893,870,23,31.75
PRD_004117,M08,2025-05-15 06:00:00,Shift 1,OP04,960,884,864,20,31.8
PRD_004118,M08,2025-05-15 14:00:00,Shift 2,OP05,960,881,853,28,31.86
PRD_004119,M08,2025-05-15 22:00:00,Shift 3,OP06,960,879,856,23,31.91
PRD_004120,M08,2025-05-16 06:00:00,Shift 1,OP04,960,900,873,27,31.96
PRD_004121,M08,2025-05-16 14:00:00,Shift 2,OP05,960,889,863,26,32.02
PRD_004122,M08,2025-05-16 22:00:00,Shift 3,OP06,960,873,849,24,32.08
PRD_004123,M08,2025-05-17 06:00:00,Shift 1,OP04,960,883,855,28,32.13
PRD_004124,M08,2025-05-17 14:00:00,Shift 2,OP05,960,863,838,25,32.18
PRD_004125,M08,2025-05-17 22:00:00,Shift 3,OP06,960,875,856,19,32.24
PRD_004126,M08,2025-05-18 06:00:00,Shift 1,OP04,960,879,856,23,32.29
PRD_004127,M08,2025-05-18 14:00:00,Shift 2,OP05,960,877,854,23,32.34
PRD_004128,M08,2025-05-18 22:00:00,Shift 3,OP06,960,857,836,21,32.4
PRD_004129,M08,2025-05-19 06:00:00,Shift 1,OP04,960,872,841,31,32.45
PRD_004130,M08,2025-05-19 14:00:00,Shift 2,OP05,960,864,835,29,32.5
PRD_004131,M08,2025-05-19 22:00:00,Shift 3,OP06,960,882,855,27,32.56
PRD_004132,M08,2025-05-20 06:00:00,Shift 1,OP04,960,875,856,19,32.6
PRD_004133,M08,2025-05-20 14:00:00,Shift 2,OP05,960,861,832,29,32.66
PRD_004134,M08,2025-05-20 22:00:00,Shift 3,OP06,960,849,831,18,32.71
PRD_004135,M08,2025-05-21 06:00:00,Shift 1,OP04,960,878,843,35,32.76
PRD_004136,M08,2025-05-21 14:00:00,Shift 2,OP05,960,873,854,19,32.82
PRD_004137,M08,2025-05-21 22:00:00,Shift 3,OP06,960,863,829,34,32.88
PRD_004138,M08,2025-05-22 06:00:00,Shift 1,OP04,960,871,838,33,32.94
PRD_004139,M08,2025-05-22 14:00:00,Shift 2,OP05,960,858,835,23,32.99
PRD_004140,M08,2025-05-22 22:00:00,Shift 3,OP06,960,855,824,31,33.06
PRD_004141,M08,2025-05-23 06:00:00,Shift 1,OP04,960,857,835,22,33.11
PRD_004142,M08,2025-05-23 14:00:00,Shift 2,OP05,960,858,829,29,33.16
PRD_004143,M08,2025-05-23 22:00:00,Shift 3,OP06,960,861,827,34,33.23
PRD_004144,M08,2025-05-24 06:00:00,Shift 1,OP04,960,846,823,23,33.29
PRD_004145,M08,2025-05-24 14:00:00,Shift 2,OP05,960,851,814,37,33.34
PRD_004146,M08,2025-05-24 22:00:00,Shift 3,OP06,960,843,816,27,33.4
PRD_004147,M08,2025-05-25 06:00:00,Shift 1,OP04,960,853,814,39,33.46
PRD_004148,M08,2025-05-25 14:00:00,Shift 2,OP05,960,830,796,34,33.52
PRD_004149,M08,2025-05-25 22:00:00,Shift 3,OP06,960,821,785,36,33.58
PRD_004150,M08,2025-05-26 06:00:00,Shift 1,OP04,960,844,815,29,33.64
PRD_004151,M08,2025-05-26 14:00:00,Shift 2,OP05,960,837,800,37,33.7
PRD_004152,M08,2025-05-26 22:00:00,Shift 3,OP06,960,829,790,39,33.75
PRD_004153,M08,2025-05-27 06:00:00,Shift 1,OP04,960,835,809,26,33.81
PRD_004154,M08,2025-05-27 14:00:00,Shift 2,OP05,960,824,798,26,33.87
PRD_004155,M08,2025-05-27 22:00:00,Shift 3,OP06,960,820,782,38,33.93
PRD_004156,M08,2025-05-28 06:00:00,Shift 1,OP04,960,840,809,31,33.99
PRD_004157,M08,2025-05-28 14:00:00,Shift 2,OP05,960,823,788,35,34.05
PRD_004158,M08,2025-05-28 22:00:00,Shift 3,OP06,960,808,782,26,34.11
PRD_004159,M08,2025-05-29 06:00:00,Shift 1,OP04,960,803,777,26,34.17
PRD_004160,M08,2025-05-29 14:00:00,Shift 2,OP05,960,819,778,41,34.23
PRD_004161,M08,2025-05-29 22:00:00,Shift 3,OP06,960,815,777,38,34.29
PRD_004162,M08,2025-05-30 06:00:00,Shift 1,OP04,960,805,767,38,34.36
PRD_004163,M08,2025-05-30 14:00:00,Shift 2,OP05,960,822,784,38,34.42
PRD_004164,M08,2025-05-30 22:00:00,Shift 3,OP06,960,826,786,40,34.48
PRD_004165,M08,2025-05-31 06:00:00,Shift 1,OP04,960,825,782,43,34.54
PRD_004166,M08,2025-05-31 14:00:00,Shift 2,OP05,960,791,761,30,34.6
PRD_004167,M08,2025-05-31 22:00:00,Shift 3,OP06,960,790,750,40,34.67
PRD_004168,M08,2025-06-01 06:00:00,Shift 1,OP04,960,829,795,34,34.74
PRD_004169,M08,2025-06-01 14:00:00,Shift 2,OP05,960,798,761,37,34.8
PRD_004170,M08,2025-06-01 22:00:00,Shift 3,OP06,960,806,765,41,34.86
PRD_004171,M08,2025-06-02 06:00:00,Shift 1,OP04,960,799,755,44,34.92
PRD_004172,M08,2025-06-02 14:00:00,Shift 2,OP05,960,804,758,46,34.98
PRD_004173,M08,2025-06-02 22:00:00,Shift 3,OP06,960,802,763,39,35.05
PRD_004174,M08,2025-06-03 06:00:00,Shift 1,OP04,960,806,757,49,35.11
PRD_004175,M08,2025-06-03 14:00:00,Shift 2,OP05,960,785,739,46,35.17
PRD_004176,M08,2025-06-03 22:00:00,Shift 3,OP06,960,803,753,50,35.23
PRD_004177,M08,2025-06-04 06:00:00,Shift 1,OP04,960,785,736,49,35.29
PRD_004178,M08,2025-06-04 14:00:00,Shift 2,OP05,960,784,739,45,35.36
PRD_004179,M08,2025-06-04 22:00:00,Shift 3,OP06,960,785,746,39,35.42
PRD_004180,M08,2025-06-05 06:00:00,Shift 1,OP04,960,799,751,48,35.48
PRD_004181,M08,2025-06-05 14:00:00,Shift 2,OP05,960,797,748,49,35.54
PRD_004182,M08,2025-06-05 22:00:00,Shift 3,OP06,960,788,739,49,35.61
PRD_004183,M08,2025-06-06 06:00:00,Shift 1,OP04,960,768,720,48,35.68
PRD_004184,M08,2025-06-06 14:00:00,Shift 2,OP05,960,776,737,39,35.75
PRD_004185,M08,2025-06-06 22:00:00,Shift 3,OP06,960,770,731,39,35.81
PRD_004186,M08,2025-06-07 06:00:00,Shift 1,OP04,960,778,731,47,35.87
PRD_004187,M08,2025-06-07 14:00:00,Shift 2,OP05,960,801,757,44,35.94
PRD_004188,M08,2025-06-07 22:00:00,Shift 3,OP06,960,789,745,44,36.0
PRD_004189,M08,2025-06-08 06:00:00,Shift 1,OP04,960,789,735,54,36.07
PRD_004190,M08,2025-06-08 14:00:00,Shift 2,OP05,960,761,710,51,36.15
PRD_004191,M08,2025-06-08 22:00:00,Shift 3,OP06,960,776,733,43,36.22
PRD_004192,M08,2025-06-09 06:00:00,Shift 1,OP04,960,769,712,57,36.29
PRD_004193,M08,2025-06-09 14:00:00,Shift 2,OP05,960,791,744,47,36.36
PRD_004194,M08,2025-06-09 22:00:00,Shift 3,OP06,960,763,714,49,36.43
PRD_004195,M08,2025-06-10 06:00:00,Shift 1,OP04,960,750,706,44,36.5
PRD_004196,M08,2025-06-10 14:00:00,Shift 2,OP05,960,763,717,46,36.56
PRD_004197,M08,2025-06-10 22:00:00,Shift 3,OP06,960,775,713,62,36.64
PRD_004198,M08,2025-06-11 06:00:00,Shift 1,OP04,960,762,709,53,36.71
PRD_004199,M08,2025-06-11 14:00:00,Shift 2,OP05,960,772,717,55,36.79
PRD_004200,M08,2025-06-11 22:00:00,Shift 3,OP06,960,761,706,55,36.85
PRD_004201,M08,2025-06-12 06:00:00,Shift 1,OP04,960,773,713,60,36.92
PRD_004202,M08,2025-06-12 14:00:00,Shift 2,OP05,960,773,716,57,36.99
PRD_004203,M08,2025-06-12 22:00:00,Shift 3,OP06,960,758,699,59,37.06
PRD_004204,M08,2025-06-13 06:00:00,Shift 1,OP04,960,770,708,62,37.13
PRD_004205,M08,2025-06-13 14:00:00,Shift 2,OP05,960,771,712,59,37.2
PRD_004206,M08,2025-06-13 22:00:00,Shift 3,OP06,960,743,683,60,37.27
PRD_004207,M08,2025-06-14 06:00:00,Shift 1,OP04,960,759,701,58,37.34
PRD_004208,M08,2025-06-14 14:00:00,Shift 2,OP05,960,748,691,57,37.4
PRD_004209,M08,2025-06-14 22:00:00,Shift 3,OP06,960,751,689,62,37.48
PRD_004210,M08,2025-06-15 06:00:00,Shift 1,OP04,960,750,691,59,37.55
PRD_004211,M08,2025-06-15 14:00:00,Shift 2,OP05,960,739,684,55,37.62
PRD_004212,M08,2025-06-15 22:00:00,Shift 3,OP06,960,739,676,63,37.7
PRD_004213,M08,2025-06-16 06:00:00,Shift 1,OP04,960,732,667,65,37.78
PRD_004214,M08,2025-06-16 14:00:00,Shift 2,OP05,960,729,672,57,37.85
PRD_004215,M08,2025-06-16 22:00:00,Shift 3,OP06,960,741,681,60,37.92
PRD_004216,M08,2025-06-17 06:00:00,Shift 1,OP04,960,723,657,66,38.0
PRD_004217,M08,2025-06-17 14:00:00,Shift 2,OP05,960,721,659,62,38.08
PRD_004218,M08,2025-06-18 06:00:00,Shift 1,OP04,960,903,881,22,30.33
PRD_004219,M08,2025-06-18 14:00:00,Shift 2,OP05,960,942,923,19,30.38
PRD_004220,M08,2025-06-18 22:00:00,Shift 3,OP06,960,944,922,22,30.43
PRD_004221,M08,2025-06-19 06:00:00,Shift 1,OP04,960,908,884,24,30.48
PRD_004222,M08,2025-06-19 14:00:00,Shift 2,OP05,960,906,889,17,30.53
PRD_004223,M08,2025-06-19 22:00:00,Shift 3,OP06,960,928,907,21,30.58
PRD_004224,M08,2025-06-20 06:00:00,Shift 1,OP04,960,936,923,13,30.62
PRD_004225,M08,2025-06-20 14:00:00,Shift 2,OP05,960,938,910,28,30.67
PRD_004226,M08,2025-06-20 22:00:00,Shift 3,OP06,960,931,916,15,30.72
PRD_004227,M08,2025-06-21 06:00:00,Shift 1,OP04,960,929,902,27,30.76
PRD_004228,M08,2025-06-21 14:00:00,Shift 2,OP05,960,891,867,24,30.81
PRD_004229,M08,2025-06-21 22:00:00,Shift 3,OP06,960,923,908,15,30.86
PRD_004230,M08,2025-06-22 06:00:00,Shift 1,OP04,960,885,860,25,30.9
PRD_004231,M08,2025-06-22 14:00:00,Shift 2,OP05,960,906,890,16,30.95
PRD_004232,M08,2025-06-22 22:00:00,Shift 3,OP06,960,896,876,20,31.0
PRD_004233,M08,2025-06-23 06:00:00,Shift 1,OP04,960,888,865,23,31.05
PRD_004234,M08,2025-06-23 14:00:00,Shift 2,OP05,960,880,858,22,31.1
PRD_004235,M08,2025-06-23 22:00:00,Shift 3,OP06,960,905,894,11,31.14
PRD_004236,M08,2025-06-24 06:00:00,Shift 1,OP04,960,879,855,24,31.19
PRD_004237,M08,2025-06-24 14:00:00,Shift 2,OP05,960,911,894,17,31.25
PRD_004238,M08,2025-06-24 22:00:00,Shift 3,OP06,960,909,892,17,31.3
PRD_004239,M08,2025-06-25 06:00:00,Shift 1,OP04,960,890,875,15,31.35
PRD_004240,M08,2025-06-25 14:00:00,Shift 2,OP05,960,899,881,18,31.4
PRD_004241,M08,2025-06-25 22:00:00,Shift 3,OP06,960,915,892,23,31.45
PRD_004242,M08,2025-06-26 06:00:00,Shift 1,OP04,960,869,850,19,31.5
PRD_004243,M08,2025-06-26 14:00:00,Shift 2,OP05,960,907,877,30,31.56
PRD_004244,M08,2025-06-26 22:00:00,Shift 3,OP06,960,876,860,16,31.61
PRD_004245,M08,2025-06-27 06:00:00,Shift 1,OP04,960,907,882,25,31.66
PRD_004246,M08,2025-06-27 14:00:00,Shift 2,OP05,960,871,853,18,31.72
PRD_004247,M08,2025-06-27 22:00:00,Shift 3,OP06,960,893,869,24,31.77
PRD_004248,M08,2025-06-28 06:00:00,Shift 1,OP04,960,903,882,21,31.81
PRD_004249,M08,2025-06-28 14:00:00,Shift 2,OP05,960,873,847,26,31.86
PRD_004250,M08,2025-06-28 22:00:00,Shift 3,OP06,960,876,849,27,31.92
PRD_004251,M08,2025-06-29 06:00:00,Shift 1,OP04,960,858,843,15,31.97
PRD_004252,M08,2025-06-29 14:00:00,Shift 2,OP05,960,874,851,23,32.03
PRD_004253,M08,2025-06-29 22:00:00,Shift 3,OP06,960,869,853,16,32.09
PRD_004254,M09,2025-01-01 06:00:00,Shift 1,OP01,960,942,920,22,30.52
PRD_004255,M09,2025-01-01 14:00:00,Shift 2,OP02,960,934,914,20,30.57
PRD_004256,M09,2025-01-01 22:00:00,Shift 3,OP03,960,929,909,20,30.64
PRD_004257,M09,2025-01-02 06:00:00,Shift 1,OP01,960,936,916,20,30.7
PRD_004258,M09,2025-01-02 14:00:00,Shift 2,OP02,960,921,907,14,30.77
PRD_004259,M09,2025-01-02 22:00:00,Shift 3,OP03,960,931,908,23,30.83
PRD_004260,M09,2025-01-03 06:00:00,Shift 1,OP01,960,908,895,13,30.89
PRD_004261,M09,2025-01-03 14:00:00,Shift 2,OP02,960,909,899,10,30.95
PRD_004262,M09,2025-01-03 22:00:00,Shift 3,OP03,960,914,899,15,31.01
PRD_004263,M09,2025-01-04 06:00:00,Shift 1,OP01,960,909,887,22,31.06
PRD_004264,M09,2025-01-04 14:00:00,Shift 2,OP02,960,907,881,26,31.12
PRD_004265,M09,2025-01-04 22:00:00,Shift 3,OP03,960,898,880,18,31.18
PRD_004266,M09,2025-01-05 06:00:00,Shift 1,OP01,960,893,879,14,31.24
PRD_004267,M09,2025-01-05 14:00:00,Shift 2,OP02,960,877,860,17,31.3
PRD_004268,M09,2025-01-05 22:00:00,Shift 3,OP03,960,873,850,23,31.36
PRD_004269,M09,2025-01-06 06:00:00,Shift 1,OP01,960,875,861,14,31.42
PRD_004270,M09,2025-01-06 14:00:00,Shift 2,OP02,960,893,877,16,31.48
PRD_004271,M09,2025-01-06 22:00:00,Shift 3,OP03,960,875,854,21,31.55
PRD_004272,M09,2025-01-07 06:00:00,Shift 1,OP01,960,905,885,20,31.61
PRD_004273,M09,2025-01-07 14:00:00,Shift 2,OP02,960,878,864,14,31.67
PRD_004274,M09,2025-01-07 22:00:00,Shift 3,OP03,960,884,861,23,31.72
PRD_004275,M09,2025-01-08 06:00:00,Shift 1,OP01,960,898,868,30,31.78
PRD_004276,M09,2025-01-08 14:00:00,Shift 2,OP02,960,888,862,26,31.84
PRD_004277,M09,2025-01-08 22:00:00,Shift 3,OP03,960,873,852,21,31.91
PRD_004278,M09,2025-01-09 06:00:00,Shift 1,OP01,960,864,848,16,31.99
PRD_004279,M09,2025-01-09 14:00:00,Shift 2,OP02,960,894,867,27,32.05
PRD_004280,M09,2025-01-09 22:00:00,Shift 3,OP03,960,859,830,29,32.11
PRD_004281,M09,2025-01-10 06:00:00,Shift 1,OP01,960,857,827,30,32.18
PRD_004282,M09,2025-01-10 14:00:00,Shift 2,OP02,960,852,836,16,32.24
PRD_004283,M09,2025-01-10 22:00:00,Shift 3,OP03,960,859,837,22,32.31
PRD_004284,M09,2025-01-11 06:00:00,Shift 1,OP01,960,851,835,16,32.38
PRD_004285,M09,2025-01-11 14:00:00,Shift 2,OP02,960,852,830,22,32.44
PRD_004286,M09,2025-01-11 22:00:00,Shift 3,OP03,960,864,848,16,32.51
PRD_004287,M09,2025-01-12 06:00:00,Shift 1,OP01,960,884,852,32,32.57
PRD_004288,M09,2025-01-12 14:00:00,Shift 2,OP02,960,861,835,26,32.64
PRD_004289,M09,2025-01-12 22:00:00,Shift 3,OP03,960,844,812,32,32.7
PRD_004290,M09,2025-01-13 06:00:00,Shift 1,OP01,960,871,843,28,32.76
PRD_004291,M09,2025-01-13 14:00:00,Shift 2,OP02,960,874,856,18,32.83
PRD_004292,M09,2025-01-13 22:00:00,Shift 3,OP03,960,852,818,34,32.9
PRD_004293,M09,2025-01-14 06:00:00,Shift 1,OP01,960,833,812,21,32.97
PRD_004294,M09,2025-01-14 14:00:00,Shift 2,OP02,960,860,825,35,33.05
PRD_004295,M09,2025-01-14 22:00:00,Shift 3,OP03,960,848,822,26,33.11
PRD_004296,M09,2025-01-15 06:00:00,Shift 1,OP01,960,865,833,32,33.18
PRD_004297,M09,2025-01-15 14:00:00,Shift 2,OP02,960,847,816,31,33.25
PRD_004298,M09,2025-01-15 22:00:00,Shift 3,OP03,960,849,821,28,33.33
PRD_004299,M09,2025-01-16 06:00:00,Shift 1,OP01,960,829,805,24,33.39
PRD_004300,M09,2025-01-16 14:00:00,Shift 2,OP02,960,821,790,31,33.46
PRD_004301,M09,2025-01-16 22:00:00,Shift 3,OP03,960,838,806,32,33.53
PRD_004302,M09,2025-01-17 06:00:00,Shift 1,OP01,960,835,811,24,33.6
PRD_004303,M09,2025-01-17 14:00:00,Shift 2,OP02,960,845,812,33,33.68
PRD_004304,M09,2025-01-17 22:00:00,Shift 3,OP03,960,829,798,31,33.75
PRD_004305,M09,2025-01-18 06:00:00,Shift 1,OP01,960,836,801,35,33.83
PRD_004306,M09,2025-01-18 14:00:00,Shift 2,OP02,960,810,778,32,33.9
PRD_004307,M09,2025-01-18 22:00:00,Shift 3,OP03,960,838,808,30,33.96
PRD_004308,M09,2025-01-19 06:00:00,Shift 1,OP01,960,843,802,41,34.03
PRD_004309,M09,2025-01-19 14:00:00,Shift 2,OP02,960,813,778,35,34.1
PRD_004310,M09,2025-01-19 22:00:00,Shift 3,OP03,960,825,796,29,34.18
PRD_004311,M09,2025-01-20 06:00:00,Shift 1,OP01,960,822,794,28,34.25
PRD_004312,M09,2025-01-20 14:00:00,Shift 2,OP02,960,831,790,41,34.32
PRD_004313,M09,2025-01-20 22:00:00,Shift 3,OP03,960,804,772,32,34.4
PRD_004314,M09,2025-01-21 06:00:00,Shift 1,OP01,960,809,780,29,34.47
PRD_004315,M09,2025-01-21 14:00:00,Shift 2,OP02,960,794,765,29,34.55
PRD_004316,M09,2025-01-21 22:00:00,Shift 3,OP03,960,816,784,32,34.62
PRD_004317,M09,2025-01-22 06:00:00,Shift 1,OP01,960,816,776,40,34.69
PRD_004318,M09,2025-01-22 14:00:00,Shift 2,OP02,960,795,751,44,34.76
PRD_004319,M09,2025-01-22 22:00:00,Shift 3,OP03,960,816,773,43,34.83
PRD_004320,M09,2025-01-23 06:00:00,Shift 1,OP01,960,804,762,42,34.9
PRD_004321,M09,2025-01-23 14:00:00,Shift 2,OP02,960,817,772,45,34.97
PRD_004322,M09,2025-01-23 22:00:00,Shift 3,OP03,960,781,745,36,35.05
PRD_004323,M09,2025-01-24 06:00:00,Shift 1,OP01,960,791,745,46,35.13
PRD_004324,M09,2025-01-24 14:00:00,Shift 2,OP02,960,812,776,36,35.21
PRD_004325,M09,2025-01-24 22:00:00,Shift 3,OP03,960,776,735,41,35.29
PRD_004326,M09,2025-01-25 06:00:00,Shift 1,OP01,960,792,757,35,35.37
PRD_004327,M09,2025-01-25 14:00:00,Shift 2,OP02,960,795,748,47,35.46
PRD_004328,M09,2025-01-25 22:00:00,Shift 3,OP03,960,789,752,37,35.54
PRD_004329,M09,2025-01-26 06:00:00,Shift 1,OP01,960,771,732,39,35.62
PRD_004330,M09,2025-01-26 14:00:00,Shift 2,OP02,960,782,743,39,35.71
PRD_004331,M09,2025-01-26 22:00:00,Shift 3,OP03,960,790,739,51,35.78
PRD_004332,M09,2025-01-27 06:00:00,Shift 1,OP01,960,770,717,53,35.87
PRD_004333,M09,2025-01-27 14:00:00,Shift 2,OP02,960,783,735,48,35.95
PRD_004334,M09,2025-01-27 22:00:00,Shift 3,OP03,960,783,733,50,36.03
PRD_004335,M09,2025-01-28 06:00:00,Shift 1,OP01,960,790,740,50,36.1
PRD_004336,M09,2025-01-28 14:00:00,Shift 2,OP02,960,781,730,51,36.17
PRD_004337,M09,2025-01-28 22:00:00,Shift 3,OP03,960,792,733,59,36.25
PRD_004338,M09,2025-01-29 06:00:00,Shift 1,OP01,960,776,728,48,36.32
PRD_004339,M09,2025-01-29 14:00:00,Shift 2,OP02,960,752,701,51,36.4
PRD_004340,M09,2025-01-29 22:00:00,Shift 3,OP03,960,762,706,56,36.49
PRD_004341,M09,2025-01-30 06:00:00,Shift 1,OP01,960,765,714,51,36.57
PRD_004342,M09,2025-01-30 14:00:00,Shift 2,OP02,960,762,706,56,36.65
PRD_004343,M09,2025-01-30 22:00:00,Shift 3,OP03,960,756,705,51,36.74
PRD_004344,M09,2025-01-31 06:00:00,Shift 1,OP01,960,765,717,48,36.82
PRD_004345,M09,2025-01-31 14:00:00,Shift 2,OP02,960,771,719,52,36.9
PRD_004346,M09,2025-01-31 22:00:00,Shift 3,OP03,960,756,698,58,36.98
PRD_004347,M09,2025-02-01 06:00:00,Shift 1,OP01,960,748,699,49,37.07
PRD_004348,M09,2025-02-01 14:00:00,Shift 2,OP02,960,741,684,57,37.15
PRD_004349,M09,2025-02-01 22:00:00,Shift 3,OP03,960,745,693,52,37.24
PRD_004350,M09,2025-02-02 06:00:00,Shift 1,OP01,960,765,704,61,37.34
PRD_004351,M09,2025-02-02 14:00:00,Shift 2,OP02,960,748,687,61,37.44
PRD_004352,M09,2025-02-02 22:00:00,Shift 3,OP03,960,753,694,59,37.51
PRD_004353,M09,2025-02-03 06:00:00,Shift 1,OP01,960,745,681,64,37.6
PRD_004354,M09,2025-02-03 14:00:00,Shift 2,OP02,960,745,684,61,37.7
PRD_004355,M09,2025-02-03 22:00:00,Shift 3,OP03,960,737,674,63,37.78
PRD_004356,M09,2025-02-04 06:00:00,Shift 1,OP01,960,734,669,65,37.88
PRD_004357,M09,2025-02-04 14:00:00,Shift 2,OP02,960,748,684,64,37.98
PRD_004358,M09,2025-02-04 22:00:00,Shift 3,OP03,960,732,662,70,38.06
PRD_004359,M09,2025-02-05 14:00:00,Shift 2,OP02,960,943,926,17,30.35
PRD_004360,M09,2025-02-05 22:00:00,Shift 3,OP03,960,946,932,14,30.4
PRD_004361,M09,2025-02-06 06:00:00,Shift 1,OP01,960,921,899,22,30.45
PRD_004362,M09,2025-02-06 14:00:00,Shift 2,OP02,960,943,926,17,30.51
PRD_004363,M09,2025-02-06 22:00:00,Shift 3,OP03,960,916,893,23,30.56
PRD_004364,M09,2025-02-07 06:00:00,Shift 1,OP01,960,926,914,12,30.62
PRD_004365,M09,2025-02-07 14:00:00,Shift 2,OP02,960,920,896,24,30.68
PRD_004366,M09,2025-02-07 22:00:00,Shift 3,OP03,960,913,886,27,30.74
PRD_004367,M09,2025-02-08 06:00:00,Shift 1,OP01,960,902,883,19,30.8
PRD_004368,M09,2025-02-08 14:00:00,Shift 2,OP02,960,894,870,24,30.86
PRD_004369,M09,2025-02-08 22:00:00,Shift 3,OP03,960,901,887,14,30.91
PRD_004370,M09,2025-02-09 06:00:00,Shift 1,OP01,960,906,884,22,30.97
PRD_004371,M09,2025-02-09 14:00:00,Shift 2,OP02,960,886,868,18,31.03
PRD_004372,M09,2025-02-09 22:00:00,Shift 3,OP03,960,902,888,14,31.09
PRD_004373,M09,2025-02-10 06:00:00,Shift 1,OP01,960,913,898,15,31.14
PRD_004374,M09,2025-02-10 14:00:00,Shift 2,OP02,960,883,862,21,31.2
PRD_004375,M09,2025-02-10 22:00:00,Shift 3,OP03,960,919,902,17,31.26
PRD_004376,M09,2025-02-11 06:00:00,Shift 1,OP01,960,900,889,11,31.33
PRD_004377,M09,2025-02-11 14:00:00,Shift 2,OP02,960,915,898,17,31.39
PRD_004378,M09,2025-02-11 22:00:00,Shift 3,OP03,960,904,885,19,31.45
PRD_004379,M09,2025-02-12 06:00:00,Shift 1,OP01,960,895,870,25,31.51
PRD_004380,M09,2025-02-12 14:00:00,Shift 2,OP02,960,868,850,18,31.57
PRD_004381,M09,2025-02-12 22:00:00,Shift 3,OP03,960,906,876,30,31.64
PRD_004382,M09,2025-02-13 06:00:00,Shift 1,OP01,960,870,855,15,31.7
PRD_004383,M09,2025-02-13 14:00:00,Shift 2,OP02,960,883,859,24,31.76
PRD_004384,M09,2025-02-13 22:00:00,Shift 3,OP03,960,860,837,23,31.83
PRD_004385,M09,2025-02-14 06:00:00,Shift 1,OP01,960,874,859,15,31.89
PRD_004386,M09,2025-02-14 14:00:00,Shift 2,OP02,960,882,868,14,31.95
PRD_004387,M09,2025-02-14 22:00:00,Shift 3,OP03,960,865,838,27,32.01
PRD_004388,M09,2025-02-15 06:00:00,Shift 1,OP01,960,866,845,21,32.08
PRD_004389,M09,2025-02-15 14:00:00,Shift 2,OP02,960,859,840,19,32.15
PRD_004390,M09,2025-02-15 22:00:00,Shift 3,OP03,960,864,847,17,32.21
PRD_004391,M09,2025-02-16 06:00:00,Shift 1,OP01,960,879,862,17,32.27
PRD_004392,M09,2025-02-16 14:00:00,Shift 2,OP02,960,859,827,32,32.33
PRD_004393,M09,2025-02-16 22:00:00,Shift 3,OP03,960,878,858,20,32.4
PRD_004394,M09,2025-02-17 06:00:00,Shift 1,OP01,960,868,847,21,32.48
PRD_004395,M09,2025-02-17 14:00:00,Shift 2,OP02,960,856,827,29,32.54
PRD_004396,M09,2025-02-17 22:00:00,Shift 3,OP03,960,866,836,30,32.6
PRD_004397,M09,2025-02-18 06:00:00,Shift 1,OP01,960,865,845,20,32.67
PRD_004398,M09,2025-02-18 14:00:00,Shift 2,OP02,960,850,821,29,32.73
PRD_004399,M09,2025-02-18 22:00:00,Shift 3,OP03,960,868,836,32,32.8
PRD_004400,M09,2025-02-19 06:00:00,Shift 1,OP01,960,839,820,19,32.86
PRD_004401,M09,2025-02-19 14:00:00,Shift 2,OP02,960,865,837,28,32.93
PRD_004402,M09,2025-02-19 22:00:00,Shift 3,OP03,960,863,838,25,32.99
PRD_004403,M09,2025-02-20 06:00:00,Shift 1,OP01,960,865,839,26,33.06
PRD_004404,M09,2025-02-20 14:00:00,Shift 2,OP02,960,840,805,35,33.12
PRD_004405,M09,2025-02-20 22:00:00,Shift 3,OP03,960,843,822,21,33.19
PRD_004406,M09,2025-02-21 06:00:00,Shift 1,OP01,960,826,804,22,33.26
PRD_004407,M09,2025-02-21 14:00:00,Shift 2,OP02,960,841,816,25,33.33
PRD_004408,M09,2025-02-21 22:00:00,Shift 3,OP03,960,824,792,32,33.4
PRD_004409,M09,2025-02-22 06:00:00,Shift 1,OP01,960,845,812,33,33.47
PRD_004410,M09,2025-02-22 14:00:00,Shift 2,OP02,960,820,786,34,33.54
PRD_004411,M09,2025-02-22 22:00:00,Shift 3,OP03,960,855,815,40,33.62
PRD_004412,M09,2025-02-23 06:00:00,Shift 1,OP01,960,822,784,38,33.69
PRD_004413,M09,2025-02-23 14:00:00,Shift 2,OP02,960,852,813,39,33.76
PRD_004414,M09,2025-02-23 22:00:00,Shift 3,OP03,960,811,783,28,33.83
PRD_004415,M09,2025-02-24 06:00:00,Shift 1,OP01,960,847,817,30,33.89
PRD_004416,M09,2025-02-24 14:00:00,Shift 2,OP02,960,840,814,26,33.96
PRD_004417,M09,2025-02-24 22:00:00,Shift 3,OP03,960,813,781,32,34.03
PRD_004418,M09,2025-02-25 06:00:00,Shift 1,OP01,960,813,774,39,34.11
PRD_004419,M09,2025-02-25 14:00:00,Shift 2,OP02,960,812,774,38,34.18
PRD_004420,M09,2025-02-25 22:00:00,Shift 3,OP03,960,806,775,31,34.26
PRD_004421,M09,2025-02-26 06:00:00,Shift 1,OP01,960,814,771,43,34.33
PRD_004422,M09,2025-02-26 14:00:00,Shift 2,OP02,960,835,806,29,34.41
PRD_004423,M09,2025-02-26 22:00:00,Shift 3,OP03,960,799,756,43,34.48
PRD_004424,M09,2025-02-27 06:00:00,Shift 1,OP01,960,832,794,38,34.56
PRD_004425,M09,2025-02-27 14:00:00,Shift 2,OP02,960,816,782,34,34.63
PRD_004426,M09,2025-02-27 22:00:00,Shift 3,OP03,960,814,774,40,34.7
PRD_004427,M09,2025-02-28 06:00:00,Shift 1,OP01,960,804,772,32,34.77
PRD_004428,M09,2025-02-28 14:00:00,Shift 2,OP02,960,801,757,44,34.85
PRD_004429,M09,2025-02-28 22:00:00,Shift 3,OP03,960,790,753,37,34.92
PRD_004430,M09,2025-03-01 06:00:00,Shift 1,OP01,960,810,766,44,35.0
PRD_004431,M09,2025-03-01 14:00:00,Shift 2,OP02,960,812,770,42,35.08
PRD_004432,M09,2025-03-01 22:00:00,Shift 3,OP03,960,792,753,39,35.16
PRD_004433,M09,2025-03-02 06:00:00,Shift 1,OP01,960,788,741,47,35.24
PRD_004434,M09,2025-03-02 14:00:00,Shift 2,OP02,960,778,734,44,35.31
PRD_004435,M09,2025-03-02 22:00:00,Shift 3,OP03,960,788,747,41,35.4
PRD_004436,M09,2025-03-03 06:00:00,Shift 1,OP01,960,784,737,47,35.48
PRD_004437,M09,2025-03-03 14:00:00,Shift 2,OP02,960,797,750,47,35.55
PRD_004438,M09,2025-03-03 22:00:00,Shift 3,OP03,960,794,742,52,35.63
PRD_004439,M09,2025-03-04 06:00:00,Shift 1,OP01,960,804,763,41,35.71
PRD_004440,M09,2025-03-04 14:00:00,Shift 2,OP02,960,778,737,41,35.79
PRD_004441,M09,2025-03-04 22:00:00,Shift 3,OP03,960,777,732,45,35.87
PRD_004442,M09,2025-03-05 06:00:00,Shift 1,OP01,960,790,739,51,35.95
PRD_004443,M09,2025-03-05 14:00:00,Shift 2,OP02,960,792,743,49,36.03
PRD_004444,M09,2025-03-05 22:00:00,Shift 3,OP03,960,767,715,52,36.11
PRD_004445,M09,2025-03-06 06:00:00,Shift 1,OP01,960,765,720,45,36.19
PRD_004446,M09,2025-03-06 14:00:00,Shift 2,OP02,960,778,733,45,36.27
PRD_004447,M09,2025-03-06 22:00:00,Shift 3,OP03,960,755,705,50,36.36
PRD_004448,M09,2025-03-07 06:00:00,Shift 1,OP01,960,754,697,57,36.43
PRD_004449,M09,2025-03-07 14:00:00,Shift 2,OP02,960,769,710,59,36.52
PRD_004450,M09,2025-03-07 22:00:00,Shift 3,OP03,960,776,730,46,36.61
PRD_004451,M09,2025-03-08 06:00:00,Shift 1,OP01,960,767,713,54,36.69
PRD_004452,M09,2025-03-08 14:00:00,Shift 2,OP02,960,781,733,48,36.77
PRD_004453,M09,2025-03-08 22:00:00,Shift 3,OP03,960,755,705,50,36.86
PRD_004454,M09,2025-03-09 06:00:00,Shift 1,OP01,960,752,700,52,36.94
PRD_004455,M09,2025-03-09 14:00:00,Shift 2,OP02,960,769,715,54,37.01
PRD_004456,M09,2025-03-09 22:00:00,Shift 3,OP03,960,752,693,59,37.1
PRD_004457,M09,2025-03-10 06:00:00,Shift 1,OP01,960,740,679,61,37.19
PRD_004458,M09,2025-03-10 14:00:00,Shift 2,OP02,960,764,707,57,37.29
PRD_004459,M09,2025-03-10 22:00:00,Shift 3,OP03,960,767,704,63,37.37
PRD_004460,M09,2025-03-11 06:00:00,Shift 1,OP01,960,745,692,53,37.46
PRD_004461,M09,2025-03-11 14:00:00,Shift 2,OP02,960,744,680,64,37.56
PRD_004462,M09,2025-03-11 22:00:00,Shift 3,OP03,960,763,700,63,37.65
PRD_004463,M09,2025-03-12 06:00:00,Shift 1,OP01,960,729,671,58,37.73
PRD_004464,M09,2025-03-12 14:00:00,Shift 2,OP02,960,730,666,64,37.81
PRD_004465,M09,2025-03-12 22:00:00,Shift 3,OP03,960,747,681,66,37.91
PRD_004466,M09,2025-03-13 06:00:00,Shift 1,OP01,960,736,669,67,38.0
PRD_004467,M09,2025-03-14 06:00:00,Shift 1,OP01,960,944,926,18,30.36
PRD_004468,M09,2025-03-14 14:00:00,Shift 2,OP02,960,906,893,13,30.41
PRD_004469,M09,2025-03-14 22:00:00,Shift 3,OP03,960,900,885,15,30.47
PRD_004470,M09,2025-03-15 06:00:00,Shift 1,OP01,960,931,916,15,30.54
PRD_004471,M09,2025-03-15 14:00:00,Shift 2,OP02,960,912,900,12,30.6
PRD_004472,M09,2025-03-15 22:00:00,Shift 3,OP03,960,928,911,17,30.65
PRD_004473,M09,2025-03-16 06:00:00,Shift 1,OP01,960,924,903,21,30.72
PRD_004474,M09,2025-03-16 14:00:00,Shift 2,OP02,960,890,864,26,30.77
PRD_004475,M09,2025-03-16 22:00:00,Shift 3,OP03,960,919,900,19,30.83
PRD_004476,M09,2025-03-17 06:00:00,Shift 1,OP01,960,891,873,18,30.89
PRD_004477,M09,2025-03-17 14:00:00,Shift 2,OP02,960,901,878,23,30.95
PRD_004478,M09,2025-03-17 22:00:00,Shift 3,OP03,960,883,862,21,31.01
PRD_004479,M09,2025-03-18 06:00:00,Shift 1,OP01,960,901,880,21,31.07
PRD_004480,M09,2025-03-18 14:00:00,Shift 2,OP02,960,894,883,11,31.14
PRD_004481,M09,2025-03-18 22:00:00,Shift 3,OP03,960,884,861,23,31.2
PRD_004482,M09,2025-03-19 06:00:00,Shift 1,OP01,960,918,899,19,31.27
PRD_004483,M09,2025-03-19 14:00:00,Shift 2,OP02,960,890,876,14,31.33
PRD_004484,M09,2025-03-19 22:00:00,Shift 3,OP03,960,909,887,22,31.39
PRD_004485,M09,2025-03-20 06:00:00,Shift 1,OP01,960,913,887,26,31.45
PRD_004486,M09,2025-03-20 14:00:00,Shift 2,OP02,960,905,876,29,31.5
PRD_004487,M09,2025-03-20 22:00:00,Shift 3,OP03,960,882,855,27,31.57
PRD_004488,M09,2025-03-21 06:00:00,Shift 1,OP01,960,891,863,28,31.63
PRD_004489,M09,2025-03-21 14:00:00,Shift 2,OP02,960,872,848,24,31.69
PRD_004490,M09,2025-03-21 22:00:00,Shift 3,OP03,960,878,862,16,31.75
PRD_004491,M09,2025-03-22 06:00:00,Shift 1,OP01,960,890,863,27,31.81
PRD_004492,M09,2025-03-22 14:00:00,Shift 2,OP02,960,879,866,13,31.88
PRD_004493,M09,2025-03-22 22:00:00,Shift 3,OP03,960,898,880,18,31.95
PRD_004494,M09,2025-03-23 06:00:00,Shift 1,OP01,960,856,832,24,32.02
PRD_004495,M09,2025-03-23 14:00:00,Shift 2,OP02,960,882,868,14,32.08
PRD_004496,M09,2025-03-23 22:00:00,Shift 3,OP03,960,854,839,15,32.14
PRD_004497,M09,2025-03-24 06:00:00,Shift 1,OP01,960,863,844,19,32.21
PRD_004498,M09,2025-03-24 14:00:00,Shift 2,OP02,960,887,869,18,32.27
PRD_004499,M09,2025-03-24 22:00:00,Shift 3,OP03,960,852,831,21,32.34
PRD_004500,M09,2025-03-25 06:00:00,Shift 1,OP01,960,850,828,22,32.41
PRD_004501,M09,2025-03-25 14:00:00,Shift 2,OP02,960,843,825,18,32.48
PRD_004502,M09,2025-03-25 22:00:00,Shift 3,OP03,960,840,823,17,32.55
PRD_004503,M09,2025-03-26 06:00:00,Shift 1,OP01,960,843,811,32,32.62
PRD_004504,M09,2025-03-26 14:00:00,Shift 2,OP02,960,872,850,22,32.68
PRD_004505,M09,2025-03-26 22:00:00,Shift 3,OP03,960,843,811,32,32.74
PRD_004506,M09,2025-03-27 06:00:00,Shift 1,OP01,960,860,841,19,32.81
PRD_004507,M09,2025-03-27 14:00:00,Shift 2,OP02,960,873,853,20,32.87
PRD_004508,M09,2025-03-27 22:00:00,Shift 3,OP03,960,861,827,34,32.94
PRD_004509,M09,2025-03-28 06:00:00,Shift 1,OP01,960,850,815,35,33.01
PRD_004510,M09,2025-03-28 14:00:00,Shift 2,OP02,960,839,809,30,33.08
PRD_004511,M09,2025-03-28 22:00:00,Shift 3,OP03,960,863,834,29,33.15
PRD_004512,M09,2025-03-29 06:00:00,Shift 1,OP01,960,830,809,21,33.21
PRD_004513,M09,2025-03-29 14:00:00,Shift 2,OP02,960,831,800,31,33.28
PRD_004514,M09,2025-03-29 22:00:00,Shift 3,OP03,960,853,825,28,33.35
PRD_004515,M09,2025-03-30 06:00:00,Shift 1,OP01,960,852,821,31,33.42
PRD_004516,M09,2025-03-30 14:00:00,Shift 2,OP02,960,860,829,31,33.48
PRD_004517,M09,2025-03-30 22:00:00,Shift 3,OP03,960,829,800,29,33.55
PRD_004518,M09,2025-03-31 06:00:00,Shift 1,OP01,960,820,784,36,33.63
PRD_004519,M09,2025-03-31 14:00:00,Shift 2,OP02,960,835,808,27,33.7
PRD_004520,M09,2025-03-31 22:00:00,Shift 3,OP03,960,821,795,26,33.77
PRD_004521,M09,2025-04-01 06:00:00,Shift 1,OP01,960,829,802,27,33.85
PRD_004522,M09,2025-04-01 14:00:00,Shift 2,OP02,960,827,791,36,33.93
PRD_004523,M09,2025-04-01 22:00:00,Shift 3,OP03,960,842,801,41,34.0
PRD_004524,M09,2025-04-02 06:00:00,Shift 1,OP01,960,826,795,31,34.07
PRD_004525,M09,2025-04-02 14:00:00,Shift 2,OP02,960,839,806,33,34.14
PRD_004526,M09,2025-04-02 22:00:00,Shift 3,OP03,960,810,769,41,34.21
PRD_004527,M09,2025-04-03 06:00:00,Shift 1,OP01,960,823,783,40,34.29
PRD_004528,M09,2025-04-03 14:00:00,Shift 2,OP02,960,815,782,33,34.36
PRD_004529,M09,2025-04-03 22:00:00,Shift 3,OP03,960,814,778,36,34.44
PRD_004530,M09,2025-04-04 06:00:00,Shift 1,OP01,960,796,764,32,34.51
PRD_004531,M09,2025-04-04 14:00:00,Shift 2,OP02,960,805,768,37,34.58
PRD_004532,M09,2025-04-04 22:00:00,Shift 3,OP03,960,803,771,32,34.66
PRD_004533,M09,2025-04-05 06:00:00,Shift 1,OP01,960,803,760,43,34.74
PRD_004534,M09,2025-04-05 14:00:00,Shift 2,OP02,960,817,780,37,34.82
PRD_004535,M09,2025-04-05 22:00:00,Shift 3,OP03,960,804,759,45,34.9
PRD_004536,M09,2025-04-06 06:00:00,Shift 1,OP01,960,803,756,47,34.98
PRD_004537,M09,2025-04-06 14:00:00,Shift 2,OP02,960,803,764,39,35.05
PRD_004538,M09,2025-04-06 22:00:00,Shift 3,OP03,960,803,753,50,35.13
PRD_004539,M09,2025-04-07 06:00:00,Shift 1,OP01,960,802,757,45,35.2
PRD_004540,M09,2025-04-07 14:00:00,Shift 2,OP02,960,796,759,37,35.28
PRD_004541,M09,2025-04-07 22:00:00,Shift 3,OP03,960,807,771,36,35.35
PRD_004542,M09,2025-04-08 06:00:00,Shift 1,OP01,960,806,756,50,35.43
PRD_004543,M09,2025-04-08 14:00:00,Shift 2,OP02,960,773,728,45,35.51
PRD_004544,M09,2025-04-08 22:00:00,Shift 3,OP03,960,782,731,51,35.59
PRD_004545,M09,2025-04-09 06:00:00,Shift 1,OP01,960,784,742,42,35.67
PRD_004546,M09,2025-04-09 14:00:00,Shift 2,OP02,960,783,737,46,35.76
PRD_004547,M09,2025-04-09 22:00:00,Shift 3,OP03,960,775,730,45,35.83
PRD_004548,M09,2025-04-10 06:00:00,Shift 1,OP01,960,801,759,42,35.91
PRD_004549,M09,2025-04-10 14:00:00,Shift 2,OP02,960,780,729,51,35.99
PRD_004550,M09,2025-04-10 22:00:00,Shift 3,OP03,960,778,729,49,36.07
PRD_004551,M09,2025-04-11 06:00:00,Shift 1,OP01,960,784,732,52,36.15
PRD_004552,M09,2025-04-11 14:00:00,Shift 2,OP02,960,776,723,53,36.23
PRD_004553,M09,2025-04-11 22:00:00,Shift 3,OP03,960,758,710,48,36.31
PRD_004554,M09,2025-04-12 06:00:00,Shift 1,OP01,960,789,736,53,36.4
PRD_004555,M09,2025-04-12 14:00:00,Shift 2,OP02,960,765,713,52,36.47
PRD_004556,M09,2025-04-12 22:00:00,Shift 3,OP03,960,772,712,60,36.56
PRD_004557,M09,2025-04-13 06:00:00,Shift 1,OP01,960,764,713,51,36.64
PRD_004558,M09,2025-04-13 14:00:00,Shift 2,OP02,960,756,698,58,36.72
PRD_004559,M09,2025-04-13 22:00:00,Shift 3,OP03,960,750,690,60,36.8
PRD_004560,M09,2025-04-14 06:00:00,Shift 1,OP01,960,761,706,55,36.89
PRD_004561,M09,2025-04-14 14:00:00,Shift 2,OP02,960,766,716,50,36.97
PRD_004562,M09,2025-04-14 22:00:00,Shift 3,OP03,960,760,710,50,37.06
PRD_004563,M09,2025-04-15 06:00:00,Shift 1,OP01,960,749,686,63,37.14
PRD_004564,M09,2025-04-15 14:00:00,Shift 2,OP02,960,762,703,59,37.23
PRD_004565,M09,2025-04-15 22:00:00,Shift 3,OP03,960,736,684,52,37.32
PRD_004566,M09,2025-04-16 06:00:00,Shift 1,OP01,960,757,698,59,37.41
PRD_004567,M09,2025-04-16 14:00:00,Shift 2,OP02,960,753,689,64,37.5
PRD_004568,M09,2025-04-16 22:00:00,Shift 3,OP03,960,735,675,60,37.58
PRD_004569,M09,2025-04-17 06:00:00,Shift 1,OP01,960,742,677,65,37.67
PRD_004570,M09,2025-04-17 14:00:00,Shift 2,OP02,960,751,690,61,37.76
PRD_004571,M09,2025-04-17 22:00:00,Shift 3,OP03,960,760,702,58,37.85
PRD_004572,M09,2025-04-18 06:00:00,Shift 1,OP01,960,759,694,65,37.93
PRD_004573,M09,2025-04-18 14:00:00,Shift 2,OP02,960,732,673,59,38.02
PRD_004574,M09,2025-04-18 22:00:00,Shift 3,OP03,960,753,685,68,38.11
PRD_004575,M09,2025-04-19 06:00:00,Shift 1,OP01,960,727,655,72,38.2
PRD_004576,M09,2025-04-19 22:00:00,Shift 3,OP03,960,917,897,20,30.21
PRD_004577,M09,2025-04-20 06:00:00,Shift 1,OP01,960,934,916,18,30.27
PRD_004578,M09,2025-04-20 14:00:00,Shift 2,OP02,960,909,883,26,30.33
PRD_004579,M09,2025-04-20 22:00:00,Shift 3,OP03,960,903,891,12,30.39
PRD_004580,M09,2025-04-21 06:00:00,Shift 1,OP01,960,914,903,11,30.45
PRD_004581,M09,2025-04-21 14:00:00,Shift 2,OP02,960,935,914,21,30.51
PRD_004582,M09,2025-04-21 22:00:00,Shift 3,OP03,960,913,894,19,30.57
PRD_004583,M09,2025-04-22 06:00:00,Shift 1,OP01,960,929,916,13,30.62
PRD_004584,M09,2025-04-22 14:00:00,Shift 2,OP02,960,917,907,10,30.68
PRD_004585,M09,2025-04-22 22:00:00,Shift 3,OP03,960,933,915,18,30.74
PRD_004586,M09,2025-04-23 06:00:00,Shift 1,OP01,960,930,916,14,30.8
PRD_004587,M09,2025-04-23 14:00:00,Shift 2,OP02,960,913,899,14,30.86
PRD_004588,M09,2025-04-23 22:00:00,Shift 3,OP03,960,887,873,14,30.92
PRD_004589,M09,2025-04-24 06:00:00,Shift 1,OP01,960,917,896,21,30.98
PRD_004590,M09,2025-04-24 14:00:00,Shift 2,OP02,960,888,864,24,31.03
PRD_004591,M09,2025-04-24 22:00:00,Shift 3,OP03,960,883,859,24,31.09
PRD_004592,M09,2025-04-25 06:00:00,Shift 1,OP01,960,882,869,13,31.15
PRD_004593,M09,2025-04-25 14:00:00,Shift 2,OP02,960,897,873,24,31.22
PRD_004594,M09,2025-04-25 22:00:00,Shift 3,OP03,960,886,872,14,31.28
PRD_004595,M09,2025-04-26 06:00:00,Shift 1,OP01,960,894,883,11,31.34
PRD_004596,M09,2025-04-26 14:00:00,Shift 2,OP02,960,880,869,11,31.4
PRD_004597,M09,2025-04-26 22:00:00,Shift 3,OP03,960,886,874,12,31.46
PRD_004598,M09,2025-04-27 06:00:00,Shift 1,OP01,960,903,880,23,31.53
PRD_004599,M09,2025-04-27 14:00:00,Shift 2,OP02,960,870,848,22,31.58
PRD_004600,M09,2025-04-27 22:00:00,Shift 3,OP03,960,866,844,22,31.65
PRD_004601,M09,2025-04-28 06:00:00,Shift 1,OP01,960,870,852,18,31.71
PRD_004602,M09,2025-04-28 14:00:00,Shift 2,OP02,960,902,887,15,31.77
PRD_004603,M09,2025-04-28 22:00:00,Shift 3,OP03,960,895,869,26,31.83
PRD_004604,M09,2025-04-29 06:00:00,Shift 1,OP01,960,863,833,30,31.89
PRD_004605,M09,2025-04-29 14:00:00,Shift 2,OP02,960,888,862,26,31.96
PRD_004606,M09,2025-04-29 22:00:00,Shift 3,OP03,960,894,877,17,32.02
PRD_004607,M09,2025-04-30 06:00:00,Shift 1,OP01,960,876,858,18,32.08
PRD_004608,M09,2025-04-30 14:00:00,Shift 2,OP02,960,884,866,18,32.14
PRD_004609,M09,2025-04-30 22:00:00,Shift 3,OP03,960,863,842,21,32.2
PRD_004610,M09,2025-05-01 06:00:00,Shift 1,OP01,960,865,844,21,32.27
PRD_004611,M09,2025-05-01 14:00:00,Shift 2,OP02,960,864,845,19,32.32
PRD_004612,M09,2025-05-01 22:00:00,Shift 3,OP03,960,847,823,24,32.38
PRD_004613,M09,2025-05-02 06:00:00,Shift 1,OP01,960,848,831,17,32.45
PRD_004614,M09,2025-05-02 14:00:00,Shift 2,OP02,960,862,834,28,32.51
PRD_004615,M09,2025-05-02 22:00:00,Shift 3,OP03,960,858,835,23,32.57
PRD_004616,M09,2025-05-03 06:00:00,Shift 1,OP01,960,872,846,26,32.64
PRD_004617,M09,2025-05-03 14:00:00,Shift 2,OP02,960,845,824,21,32.7
PRD_004618,M09,2025-05-03 22:00:00,Shift 3,OP03,960,840,821,19,32.78
PRD_004619,M09,2025-05-04 06:00:00,Shift 1,OP01,960,846,819,27,32.84
PRD_004620,M09,2025-05-04 14:00:00,Shift 2,OP02,960,857,825,32,32.9
PRD_004621,M09,2025-05-04 22:00:00,Shift 3,OP03,960,859,826,33,32.96
PRD_004622,M09,2025-05-05 06:00:00,Shift 1,OP01,960,847,825,22,33.03
PRD_004623,M09,2025-05-05 14:00:00,Shift 2,OP02,960,860,826,34,33.09
PRD_004624,M09,2025-05-05 22:00:00,Shift 3,OP03,960,846,818,28,33.16
PRD_004625,M09,2025-05-06 06:00:00,Shift 1,OP01,960,845,808,37,33.23
PRD_004626,M09,2025-05-06 14:00:00,Shift 2,OP02,960,825,803,22,33.3
PRD_004627,M09,2025-05-06 22:00:00,Shift 3,OP03,960,845,812,33,33.37
PRD_004628,M09,2025-05-07 06:00:00,Shift 1,OP01,960,819,787,32,33.44
PRD_004629,M09,2025-05-07 14:00:00,Shift 2,OP02,960,818,793,25,33.52
PRD_004630,M09,2025-05-07 22:00:00,Shift 3,OP03,960,842,806,36,33.59
PRD_004631,M09,2025-05-08 06:00:00,Shift 1,OP01,960,846,816,30,33.65
PRD_004632,M09,2025-05-08 14:00:00,Shift 2,OP02,960,829,790,39,33.72
PRD_004633,M09,2025-05-08 22:00:00,Shift 3,OP03,960,815,783,32,33.79
PRD_004634,M09,2025-05-09 06:00:00,Shift 1,OP01,960,823,783,40,33.86
PRD_004635,M09,2025-05-09 14:00:00,Shift 2,OP02,960,843,802,41,33.92
PRD_004636,M09,2025-05-09 22:00:00,Shift 3,OP03,960,844,807,37,33.99
PRD_004637,M09,2025-05-10 06:00:00,Shift 1,OP01,960,812,781,31,34.07
PRD_004638,M09,2025-05-10 14:00:00,Shift 2,OP02,960,834,801,33,34.14
PRD_004639,M09,2025-05-10 22:00:00,Shift 3,OP03,960,804,772,32,34.22
PRD_004640,M09,2025-05-11 06:00:00,Shift 1,OP01,960,821,793,28,34.29
PRD_004641,M09,2025-05-11 14:00:00,Shift 2,OP02,960,837,797,40,34.36
PRD_004642,M09,2025-05-11 22:00:00,Shift 3,OP03,960,812,776,36,34.44
PRD_004643,M09,2025-05-12 06:00:00,Shift 1,OP01,960,809,779,30,34.52
PRD_004644,M09,2025-05-12 14:00:00,Shift 2,OP02,960,792,759,33,34.6
PRD_004645,M09,2025-05-12 22:00:00,Shift 3,OP03,960,806,764,42,34.67
PRD_004646,M09,2025-05-13 06:00:00,Shift 1,OP01,960,825,786,39,34.75
PRD_004647,M09,2025-05-13 14:00:00,Shift 2,OP02,960,793,750,43,34.81
PRD_004648,M09,2025-05-13 22:00:00,Shift 3,OP03,960,816,772,44,34.89
PRD_004649,M09,2025-05-14 06:00:00,Shift 1,OP01,960,793,760,33,34.96
PRD_004650,M09,2025-05-14 14:00:00,Shift 2,OP02,960,819,770,49,35.04
PRD_004651,M09,2025-05-14 22:00:00,Shift 3,OP03,960,795,747,48,35.12
PRD_004652,M09,2025-05-15 06:00:00,Shift 1,OP01,960,787,750,37,35.21
PRD_004653,M09,2025-05-15 14:00:00,Shift 2,OP02,960,798,761,37,35.29
PRD_004654,M09,2025-05-15 22:00:00,Shift 3,OP03,960,809,771,38,35.37
PRD_004655,M09,2025-05-16 06:00:00,Shift 1,OP01,960,797,750,47,35.44
PRD_004656,M09,2025-05-16 14:00:00,Shift 2,OP02,960,790,738,52,35.52
PRD_004657,M09,2025-05-16 22:00:00,Shift 3,OP03,960,771,732,39,35.6
PRD_004658,M09,2025-05-17 06:00:00,Shift 1,OP01,960,806,758,48,35.67
PRD_004659,M09,2025-05-17 14:00:00,Shift 2,OP02,960,798,757,41,35.76
PRD_004660,M09,2025-05-17 22:00:00,Shift 3,OP03,960,767,715,52,35.84
PRD_004661,M09,2025-05-18 06:00:00,Shift 1,OP01,960,785,743,42,35.92
PRD_004662,M09,2025-05-18 14:00:00,Shift 2,OP02,960,765,722,43,36.01
PRD_004663,M09,2025-05-18 22:00:00,Shift 3,OP03,960,777,736,41,36.08
PRD_004664,M09,2025-05-19 06:00:00,Shift 1,OP01,960,763,709,54,36.16
PRD_004665,M09,2025-05-19 14:00:00,Shift 2,OP02,960,774,717,57,36.23
PRD_004666,M09,2025-05-19 22:00:00,Shift 3,OP03,960,762,716,46,36.31
PRD_004667,M09,2025-05-20 06:00:00,Shift 1,OP01,960,780,730,50,36.39
PRD_004668,M09,2025-05-20 14:00:00,Shift 2,OP02,960,751,702,49,36.47
PRD_004669,M09,2025-05-20 22:00:00,Shift 3,OP03,960,749,702,47,36.55
PRD_004670,M09,2025-05-21 06:00:00,Shift 1,OP01,960,754,699,55,36.64
PRD_004671,M09,2025-05-21 14:00:00,Shift 2,OP02,960,771,709,62,36.72
PRD_004672,M09,2025-05-21 22:00:00,Shift 3,OP03,960,765,711,54,36.81
PRD_004673,M09,2025-05-22 06:00:00,Shift 1,OP01,960,744,696,48,36.9
PRD_004674,M09,2025-05-22 14:00:00,Shift 2,OP02,960,764,713,51,36.98
PRD_004675,M09,2025-05-22 22:00:00,Shift 3,OP03,960,772,713,59,37.06
PRD_004676,M09,2025-05-23 06:00:00,Shift 1,OP01,960,768,711,57,37.14
PRD_004677,M09,2025-05-23 14:00:00,Shift 2,OP02,960,748,684,64,37.22
PRD_004678,M09,2025-05-23 22:00:00,Shift 3,OP03,960,748,688,60,37.31
PRD_004679,M09,2025-05-24 06:00:00,Shift 1,OP01,960,744,692,52,37.4
PRD_004680,M09,2025-05-24 14:00:00,Shift 2,OP02,960,736,680,56,37.48
PRD_004681,M09,2025-05-24 22:00:00,Shift 3,OP03,960,736,670,66,37.57
PRD_004682,M09,2025-05-25 06:00:00,Shift 1,OP01,960,733,665,68,37.66
PRD_004683,M09,2025-05-25 14:00:00,Shift 2,OP02,960,756,697,59,37.75
PRD_004684,M09,2025-05-25 22:00:00,Shift 3,OP03,960,737,675,62,37.83
PRD_004685,M09,2025-05-26 06:00:00,Shift 1,OP01,960,738,675,63,37.93
PRD_004686,M09,2025-05-26 14:00:00,Shift 2,OP02,960,749,686,63,38.02
PRD_004687,M09,2025-05-27 14:00:00,Shift 2,OP02,960,924,901,23,30.52
PRD_004688,M09,2025-05-27 22:00:00,Shift 3,OP03,960,924,901,23,30.58
PRD_004689,M09,2025-05-28 06:00:00,Shift 1,OP01,960,919,904,15,30.64
PRD_004690,M09,2025-05-28 14:00:00,Shift 2,OP02,960,915,898,17,30.7
PRD_004691,M09,2025-05-28 22:00:00,Shift 3,OP03,960,932,908,24,30.75
PRD_004692,M09,2025-05-29 06:00:00,Shift 1,OP01,960,926,903,23,30.82
PRD_004693,M09,2025-05-29 14:00:00,Shift 2,OP02,960,921,905,16,30.87
PRD_004694,M09,2025-05-29 22:00:00,Shift 3,OP03,960,927,908,19,30.93
PRD_004695,M09,2025-05-30 06:00:00,Shift 1,OP01,960,904,887,17,30.99
PRD_004696,M09,2025-05-30 14:00:00,Shift 2,OP02,960,908,886,22,31.05
PRD_004697,M09,2025-05-30 22:00:00,Shift 3,OP03,960,896,883,13,31.11
PRD_004698,M09,2025-05-31 06:00:00,Shift 1,OP01,960,879,852,27,31.17
PRD_004699,M09,2025-05-31 14:00:00,Shift 2,OP02,960,894,882,12,31.24
PRD_004700,M09,2025-05-31 22:00:00,Shift 3,OP03,960,917,900,17,31.3
PRD_004701,M09,2025-06-01 06:00:00,Shift 1,OP01,960,908,883,25,31.37
PRD_004702,M09,2025-06-01 14:00:00,Shift 2,OP02,960,873,861,12,31.44
PRD_004703,M09,2025-06-01 22:00:00,Shift 3,OP03,960,900,882,18,31.5
PRD_004704,M09,2025-06-02 06:00:00,Shift 1,OP01,960,876,854,22,31.57
PRD_004705,M09,2025-06-02 14:00:00,Shift 2,OP02,960,867,842,25,31.63
PRD_004706,M09,2025-06-02 22:00:00,Shift 3,OP03,960,883,869,14,31.69
PRD_004707,M09,2025-06-03 06:00:00,Shift 1,OP01,960,887,860,27,31.75
PRD_004708,M09,2025-06-03 14:00:00,Shift 2,OP02,960,862,835,27,31.81
PRD_004709,M09,2025-06-03 22:00:00,Shift 3,OP03,960,888,858,30,31.87
PRD_004710,M09,2025-06-04 06:00:00,Shift 1,OP01,960,867,851,16,31.93
PRD_004711,M09,2025-06-04 14:00:00,Shift 2,OP02,960,876,850,26,31.99
PRD_004712,M09,2025-06-04 22:00:00,Shift 3,OP03,960,892,873,19,32.05
PRD_004713,M09,2025-06-05 06:00:00,Shift 1,OP01,960,890,867,23,32.11
PRD_004714,M09,2025-06-05 14:00:00,Shift 2,OP02,960,894,865,29,32.18
PRD_004715,M09,2025-06-05 22:00:00,Shift 3,OP03,960,851,822,29,32.24
PRD_004716,M09,2025-06-06 06:00:00,Shift 1,OP01,960,850,820,30,32.31
PRD_004717,M09,2025-06-06 14:00:00,Shift 2,OP02,960,879,850,29,32.38
PRD_004718,M09,2025-06-06 22:00:00,Shift 3,OP03,960,871,845,26,32.44
PRD_004719,M09,2025-06-07 06:00:00,Shift 1,OP01,960,873,845,28,32.5
PRD_004720,M09,2025-06-07 14:00:00,Shift 2,OP02,960,877,855,22,32.57
PRD_004721,M09,2025-06-07 22:00:00,Shift 3,OP03,960,881,863,18,32.63
PRD_004722,M09,2025-06-08 06:00:00,Shift 1,OP01,960,856,822,34,32.7
PRD_004723,M09,2025-06-08 14:00:00,Shift 2,OP02,960,841,822,19,32.76
PRD_004724,M09,2025-06-08 22:00:00,Shift 3,OP03,960,841,808,33,32.84
PRD_004725,M09,2025-06-09 06:00:00,Shift 1,OP01,960,855,823,32,32.9
PRD_004726,M09,2025-06-09 14:00:00,Shift 2,OP02,960,842,822,20,32.97
PRD_004727,M09,2025-06-09 22:00:00,Shift 3,OP03,960,864,829,35,33.03
PRD_004728,M09,2025-06-10 06:00:00,Shift 1,OP01,960,831,799,32,33.1
PRD_004729,M09,2025-06-10 14:00:00,Shift 2,OP02,960,830,808,22,33.16
PRD_004730,M09,2025-06-10 22:00:00,Shift 3,OP03,960,845,814,31,33.24
PRD_004731,M09,2025-06-11 06:00:00,Shift 1,OP01,960,858,823,35,33.3
PRD_004732,M09,2025-06-11 14:00:00,Shift 2,OP02,960,822,799,23,33.37
PRD_004733,M09,2025-06-11 22:00:00,Shift 3,OP03,960,839,810,29,33.43
PRD_004734,M09,2025-06-12 06:00:00,Shift 1,OP01,960,841,806,35,33.49
PRD_004735,M09,2025-06-12 14:00:00,Shift 2,OP02,960,849,818,31,33.56
PRD_004736,M09,2025-06-12 22:00:00,Shift 3,OP03,960,844,820,24,33.62
PRD_004737,M09,2025-06-13 06:00:00,Shift 1,OP01,960,823,799,24,33.7
PRD_004738,M09,2025-06-13 14:00:00,Shift 2,OP02,960,847,808,39,33.77
PRD_004739,M09,2025-06-13 22:00:00,Shift 3,OP03,960,819,790,29,33.84
PRD_004740,M09,2025-06-14 06:00:00,Shift 1,OP01,960,841,799,42,33.91
PRD_004741,M09,2025-06-14 14:00:00,Shift 2,OP02,960,844,818,26,33.99
PRD_004742,M09,2025-06-14 22:00:00,Shift 3,OP03,960,823,789,34,34.07
PRD_004743,M09,2025-06-15 06:00:00,Shift 1,OP01,960,807,775,32,34.14
PRD_004744,M09,2025-06-15 14:00:00,Shift 2,OP02,960,802,768,34,34.21
PRD_004745,M09,2025-06-15 22:00:00,Shift 3,OP03,960,804,762,42,34.29
PRD_004746,M09,2025-06-16 06:00:00,Shift 1,OP01,960,816,780,36,34.36
PRD_004747,M09,2025-06-16 14:00:00,Shift 2,OP02,960,827,782,45,34.43
PRD_004748,M09,2025-06-16 22:00:00,Shift 3,OP03,960,808,769,39,34.51
PRD_004749,M09,2025-06-17 06:00:00,Shift 1,OP01,960,797,767,30,34.59
PRD_004750,M09,2025-06-17 14:00:00,Shift 2,OP02,960,801,759,42,34.66
PRD_004751,M09,2025-06-17 22:00:00,Shift 3,OP03,960,814,780,34,34.74
PRD_004752,M09,2025-06-18 06:00:00,Shift 1,OP01,960,798,757,41,34.82
PRD_004753,M09,2025-06-18 14:00:00,Shift 2,OP02,960,812,779,33,34.9
PRD_004754,M09,2025-06-18 22:00:00,Shift 3,OP03,960,813,767,46,34.98
PRD_004755,M09,2025-06-19 06:00:00,Shift 1,OP01,960,784,737,47,35.06
PRD_004756,M09,2025-06-19 14:00:00,Shift 2,OP02,960,798,762,36,35.13
PRD_004757,M09,2025-06-19 22:00:00,Shift 3,OP03,960,779,738,41,35.21
PRD_004758,M09,2025-06-20 06:00:00,Shift 1,OP01,960,800,756,44,35.29
PRD_004759,M09,2025-06-20 14:00:00,Shift 2,OP02,960,790,747,43,35.36
PRD_004760,M09,2025-06-20 22:00:00,Shift 3,OP03,960,795,757,38,35.44
PRD_004761,M09,2025-06-21 06:00:00,Shift 1,OP01,960,800,750,50,35.52
PRD_004762,M09,2025-06-21 14:00:00,Shift 2,OP02,960,784,735,49,35.59
PRD_004763,M09,2025-06-21 22:00:00,Shift 3,OP03,960,797,757,40,35.68
PRD_004764,M09,2025-06-22 06:00:00,Shift 1,OP01,960,792,744,48,35.75
PRD_004765,M09,2025-06-22 14:00:00,Shift 2,OP02,960,796,750,46,35.82
PRD_004766,M09,2025-06-22 22:00:00,Shift 3,OP03,960,782,736,46,35.91
PRD_004767,M09,2025-06-23 06:00:00,Shift 1,OP01,960,768,722,46,35.99
PRD_004768,M09,2025-06-23 14:00:00,Shift 2,OP02,960,775,720,55,36.07
PRD_004769,M09,2025-06-23 22:00:00,Shift 3,OP03,960,757,703,54,36.15
PRD_004770,M09,2025-06-24 06:00:00,Shift 1,OP01,960,771,716,55,36.24
PRD_004771,M09,2025-06-24 14:00:00,Shift 2,OP02,960,777,731,46,36.32
PRD_004772,M09,2025-06-24 22:00:00,Shift 3,OP03,960,759,703,56,36.41
PRD_004773,M09,2025-06-25 06:00:00,Shift 1,OP01,960,776,719,57,36.49
PRD_004774,M09,2025-06-25 14:00:00,Shift 2,OP02,960,757,702,55,36.57
PRD_004775,M09,2025-06-25 22:00:00,Shift 3,OP03,960,753,707,46,36.66
PRD_004776,M09,2025-06-26 06:00:00,Shift 1,OP01,960,774,720,54,36.74
PRD_004777,M09,2025-06-26 14:00:00,Shift 2,OP02,960,766,718,48,36.81
PRD_004778,M09,2025-06-26 22:00:00,Shift 3,OP03,960,773,724,49,36.89
PRD_004779,M09,2025-06-27 06:00:00,Shift 1,OP01,960,756,700,56,36.96
PRD_004780,M09,2025-06-27 14:00:00,Shift 2,OP02,960,750,693,57,37.05
PRD_004781,M09,2025-06-27 22:00:00,Shift 3,OP03,960,766,706,60,37.14
PRD_004782,M09,2025-06-28 06:00:00,Shift 1,OP01,960,767,707,60,37.23
PRD_004783,M09,2025-06-28 14:00:00,Shift 2,OP02,960,763,708,55,37.33
PRD_004784,M09,2025-06-28 22:00:00,Shift 3,OP03,960,760,701,59,37.41
PRD_004785,M09,2025-06-29 06:00:00,Shift 1,OP01,960,756,700,56,37.5
PRD_004786,M09,2025-06-29 14:00:00,Shift 2,OP02,960,732,668,64,37.58
PRD_004787,M09,2025-06-29 22:00:00,Shift 3,OP03,960,758,693,65,37.68
PRD_004788,M10,2025-01-01 06:00:00,Shift 1,OP04,960,877,861,16,31.22
PRD_004789,M10,2025-01-01 14:00:00,Shift 2,OP05,960,902,884,18,31.32
PRD_004790,M10,2025-01-01 22:00:00,Shift 3,OP06,960,871,844,27,31.43
PRD_004791,M10,2025-01-02 06:00:00,Shift 1,OP04,960,898,872,26,31.53
PRD_004792,M10,2025-01-02 14:00:00,Shift 2,OP05,960,883,862,21,31.66
PRD_004793,M10,2025-01-02 22:00:00,Shift 3,OP06,960,882,865,17,31.78
PRD_004794,M10,2025-01-03 06:00:00,Shift 1,OP04,960,902,873,29,31.89
PRD_004795,M10,2025-01-03 14:00:00,Shift 2,OP05,960,863,845,18,32.0
PRD_004796,M10,2025-01-03 22:00:00,Shift 3,OP06,960,864,836,28,32.11
PRD_004797,M10,2025-01-04 06:00:00,Shift 1,OP04,960,891,868,23,32.23
PRD_004798,M10,2025-01-04 14:00:00,Shift 2,OP05,960,867,837,30,32.34
PRD_004799,M10,2025-01-04 22:00:00,Shift 3,OP06,960,850,833,17,32.46
PRD_004800,M10,2025-01-05 06:00:00,Shift 1,OP04,960,862,831,31,32.58
PRD_004801,M10,2025-01-05 14:00:00,Shift 2,OP05,960,845,823,22,32.71
PRD_004802,M10,2025-01-05 22:00:00,Shift 3,OP06,960,854,820,34,32.84
PRD_004803,M10,2025-01-06 06:00:00,Shift 1,OP04,960,838,810,28,32.96
PRD_004804,M10,2025-01-06 14:00:00,Shift 2,OP05,960,845,817,28,33.07
PRD_004805,M10,2025-01-06 22:00:00,Shift 3,OP06,960,845,820,25,33.19
PRD_004806,M10,2025-01-07 06:00:00,Shift 1,OP04,960,842,807,35,33.32
PRD_004807,M10,2025-01-07 14:00:00,Shift 2,OP05,960,838,800,38,33.44
PRD_004808,M10,2025-01-07 22:00:00,Shift 3,OP06,960,821,783,38,33.57
PRD_004809,M10,2025-01-08 06:00:00,Shift 1,OP04,960,837,798,39,33.7
PRD_004810,M10,2025-01-08 14:00:00,Shift 2,OP05,960,841,801,40,33.82
PRD_004811,M10,2025-01-08 22:00:00,Shift 3,OP06,960,811,777,34,33.94
PRD_004812,M10,2025-01-09 06:00:00,Shift 1,OP04,960,835,795,40,34.08
PRD_004813,M10,2025-01-09 14:00:00,Shift 2,OP05,960,834,799,35,34.22
PRD_004814,M10,2025-01-09 22:00:00,Shift 3,OP06,960,800,771,29,34.36
PRD_004815,M10,2025-01-10 06:00:00,Shift 1,OP04,960,833,790,43,34.49
PRD_004816,M10,2025-01-10 14:00:00,Shift 2,OP05,960,825,781,44,34.62
PRD_004817,M10,2025-01-10 22:00:00,Shift 3,OP06,960,789,751,38,34.76
PRD_004818,M10,2025-01-11 06:00:00,Shift 1,OP04,960,790,744,46,34.89
PRD_004819,M10,2025-01-11 14:00:00,Shift 2,OP05,960,819,785,34,35.03
PRD_004820,M10,2025-01-11 22:00:00,Shift 3,OP06,960,810,765,45,35.17
PRD_004821,M10,2025-01-12 06:00:00,Shift 1,OP04,960,785,744,41,35.31
PRD_004822,M10,2025-01-12 14:00:00,Shift 2,OP05,960,802,752,50,35.45
PRD_004823,M10,2025-01-12 22:00:00,Shift 3,OP06,960,799,750,49,35.59
PRD_004824,M10,2025-01-13 06:00:00,Shift 1,OP04,960,773,731,42,35.74
PRD_004825,M10,2025-01-13 14:00:00,Shift 2,OP05,960,793,739,54,35.88
PRD_004826,M10,2025-01-13 22:00:00,Shift 3,OP06,960,762,709,53,36.02
PRD_004827,M10,2025-01-14 06:00:00,Shift 1,OP04,960,786,733,53,36.17
PRD_004828,M10,2025-01-14 14:00:00,Shift 2,OP05,960,762,708,54,36.32
PRD_004829,M10,2025-01-14 22:00:00,Shift 3,OP06,960,784,736,48,36.48
PRD_004830,M10,2025-01-15 06:00:00,Shift 1,OP04,960,778,725,53,36.63
PRD_004831,M10,2025-01-15 14:00:00,Shift 2,OP05,960,748,698,50,36.78
PRD_004832,M10,2025-01-15 22:00:00,Shift 3,OP06,960,761,701,60,36.93
PRD_004833,M10,2025-01-16 06:00:00,Shift 1,OP04,960,752,697,55,37.07
PRD_004834,M10,2025-01-16 14:00:00,Shift 2,OP05,960,762,703,59,37.21
PRD_004835,M10,2025-01-16 22:00:00,Shift 3,OP06,960,740,682,58,37.37
PRD_004836,M10,2025-01-17 06:00:00,Shift 1,OP04,960,758,698,60,37.51
PRD_004837,M10,2025-01-17 14:00:00,Shift 2,OP05,960,731,674,57,37.66
PRD_004838,M10,2025-01-17 22:00:00,Shift 3,OP06,960,737,680,57,37.82
PRD_004839,M10,2025-01-18 06:00:00,Shift 1,OP04,960,745,684,61,37.98
PRD_004840,M10,2025-01-18 22:00:00,Shift 3,OP06,960,898,873,25,30.58
PRD_004841,M10,2025-01-19 06:00:00,Shift 1,OP04,960,896,879,17,30.68
PRD_004842,M10,2025-01-19 14:00:00,Shift 2,OP05,960,909,891,18,30.78
PRD_004843,M10,2025-01-19 22:00:00,Shift 3,OP06,960,910,888,22,30.89
PRD_004844,M10,2025-01-20 06:00:00,Shift 1,OP04,960,892,868,24,30.99
PRD_004845,M10,2025-01-20 14:00:00,Shift 2,OP05,960,922,907,15,31.11
PRD_004846,M10,2025-01-20 22:00:00,Shift 3,OP06,960,881,860,21,31.22
PRD_004847,M10,2025-01-21 06:00:00,Shift 1,OP04,960,881,865,16,31.34
PRD_004848,M10,2025-01-21 14:00:00,Shift 2,OP05,960,909,882,27,31.46
PRD_004849,M10,2025-01-21 22:00:00,Shift 3,OP06,960,901,879,22,31.57
PRD_004850,M10,2025-01-22 06:00:00,Shift 1,OP04,960,908,881,27,31.67
PRD_004851,M10,2025-01-22 14:00:00,Shift 2,OP05,960,863,836,27,31.79
PRD_004852,M10,2025-01-22 22:00:00,Shift 3,OP06,960,895,876,19,31.91
PRD_004853,M10,2025-01-23 06:00:00,Shift 1,OP04,960,870,844,26,32.03
PRD_004854,M10,2025-01-23 14:00:00,Shift 2,OP05,960,875,852,23,32.14
PRD_004855,M10,2025-01-23 22:00:00,Shift 3,OP06,960,853,827,26,32.25
PRD_004856,M10,2025-01-24 06:00:00,Shift 1,OP04,960,879,861,18,32.36
PRD_004857,M10,2025-01-24 14:00:00,Shift 2,OP05,960,858,840,18,32.48
PRD_004858,M10,2025-01-24 22:00:00,Shift 3,OP06,960,857,828,29,32.59
PRD_004859,M10,2025-01-25 06:00:00,Shift 1,OP04,960,874,855,19,32.71
PRD_004860,M10,2025-01-25 14:00:00,Shift 2,OP05,960,863,839,24,32.83
PRD_004861,M10,2025-01-25 22:00:00,Shift 3,OP06,960,833,804,29,32.94
PRD_004862,M10,2025-01-26 06:00:00,Shift 1,OP04,960,868,835,33,33.07
PRD_004863,M10,2025-01-26 14:00:00,Shift 2,OP05,960,828,805,23,33.2
PRD_004864,M10,2025-01-26 22:00:00,Shift 3,OP06,960,821,798,23,33.33
PRD_004865,M10,2025-01-27 06:00:00,Shift 1,OP04,960,844,820,24,33.45
PRD_004866,M10,2025-01-27 14:00:00,Shift 2,OP05,960,845,813,32,33.58
PRD_004867,M10,2025-01-27 22:00:00,Shift 3,OP06,960,818,784,34,33.71
PRD_004868,M10,2025-01-28 06:00:00,Shift 1,OP04,960,838,810,28,33.84
PRD_004869,M10,2025-01-28 14:00:00,Shift 2,OP05,960,808,779,29,33.97
PRD_004870,M10,2025-01-28 22:00:00,Shift 3,OP06,960,835,793,42,34.09
PRD_004871,M10,2025-01-29 06:00:00,Shift 1,OP04,960,824,785,39,34.22
PRD_004872,M10,2025-01-29 14:00:00,Shift 2,OP05,960,823,787,36,34.34
PRD_004873,M10,2025-01-29 22:00:00,Shift 3,OP06,960,827,788,39,34.48
PRD_004874,M10,2025-01-30 06:00:00,Shift 1,OP04,960,794,763,31,34.6
PRD_004875,M10,2025-01-30 14:00:00,Shift 2,OP05,960,807,769,38,34.73
PRD_004876,M10,2025-01-30 22:00:00,Shift 3,OP06,960,796,749,47,34.88
PRD_004877,M10,2025-01-31 06:00:00,Shift 1,OP04,960,782,743,39,35.0
PRD_004878,M10,2025-01-31 14:00:00,Shift 2,OP05,960,813,766,47,35.14
PRD_004879,M10,2025-01-31 22:00:00,Shift 3,OP06,960,803,764,39,35.27
PRD_004880,M10,2025-02-01 06:00:00,Shift 1,OP04,960,786,742,44,35.41
PRD_004881,M10,2025-02-01 14:00:00,Shift 2,OP05,960,775,732,43,35.54
PRD_004882,M10,2025-02-01 22:00:00,Shift 3,OP06,960,792,752,40,35.69
PRD_004883,M10,2025-02-02 06:00:00,Shift 1,OP04,960,800,752,48,35.81
PRD_004884,M10,2025-02-02 14:00:00,Shift 2,OP05,960,771,721,50,35.94
PRD_004885,M10,2025-02-02 22:00:00,Shift 3,OP06,960,784,740,44,36.09
PRD_004886,M10,2025-02-03 06:00:00,Shift 1,OP04,960,790,746,44,36.25
PRD_004887,M10,2025-02-03 14:00:00,Shift 2,OP05,960,786,734,52,36.4
PRD_004888,M10,2025-02-03 22:00:00,Shift 3,OP06,960,765,718,47,36.55
PRD_004889,M10,2025-02-04 06:00:00,Shift 1,OP04,960,764,706,58,36.7
PRD_004890,M10,2025-02-04 14:00:00,Shift 2,OP05,960,742,686,56,36.87
PRD_004891,M10,2025-02-04 22:00:00,Shift 3,OP06,960,765,706,59,37.03
PRD_004892,M10,2025-02-05 06:00:00,Shift 1,OP04,960,769,705,64,37.19
PRD_004893,M10,2025-02-05 14:00:00,Shift 2,OP05,960,763,706,57,37.32
PRD_004894,M10,2025-02-05 22:00:00,Shift 3,OP06,960,755,693,62,37.49
PRD_004895,M10,2025-02-06 06:00:00,Shift 1,OP04,960,730,665,65,37.66
PRD_004896,M10,2025-02-06 14:00:00,Shift 2,OP05,960,723,656,67,37.82
PRD_004897,M10,2025-02-06 22:00:00,Shift 3,OP06,960,723,666,57,37.99
PRD_004898,M10,2025-02-07 06:00:00,Shift 1,OP04,960,726,668,58,38.16
PRD_004899,M10,2025-02-07 14:00:00,Shift 2,OP05,960,725,664,61,38.33
PRD_004900,M10,2025-02-07 22:00:00,Shift 3,OP06,960,717,649,68,38.49
PRD_004901,M10,2025-02-08 14:00:00,Shift 2,OP05,960,949,923,26,30.21
PRD_004902,M10,2025-02-08 22:00:00,Shift 3,OP06,960,917,906,11,30.31
PRD_004903,M10,2025-02-09 06:00:00,Shift 1,OP04,960,915,894,21,30.41
PRD_004904,M10,2025-02-09 14:00:00,Shift 2,OP05,960,910,893,17,30.52
PRD_004905,M10,2025-02-09 22:00:00,Shift 3,OP06,960,910,886,24,30.62
PRD_004906,M10,2025-02-10 06:00:00,Shift 1,OP04,960,909,885,24,30.73
PRD_004907,M10,2025-02-10 14:00:00,Shift 2,OP05,960,919,904,15,30.83
PRD_004908,M10,2025-02-10 22:00:00,Shift 3,OP06,960,886,861,25,30.93
PRD_004909,M10,2025-02-11 06:00:00,Shift 1,OP04,960,910,890,20,31.04
PRD_004910,M10,2025-02-11 14:00:00,Shift 2,OP05,960,902,884,18,31.15
PRD_004911,M10,2025-02-11 22:00:00,Shift 3,OP06,960,919,904,15,31.25
PRD_004912,M10,2025-02-12 06:00:00,Shift 1,OP04,960,881,858,23,31.37
PRD_004913,M10,2025-02-12 14:00:00,Shift 2,OP05,960,884,861,23,31.48
PRD_004914,M10,2025-02-12 22:00:00,Shift 3,OP06,960,866,846,20,31.59
PRD_004915,M10,2025-02-13 06:00:00,Shift 1,OP04,960,875,847,28,31.7
PRD_004916,M10,2025-02-13 14:00:00,Shift 2,OP05,960,893,874,19,31.8
PRD_004917,M10,2025-02-13 22:00:00,Shift 3,OP06,960,899,876,23,31.9
PRD_004918,M10,2025-02-14 06:00:00,Shift 1,OP04,960,868,846,22,32.01
PRD_004919,M10,2025-02-14 14:00:00,Shift 2,OP05,960,884,859,25,32.12
PRD_004920,M10,2025-02-14 22:00:00,Shift 3,OP06,960,880,861,19,32.23
PRD_004921,M10,2025-02-15 06:00:00,Shift 1,OP04,960,881,857,24,32.35
PRD_004922,M10,2025-02-15 14:00:00,Shift 2,OP05,960,872,855,17,32.45
PRD_004923,M10,2025-02-15 22:00:00,Shift 3,OP06,960,870,847,23,32.56
PRD_004924,M10,2025-02-16 06:00:00,Shift 1,OP04,960,871,846,25,32.67
PRD_004925,M10,2025-02-16 14:00:00,Shift 2,OP05,960,876,852,24,32.79
PRD_004926,M10,2025-02-16 22:00:00,Shift 3,OP06,960,867,840,27,32.91
PRD_004927,M10,2025-02-17 06:00:00,Shift 1,OP04,960,869,842,27,33.03
PRD_004928,M10,2025-02-17 14:00:00,Shift 2,OP05,960,865,830,35,33.14
PRD_004929,M10,2025-02-17 22:00:00,Shift 3,OP06,960,845,818,27,33.26
PRD_004930,M10,2025-02-18 06:00:00,Shift 1,OP04,960,821,797,24,33.38
PRD_004931,M10,2025-02-18 14:00:00,Shift 2,OP05,960,824,795,29,33.51
PRD_004932,M10,2025-02-18 22:00:00,Shift 3,OP06,960,827,802,25,33.64
PRD_004933,M10,2025-02-19 06:00:00,Shift 1,OP04,960,837,800,37,33.76
PRD_004934,M10,2025-02-19 14:00:00,Shift 2,OP05,960,846,819,27,33.89
PRD_004935,M10,2025-02-19 22:00:00,Shift 3,OP06,960,816,784,32,34.0
PRD_004936,M10,2025-02-20 06:00:00,Shift 1,OP04,960,823,794,29,34.13
PRD_004937,M10,2025-02-20 14:00:00,Shift 2,OP05,960,816,787,29,34.25
PRD_004938,M10,2025-02-20 22:00:00,Shift 3,OP06,960,830,799,31,34.38
PRD_004939,M10,2025-02-21 06:00:00,Shift 1,OP04,960,823,780,43,34.52
PRD_004940,M10,2025-02-21 14:00:00,Shift 2,OP05,960,829,786,43,34.66
PRD_004941,M10,2025-02-21 22:00:00,Shift 3,OP06,960,802,757,45,34.8
PRD_004942,M10,2025-02-22 06:00:00,Shift 1,OP04,960,799,759,40,34.95
PRD_004943,M10,2025-02-22 14:00:00,Shift 2,OP05,960,814,776,38,35.09
PRD_004944,M10,2025-02-22 22:00:00,Shift 3,OP06,960,796,754,42,35.23
PRD_004945,M10,2025-02-23 06:00:00,Shift 1,OP04,960,778,732,46,35.37
PRD_004946,M10,2025-02-23 14:00:00,Shift 2,OP05,960,781,732,49,35.5
PRD_004947,M10,2025-02-23 22:00:00,Shift 3,OP06,960,804,751,53,35.65
PRD_004948,M10,2025-02-24 06:00:00,Shift 1,OP04,960,803,759,44,35.79
PRD_004949,M10,2025-02-24 14:00:00,Shift 2,OP05,960,780,738,42,35.93
PRD_004950,M10,2025-02-24 22:00:00,Shift 3,OP06,960,784,740,44,36.07
PRD_004951,M10,2025-02-25 06:00:00,Shift 1,OP04,960,789,733,56,36.2
PRD_004952,M10,2025-02-25 14:00:00,Shift 2,OP05,960,786,727,59,36.37
PRD_004953,M10,2025-02-25 22:00:00,Shift 3,OP06,960,752,698,54,36.51
PRD_004954,M10,2025-02-26 06:00:00,Shift 1,OP04,960,769,709,60,36.67
PRD_004955,M10,2025-02-26 14:00:00,Shift 2,OP05,960,755,699,56,36.83
PRD_004956,M10,2025-02-26 22:00:00,Shift 3,OP06,960,768,716,52,36.97
PRD_004957,M10,2025-02-27 06:00:00,Shift 1,OP04,960,774,710,64,37.12
PRD_004958,M10,2025-02-27 14:00:00,Shift 2,OP05,960,743,682,61,37.27
PRD_004959,M10,2025-02-27 22:00:00,Shift 3,OP06,960,750,695,55,37.42
PRD_004960,M10,2025-02-28 06:00:00,Shift 1,OP04,960,747,681,66,37.57
PRD_004961,M10,2025-02-28 14:00:00,Shift 2,OP05,960,741,684,57,37.72
PRD_004962,M10,2025-02-28 22:00:00,Shift 3,OP06,960,754,694,60,37.88
PRD_004963,M10,2025-03-01 06:00:00,Shift 1,OP04,960,739,678,61,38.03
PRD_004964,M10,2025-03-01 14:00:00,Shift 2,OP05,960,748,674,74,38.21
PRD_004965,M10,2025-03-01 22:00:00,Shift 3,OP06,960,721,648,73,38.38
PRD_004966,M10,2025-03-02 06:00:00,Shift 1,OP04,960,738,669,69,38.55
PRD_004967,M10,2025-03-02 14:00:00,Shift 2,OP05,960,718,642,76,38.71
PRD_004968,M10,2025-03-02 22:00:00,Shift 3,OP06,960,726,657,69,38.88
PRD_004969,M10,2025-03-03 06:00:00,Shift 1,OP04,960,721,644,77,39.06
PRD_004970,M10,2025-03-03 22:00:00,Shift 3,OP06,960,914,894,20,30.28
PRD_004971,M10,2025-03-04 06:00:00,Shift 1,OP04,960,918,894,24,30.39
PRD_004972,M10,2025-03-04 14:00:00,Shift 2,OP05,960,932,921,11,30.48
PRD_004973,M10,2025-03-04 22:00:00,Shift 3,OP06,960,911,897,14,30.58
PRD_004974,M10,2025-03-05 06:00:00,Shift 1,OP04,960,926,900,26,30.7
PRD_004975,M10,2025-03-05 14:00:00,Shift 2,OP05,960,890,871,19,30.81
PRD_004976,M10,2025-03-05 22:00:00,Shift 3,OP06,960,909,898,11,30.91
PRD_004977,M10,2025-03-06 06:00:00,Shift 1,OP04,960,882,855,27,31.01
PRD_004978,M10,2025-03-06 14:00:00,Shift 2,OP05,960,879,868,11,31.12
PRD_004979,M10,2025-03-06 22:00:00,Shift 3,OP06,960,887,865,22,31.22
PRD_004980,M10,2025-03-07 06:00:00,Shift 1,OP04,960,913,899,14,31.34
PRD_004981,M10,2025-03-07 14:00:00,Shift 2,OP05,960,911,899,12,31.45
PRD_004982,M10,2025-03-07 22:00:00,Shift 3,OP06,960,908,880,28,31.56
PRD_004983,M10,2025-03-08 06:00:00,Shift 1,OP04,960,904,884,20,31.67
PRD_004984,M10,2025-03-08 14:00:00,Shift 2,OP05,960,862,845,17,31.78
PRD_004985,M10,2025-03-08 22:00:00,Shift 3,OP06,960,893,870,23,31.89
PRD_004986,M10,2025-03-09 06:00:00,Shift 1,OP04,960,882,864,18,32.0
PRD_004987,M10,2025-03-09 14:00:00,Shift 2,OP05,960,890,864,26,32.11
PRD_004988,M10,2025-03-09 22:00:00,Shift 3,OP06,960,872,849,23,32.23
PRD_004989,M10,2025-03-10 06:00:00,Shift 1,OP04,960,846,818,28,32.34
PRD_004990,M10,2025-03-10 14:00:00,Shift 2,OP05,960,875,853,22,32.45
PRD_004991,M10,2025-03-10 22:00:00,Shift 3,OP06,960,869,849,20,32.58
PRD_004992,M10,2025-03-11 06:00:00,Shift 1,OP04,960,844,820,24,32.7
PRD_004993,M10,2025-03-11 14:00:00,Shift 2,OP05,960,861,826,35,32.82
PRD_004994,M10,2025-03-11 22:00:00,Shift 3,OP06,960,852,824,28,32.94
PRD_004995,M10,2025-03-12 06:00:00,Shift 1,OP04,960,842,812,30,33.06
PRD_004996,M10,2025-03-12 14:00:00,Shift 2,OP05,960,839,810,29,33.19
PRD_004997,M10,2025-03-12 22:00:00,Shift 3,OP06,960,850,816,34,33.32
PRD_004998,M10,2025-03-13 06:00:00,Shift 1,OP04,960,828,791,37,33.44
PRD_004999,M10,2025-03-13 14:00:00,Shift 2,OP05,960,854,827,27,33.57
PRD_005000,M10,2025-03-13 22:00:00,Shift 3,OP06,960,844,818,26,33.69
PRD_005001,M10,2025-03-14 06:00:00,Shift 1,OP04,960,840,803,37,33.82
PRD_005002,M10,2025-03-14 14:00:00,Shift 2,OP05,960,827,791,36,33.94
PRD_005003,M10,2025-03-14 22:00:00,Shift 3,OP06,960,806,779,27,34.06
PRD_005004,M10,2025-03-15 06:00:00,Shift 1,OP04,960,814,775,39,34.19
PRD_005005,M10,2025-03-15 14:00:00,Shift 2,OP05,960,802,759,43,34.32
PRD_005006,M10,2025-03-15 22:00:00,Shift 3,OP06,960,823,788,35,34.45
PRD_005007,M10,2025-03-16 06:00:00,Shift 1,OP04,960,803,760,43,34.57
PRD_005008,M10,2025-03-16 14:00:00,Shift 2,OP05,960,789,746,43,34.71
PRD_005009,M10,2025-03-16 22:00:00,Shift 3,OP06,960,805,765,40,34.85
PRD_005010,M10,2025-03-17 06:00:00,Shift 1,OP04,960,790,744,46,34.99
PRD_005011,M10,2025-03-17 14:00:00,Shift 2,OP05,960,783,749,34,35.13
PRD_005012,M10,2025-03-17 22:00:00,Shift 3,OP06,960,812,772,40,35.26
PRD_005013,M10,2025-03-18 06:00:00,Shift 1,OP04,960,797,760,37,35.4
PRD_005014,M10,2025-03-18 14:00:00,Shift 2,OP05,960,779,737,42,35.54
PRD_005015,M10,2025-03-18 22:00:00,Shift 3,OP06,960,780,739,41,35.68
PRD_005016,M10,2025-03-19 06:00:00,Shift 1,OP04,960,792,750,42,35.82
PRD_005017,M10,2025-03-19 14:00:00,Shift 2,OP05,960,761,713,48,35.96
PRD_005018,M10,2025-03-19 22:00:00,Shift 3,OP06,960,791,741,50,36.11
PRD_005019,M10,2025-03-20 06:00:00,Shift 1,OP04,960,763,719,44,36.26
PRD_005020,M10,2025-03-20 14:00:00,Shift 2,OP05,960,784,734,50,36.4
PRD_005021,M10,2025-03-20 22:00:00,Shift 3,OP06,960,757,709,48,36.53
PRD_005022,M10,2025-03-21 06:00:00,Shift 1,OP04,960,749,700,49,36.69
PRD_005023,M10,2025-03-21 14:00:00,Shift 2,OP05,960,748,687,61,36.83
PRD_005024,M10,2025-03-21 22:00:00,Shift 3,OP06,960,753,705,48,36.97
PRD_005025,M10,2025-03-22 06:00:00,Shift 1,OP04,960,747,686,61,37.13
PRD_005026,M10,2025-03-22 14:00:00,Shift 2,OP05,960,763,708,55,37.29
PRD_005027,M10,2025-03-22 22:00:00,Shift 3,OP06,960,752,695,57,37.46
PRD_005028,M10,2025-03-23 06:00:00,Shift 1,OP04,960,761,703,58,37.62
PRD_005029,M10,2025-03-23 14:00:00,Shift 2,OP05,960,731,663,68,37.77
PRD_005030,M10,2025-03-23 22:00:00,Shift 3,OP06,960,754,682,72,37.93
PRD_005031,M10,2025-03-24 06:00:00,Shift 1,OP04,960,739,676,63,38.09
PRD_005032,M10,2025-03-25 06:00:00,Shift 1,OP04,960,912,885,27,30.69
PRD_005033,M10,2025-03-25 14:00:00,Shift 2,OP05,960,919,898,21,30.8
PRD_005034,M10,2025-03-25 22:00:00,Shift 3,OP06,960,926,907,19,30.9
PRD_005035,M10,2025-03-26 06:00:00,Shift 1,OP04,960,918,902,16,31.0
PRD_005036,M10,2025-03-26 14:00:00,Shift 2,OP05,960,900,875,25,31.1
PRD_005037,M10,2025-03-26 22:00:00,Shift 3,OP06,960,889,869,20,31.2
PRD_005038,M10,2025-03-27 06:00:00,Shift 1,OP04,960,891,877,14,31.3
PRD_005039,M10,2025-03-27 14:00:00,Shift 2,OP05,960,891,866,25,31.41
PRD_005040,M10,2025-03-27 22:00:00,Shift 3,OP06,960,873,860,13,31.52
PRD_005041,M10,2025-03-28 06:00:00,Shift 1,OP04,960,868,844,24,31.63
PRD_005042,M10,2025-03-28 14:00:00,Shift 2,OP05,960,887,866,21,31.75
PRD_005043,M10,2025-03-28 22:00:00,Shift 3,OP06,960,895,871,24,31.87
PRD_005044,M10,2025-03-29 06:00:00,Shift 1,OP04,960,857,837,20,31.98
PRD_005045,M10,2025-03-29 14:00:00,Shift 2,OP05,960,879,862,17,32.1
PRD_005046,M10,2025-03-29 22:00:00,Shift 3,OP06,960,871,845,26,32.21
PRD_005047,M10,2025-03-30 06:00:00,Shift 1,OP04,960,885,861,24,32.34
PRD_005048,M10,2025-03-30 14:00:00,Shift 2,OP05,960,863,837,26,32.46
PRD_005049,M10,2025-03-30 22:00:00,Shift 3,OP06,960,878,845,33,32.58
PRD_005050,M10,2025-03-31 06:00:00,Shift 1,OP04,960,875,844,31,32.68
PRD_005051,M10,2025-03-31 14:00:00,Shift 2,OP05,960,854,820,34,32.8
PRD_005052,M10,2025-03-31 22:00:00,Shift 3,OP06,960,859,829,30,32.91
PRD_005053,M10,2025-04-01 06:00:00,Shift 1,OP04,960,848,816,32,33.05
PRD_005054,M10,2025-04-01 14:00:00,Shift 2,OP05,960,856,830,26,33.16
PRD_005055,M10,2025-04-01 22:00:00,Shift 3,OP06,960,861,839,22,33.28
PRD_005056,M10,2025-04-02 06:00:00,Shift 1,OP04,960,839,815,24,33.4
PRD_005057,M10,2025-04-02 14:00:00,Shift 2,OP05,960,856,826,30,33.52
PRD_005058,M10,2025-04-02 22:00:00,Shift 3,OP06,960,836,805,31,33.64
PRD_005059,M10,2025-04-03 06:00:00,Shift 1,OP04,960,851,810,41,33.77
PRD_005060,M10,2025-04-03 14:00:00,Shift 2,OP05,960,817,778,39,33.9
PRD_005061,M10,2025-04-03 22:00:00,Shift 3,OP06,960,807,770,37,34.03
PRD_005062,M10,2025-04-04 06:00:00,Shift 1,OP04,960,808,780,28,34.15
PRD_005063,M10,2025-04-04 14:00:00,Shift 2,OP05,960,816,780,36,34.28
PRD_005064,M10,2025-04-04 22:00:00,Shift 3,OP06,960,817,786,31,34.41
PRD_005065,M10,2025-04-05 06:00:00,Shift 1,OP04,960,802,770,32,34.55
PRD_005066,M10,2025-04-05 14:00:00,Shift 2,OP05,960,793,755,38,34.68
PRD_005067,M10,2025-04-05 22:00:00,Shift 3,OP06,960,799,765,34,34.81
PRD_005068,M10,2025-04-06 06:00:00,Shift 1,OP04,960,809,766,43,34.95
PRD_005069,M10,2025-04-06 14:00:00,Shift 2,OP05,960,805,759,46,35.08
PRD_005070,M10,2025-04-06 22:00:00,Shift 3,OP06,960,796,751,45,35.23
PRD_005071,M10,2025-04-07 06:00:00,Shift 1,OP04,960,797,761,36,35.37
PRD_005072,M10,2025-04-07 14:00:00,Shift 2,OP05,960,809,763,46,35.53
PRD_005073,M10,2025-04-07 22:00:00,Shift 3,OP06,960,802,748,54,35.67
PRD_005074,M10,2025-04-08 06:00:00,Shift 1,OP04,960,795,753,42,35.82
PRD_005075,M10,2025-04-08 14:00:00,Shift 2,OP05,960,796,749,47,35.96
PRD_005076,M10,2025-04-08 22:00:00,Shift 3,OP06,960,763,722,41,36.11
PRD_005077,M10,2025-04-09 06:00:00,Shift 1,OP04,960,771,728,43,36.26
PRD_005078,M10,2025-04-09 14:00:00,Shift 2,OP05,960,769,716,53,36.42
PRD_005079,M10,2025-04-09 22:00:00,Shift 3,OP06,960,774,726,48,36.56
PRD_005080,M10,2025-04-10 06:00:00,Shift 1,OP04,960,758,701,57,36.73
PRD_005081,M10,2025-04-10 14:00:00,Shift 2,OP05,960,757,701,56,36.87
PRD_005082,M10,2025-04-10 22:00:00,Shift 3,OP06,960,764,710,54,37.02
PRD_005083,M10,2025-04-11 06:00:00,Shift 1,OP04,960,742,686,56,37.18
PRD_005084,M10,2025-04-11 14:00:00,Shift 2,OP05,960,766,711,55,37.33
PRD_005085,M10,2025-04-11 22:00:00,Shift 3,OP06,960,759,695,64,37.48
PRD_005086,M10,2025-04-12 06:00:00,Shift 1,OP04,960,758,696,62,37.64
PRD_005087,M10,2025-04-12 14:00:00,Shift 2,OP05,960,734,672,62,37.8
PRD_005088,M10,2025-04-12 22:00:00,Shift 3,OP06,960,738,674,64,37.95
PRD_005089,M10,2025-04-13 22:00:00,Shift 3,OP06,960,913,887,26,30.32
PRD_005090,M10,2025-04-14 06:00:00,Shift 1,OP04,960,924,902,22,30.42
PRD_005091,M10,2025-04-14 14:00:00,Shift 2,OP05,960,902,875,27,30.52
PRD_005092,M10,2025-04-14 22:00:00,Shift 3,OP06,960,906,886,20,30.62
PRD_005093,M10,2025-04-15 06:00:00,Shift 1,OP04,960,893,876,17,30.72
PRD_005094,M10,2025-04-15 14:00:00,Shift 2,OP05,960,909,888,21,30.81
PRD_005095,M10,2025-04-15 22:00:00,Shift 3,OP06,960,931,906,25,30.92
PRD_005096,M10,2025-04-16 06:00:00,Shift 1,OP04,960,922,896,26,31.01
PRD_005097,M10,2025-04-16 14:00:00,Shift 2,OP05,960,911,889,22,31.11
PRD_005098,M10,2025-04-16 22:00:00,Shift 3,OP06,960,887,864,23,31.22
PRD_005099,M10,2025-04-17 06:00:00,Shift 1,OP04,960,882,858,24,31.33
PRD_005100,M10,2025-04-17 14:00:00,Shift 2,OP05,960,873,849,24,31.44
PRD_005101,M10,2025-04-17 22:00:00,Shift 3,OP06,960,868,855,13,31.55
PRD_005102,M10,2025-04-18 06:00:00,Shift 1,OP04,960,878,854,24,31.67
PRD_005103,M10,2025-04-18 14:00:00,Shift 2,OP05,960,893,871,22,31.79
PRD_005104,M10,2025-04-18 22:00:00,Shift 3,OP06,960,858,830,28,31.91
PRD_005105,M10,2025-04-19 06:00:00,Shift 1,OP04,960,871,844,27,32.04
PRD_005106,M10,2025-04-19 14:00:00,Shift 2,OP05,960,886,854,32,32.16
PRD_005107,M10,2025-04-19 22:00:00,Shift 3,OP06,960,878,861,17,32.28
PRD_005108,M10,2025-04-20 06:00:00,Shift 1,OP04,960,852,834,18,32.4
PRD_005109,M10,2025-04-20 14:00:00,Shift 2,OP05,960,852,821,31,32.52
PRD_005110,M10,2025-04-20 22:00:00,Shift 3,OP06,960,842,818,24,32.64
PRD_005111,M10,2025-04-21 06:00:00,Shift 1,OP04,960,861,835,26,32.75
PRD_005112,M10,2025-04-21 14:00:00,Shift 2,OP05,960,853,819,34,32.87
PRD_005113,M10,2025-04-21 22:00:00,Shift 3,OP06,960,853,821,32,32.98
PRD_005114,M10,2025-04-22 06:00:00,Shift 1,OP04,960,868,844,24,33.1
PRD_005115,M10,2025-04-22 14:00:00,Shift 2,OP05,960,836,810,26,33.22
PRD_005116,M10,2025-04-22 22:00:00,Shift 3,OP06,960,853,825,28,33.36
PRD_005117,M10,2025-04-23 06:00:00,Shift 1,OP04,960,825,800,25,33.48
PRD_005118,M10,2025-04-23 14:00:00,Shift 2,OP05,960,825,794,31,33.61
PRD_005119,M10,2025-04-23 22:00:00,Shift 3,OP06,960,832,803,29,33.76
PRD_005120,M10,2025-04-24 06:00:00,Shift 1,OP04,960,812,774,38,33.88
PRD_005121,M10,2025-04-24 14:00:00,Shift 2,OP05,960,824,798,26,34.01
PRD_005122,M10,2025-04-24 22:00:00,Shift 3,OP06,960,839,804,35,34.14
PRD_005123,M10,2025-04-25 06:00:00,Shift 1,OP04,960,835,795,40,34.26
PRD_005124,M10,2025-04-25 14:00:00,Shift 2,OP05,960,832,794,38,34.38
PRD_005125,M10,2025-04-25 22:00:00,Shift 3,OP06,960,806,777,29,34.52
PRD_005126,M10,2025-04-26 06:00:00,Shift 1,OP04,960,809,768,41,34.64
PRD_005127,M10,2025-04-26 14:00:00,Shift 2,OP05,960,816,775,41,34.78
PRD_005128,M10,2025-04-26 22:00:00,Shift 3,OP06,960,812,773,39,34.89
PRD_005129,M10,2025-04-27 06:00:00,Shift 1,OP04,960,802,754,48,35.02
PRD_005130,M10,2025-04-27 14:00:00,Shift 2,OP05,960,789,741,48,35.15
PRD_005131,M10,2025-04-27 22:00:00,Shift 3,OP06,960,775,727,48,35.3
PRD_005132,M10,2025-04-28 06:00:00,Shift 1,OP04,960,809,760,49,35.44
PRD_005133,M10,2025-04-28 14:00:00,Shift 2,OP05,960,771,730,41,35.59
PRD_005134,M10,2025-04-28 22:00:00,Shift 3,OP06,960,768,718,50,35.71
PRD_005135,M10,2025-04-29 06:00:00,Shift 1,OP04,960,790,738,52,35.86
PRD_005136,M10,2025-04-29 14:00:00,Shift 2,OP05,960,763,720,43,36.0
PRD_005137,M10,2025-04-29 22:00:00,Shift 3,OP06,960,783,729,54,36.15
PRD_005138,M10,2025-04-30 06:00:00,Shift 1,OP04,960,773,722,51,36.3
PRD_005139,M10,2025-04-30 14:00:00,Shift 2,OP05,960,773,720,53,36.45
PRD_005140,M10,2025-04-30 22:00:00,Shift 3,OP06,960,761,707,54,36.6
PRD_005141,M10,2025-05-01 06:00:00,Shift 1,OP04,960,773,725,48,36.74
PRD_005142,M10,2025-05-01 14:00:00,Shift 2,OP05,960,762,704,58,36.89
PRD_005143,M10,2025-05-01 22:00:00,Shift 3,OP06,960,756,693,63,37.04
PRD_005144,M10,2025-05-02 06:00:00,Shift 1,OP04,960,740,691,49,37.17
PRD_005145,M10,2025-05-02 14:00:00,Shift 2,OP05,960,746,682,64,37.34
PRD_005146,M10,2025-05-02 22:00:00,Shift 3,OP06,960,763,708,55,37.5
PRD_005147,M10,2025-05-03 06:00:00,Shift 1,OP04,960,737,681,56,37.67
PRD_005148,M10,2025-05-03 14:00:00,Shift 2,OP05,960,730,666,64,37.84
PRD_005149,M10,2025-05-03 22:00:00,Shift 3,OP06,960,726,669,57,37.99
PRD_005150,M10,2025-05-04 22:00:00,Shift 3,OP06,960,931,907,24,30.43
PRD_005151,M10,2025-05-05 06:00:00,Shift 1,OP04,960,941,930,11,30.52
PRD_005152,M10,2025-05-05 14:00:00,Shift 2,OP05,960,936,909,27,30.61
PRD_005153,M10,2025-05-05 22:00:00,Shift 3,OP06,960,930,907,23,30.73
PRD_005154,M10,2025-05-06 06:00:00,Shift 1,OP04,960,913,894,19,30.84
PRD_005155,M10,2025-05-06 14:00:00,Shift 2,OP05,960,919,896,23,30.94
PRD_005156,M10,2025-05-06 22:00:00,Shift 3,OP06,960,905,884,21,31.05
PRD_005157,M10,2025-05-07 06:00:00,Shift 1,OP04,960,900,881,19,31.16
PRD_005158,M10,2025-05-07 14:00:00,Shift 2,OP05,960,897,870,27,31.26
PRD_005159,M10,2025-05-07 22:00:00,Shift 3,OP06,960,908,889,19,31.36
PRD_005160,M10,2025-05-08 06:00:00,Shift 1,OP04,960,880,867,13,31.46
PRD_005161,M10,2025-05-08 14:00:00,Shift 2,OP05,960,890,865,25,31.57
PRD_005162,M10,2025-05-08 22:00:00,Shift 3,OP06,960,896,875,21,31.69
PRD_005163,M10,2025-05-09 06:00:00,Shift 1,OP04,960,863,850,13,31.8
PRD_005164,M10,2025-05-09 14:00:00,Shift 2,OP05,960,879,862,17,31.92
PRD_005165,M10,2025-05-09 22:00:00,Shift 3,OP06,960,880,858,22,32.03
PRD_005166,M10,2025-05-10 06:00:00,Shift 1,OP04,960,851,824,27,32.14
PRD_005167,M10,2025-05-10 14:00:00,Shift 2,OP05,960,875,852,23,32.26
PRD_005168,M10,2025-05-10 22:00:00,Shift 3,OP06,960,861,845,16,32.37
PRD_005169,M10,2025-05-11 06:00:00,Shift 1,OP04,960,875,843,32,32.48
PRD_005170,M10,2025-05-11 14:00:00,Shift 2,OP05,960,880,860,20,32.6
PRD_005171,M10,2025-05-11 22:00:00,Shift 3,OP06,960,871,837,34,32.72
PRD_005172,M10,2025-05-12 06:00:00,Shift 1,OP04,960,848,821,27,32.84
PRD_005173,M10,2025-05-12 14:00:00,Shift 2,OP05,960,868,842,26,32.96
PRD_005174,M10,2025-05-12 22:00:00,Shift 3,OP06,960,840,812,28,33.09
PRD_005175,M10,2025-05-13 06:00:00,Shift 1,OP04,960,845,822,23,33.21
PRD_005176,M10,2025-05-13 14:00:00,Shift 2,OP05,960,843,810,33,33.32
PRD_005177,M10,2025-05-13 22:00:00,Shift 3,OP06,960,848,820,28,33.43
PRD_005178,M10,2025-05-14 06:00:00,Shift 1,OP04,960,850,823,27,33.56
PRD_005179,M10,2025-05-14 14:00:00,Shift 2,OP05,960,820,797,23,33.69
PRD_005180,M10,2025-05-14 22:00:00,Shift 3,OP06,960,825,793,32,33.82
PRD_005181,M10,2025-05-15 06:00:00,Shift 1,OP04,960,827,798,29,33.95
PRD_005182,M10,2025-05-15 14:00:00,Shift 2,OP05,960,825,792,33,34.08
PRD_005183,M10,2025-05-15 22:00:00,Shift 3,OP06,960,838,800,38,34.21
PRD_005184,M10,2025-05-16 06:00:00,Shift 1,OP04,960,824,788,36,34.34
PRD_005185,M10,2025-05-16 14:00:00,Shift 2,OP05,960,807,775,32,34.48
PRD_005186,M10,2025-05-16 22:00:00,Shift 3,OP06,960,806,766,40,34.61
PRD_005187,M10,2025-05-17 06:00:00,Shift 1,OP04,960,804,762,42,34.74
PRD_005188,M10,2025-05-17 14:00:00,Shift 2,OP05,960,799,762,37,34.87
PRD_005189,M10,2025-05-17 22:00:00,Shift 3,OP06,960,809,776,33,35.01
PRD_005190,M10,2025-05-18 06:00:00,Shift 1,OP04,960,808,769,39,35.15
PRD_005191,M10,2025-05-18 14:00:00,Shift 2,OP05,960,776,727,49,35.27
PRD_005192,M10,2025-05-18 22:00:00,Shift 3,OP06,960,786,736,50,35.4
PRD_005193,M10,2025-05-19 06:00:00,Shift 1,OP04,960,800,755,45,35.54
PRD_005194,M10,2025-05-19 14:00:00,Shift 2,OP05,960,768,720,48,35.68
PRD_005195,M10,2025-05-19 22:00:00,Shift 3,OP06,960,780,729,51,35.82
PRD_005196,M10,2025-05-20 06:00:00,Shift 1,OP04,960,790,736,54,35.97
PRD_005197,M10,2025-05-20 14:00:00,Shift 2,OP05,960,768,723,45,36.12
PRD_005198,M10,2025-05-20 22:00:00,Shift 3,OP06,960,773,723,50,36.26
PRD_005199,M10,2025-05-21 06:00:00,Shift 1,OP04,960,772,717,55,36.41
PRD_005200,M10,2025-05-21 14:00:00,Shift 2,OP05,960,759,700,59,36.56
PRD_005201,M10,2025-05-21 22:00:00,Shift 3,OP06,960,756,697,59,36.71
PRD_005202,M10,2025-05-22 06:00:00,Shift 1,OP04,960,772,718,54,36.86
PRD_005203,M10,2025-05-22 14:00:00,Shift 2,OP05,960,762,705,57,37.03
PRD_005204,M10,2025-05-22 22:00:00,Shift 3,OP06,960,744,689,55,37.21
PRD_005205,M10,2025-05-23 06:00:00,Shift 1,OP04,960,767,708,59,37.36
PRD_005206,M10,2025-05-23 14:00:00,Shift 2,OP05,960,744,682,62,37.51
PRD_005207,M10,2025-05-23 22:00:00,Shift 3,OP06,960,736,670,66,37.66
PRD_005208,M10,2025-05-24 06:00:00,Shift 1,OP04,960,735,676,59,37.79
PRD_005209,M10,2025-05-24 14:00:00,Shift 2,OP05,960,734,676,58,37.94
PRD_005210,M10,2025-05-24 22:00:00,Shift 3,OP06,960,741,675,66,38.09
PRD_005211,M10,2025-05-25 14:00:00,Shift 2,OP05,960,915,900,15,30.56
PRD_005212,M10,2025-05-25 22:00:00,Shift 3,OP06,960,919,901,18,30.66
PRD_005213,M10,2025-05-26 06:00:00,Shift 1,OP04,960,916,898,18,30.77
PRD_005214,M10,2025-05-26 14:00:00,Shift 2,OP05,960,916,893,23,30.88
PRD_005215,M10,2025-05-26 22:00:00,Shift 3,OP06,960,906,888,18,30.99
PRD_005216,M10,2025-05-27 06:00:00,Shift 1,OP04,960,892,880,12,31.11
PRD_005217,M10,2025-05-27 14:00:00,Shift 2,OP05,960,917,906,11,31.21
PRD_005218,M10,2025-05-27 22:00:00,Shift 3,OP06,960,901,885,16,31.31
PRD_005219,M10,2025-05-28 06:00:00,Shift 1,OP04,960,872,848,24,31.43
PRD_005220,M10,2025-05-28 14:00:00,Shift 2,OP05,960,883,861,22,31.53
PRD_005221,M10,2025-05-28 22:00:00,Shift 3,OP06,960,865,839,26,31.63
PRD_005222,M10,2025-05-29 06:00:00,Shift 1,OP04,960,885,862,23,31.75
PRD_005223,M10,2025-05-29 14:00:00,Shift 2,OP05,960,902,876,26,31.87
PRD_005224,M10,2025-05-29 22:00:00,Shift 3,OP06,960,858,831,27,31.99
PRD_005225,M10,2025-05-30 06:00:00,Shift 1,OP04,960,858,835,23,32.09
PRD_005226,M10,2025-05-30 14:00:00,Shift 2,OP05,960,856,833,23,32.21
PRD_005227,M10,2025-05-30 22:00:00,Shift 3,OP06,960,850,826,24,32.33
PRD_005228,M10,2025-05-31 06:00:00,Shift 1,OP04,960,869,840,29,32.45
PRD_005229,M10,2025-05-31 14:00:00,Shift 2,OP05,960,878,854,24,32.57
PRD_005230,M10,2025-05-31 22:00:00,Shift 3,OP06,960,838,812,26,32.69
PRD_005231,M10,2025-06-01 06:00:00,Shift 1,OP04,960,874,847,27,32.81
PRD_005232,M10,2025-06-01 14:00:00,Shift 2,OP05,960,855,823,32,32.92
PRD_005233,M10,2025-06-01 22:00:00,Shift 3,OP06,960,833,814,19,33.04
PRD_005234,M10,2025-06-02 06:00:00,Shift 1,OP04,960,845,808,37,33.17
PRD_005235,M10,2025-06-02 14:00:00,Shift 2,OP05,960,858,835,23,33.29
PRD_005236,M10,2025-06-02 22:00:00,Shift 3,OP06,960,851,829,22,33.42
PRD_005237,M10,2025-06-03 06:00:00,Shift 1,OP04,960,824,788,36,33.54
PRD_005238,M10,2025-06-03 14:00:00,Shift 2,OP05,960,814,777,37,33.67
PRD_005239,M10,2025-06-03 22:00:00,Shift 3,OP06,960,822,783,39,33.8
PRD_005240,M10,2025-06-04 06:00:00,Shift 1,OP04,960,808,780,28,33.93
PRD_005241,M10,2025-06-04 14:00:00,Shift 2,OP05,960,838,796,42,34.06
PRD_005242,M10,2025-06-04 22:00:00,Shift 3,OP06,960,800,771,29,34.2
PRD_005243,M10,2025-06-05 06:00:00,Shift 1,OP04,960,815,782,33,34.32
PRD_005244,M10,2025-06-05 14:00:00,Shift 2,OP05,960,818,787,31,34.45
PRD_005245,M10,2025-06-05 22:00:00,Shift 3,OP06,960,821,787,34,34.58
PRD_005246,M10,2025-06-06 06:00:00,Shift 1,OP04,960,824,779,45,34.7
PRD_005247,M10,2025-06-06 14:00:00,Shift 2,OP05,960,815,770,45,34.84
PRD_005248,M10,2025-06-06 22:00:00,Shift 3,OP06,960,821,781,40,34.97
PRD_005249,M10,2025-06-07 06:00:00,Shift 1,OP04,960,819,779,40,35.12
PRD_005250,M10,2025-06-07 14:00:00,Shift 2,OP05,960,789,753,36,35.27
PRD_005251,M10,2025-06-07 22:00:00,Shift 3,OP06,960,795,752,43,35.41
PRD_005252,M10,2025-06-08 06:00:00,Shift 1,OP04,960,769,721,48,35.54
PRD_005253,M10,2025-06-08 14:00:00,Shift 2,OP05,960,768,724,44,35.67
PRD_005254,M10,2025-06-08 22:00:00,Shift 3,OP06,960,795,755,40,35.82
PRD_005255,M10,2025-06-09 06:00:00,Shift 1,OP04,960,766,718,48,35.96
PRD_005256,M10,2025-06-09 14:00:00,Shift 2,OP05,960,771,726,45,36.11
PRD_005257,M10,2025-06-09 22:00:00,Shift 3,OP06,960,764,719,45,36.24
PRD_005258,M10,2025-06-10 06:00:00,Shift 1,OP04,960,759,711,48,36.4
PRD_005259,M10,2025-06-10 14:00:00,Shift 2,OP05,960,781,734,47,36.54
PRD_005260,M10,2025-06-10 22:00:00,Shift 3,OP06,960,783,725,58,36.69
PRD_005261,M10,2025-06-11 06:00:00,Shift 1,OP04,960,746,698,48,36.84
PRD_005262,M10,2025-06-11 14:00:00,Shift 2,OP05,960,776,713,63,36.98
PRD_005263,M10,2025-06-11 22:00:00,Shift 3,OP06,960,740,691,49,37.15
PRD_005264,M10,2025-06-12 06:00:00,Shift 1,OP04,960,772,711,61,37.29
PRD_005265,M10,2025-06-12 14:00:00,Shift 2,OP05,960,739,687,52,37.45
PRD_005266,M10,2025-06-12 22:00:00,Shift 3,OP06,960,733,672,61,37.6
PRD_005267,M10,2025-06-13 06:00:00,Shift 1,OP04,960,724,657,67,37.75
PRD_005268,M10,2025-06-13 14:00:00,Shift 2,OP05,960,731,669,62,37.91
PRD_005269,M10,2025-06-13 22:00:00,Shift 3,OP06,960,734,669,65,38.08
PRD_005270,M10,2025-06-14 06:00:00,Shift 1,OP04,960,717,654,63,38.23
PRD_005271,M10,2025-06-14 14:00:00,Shift 2,OP05,960,725,663,62,38.38
PRD_005272,M10,2025-06-15 14:00:00,Shift 2,OP05,960,922,895,27,30.43
PRD_005273,M10,2025-06-15 22:00:00,Shift 3,OP06,960,934,912,22,30.52
PRD_005274,M10,2025-06-16 06:00:00,Shift 1,OP04,960,934,913,21,30.63
PRD_005275,M10,2025-06-16 14:00:00,Shift 2,OP05,960,921,893,28,30.74
PRD_005276,M10,2025-06-16 22:00:00,Shift 3,OP06,960,905,884,21,30.84
PRD_005277,M10,2025-06-17 06:00:00,Shift 1,OP04,960,888,864,24,30.94
PRD_005278,M10,2025-06-17 14:00:00,Shift 2,OP05,960,921,906,15,31.06
PRD_005279,M10,2025-06-17 22:00:00,Shift 3,OP06,960,892,869,23,31.15
PRD_005280,M10,2025-06-18 06:00:00,Shift 1,OP04,960,904,877,27,31.26
PRD_005281,M10,2025-06-18 14:00:00,Shift 2,OP05,960,875,856,19,31.39
PRD_005282,M10,2025-06-18 22:00:00,Shift 3,OP06,960,868,846,22,31.5
PRD_005283,M10,2025-06-19 06:00:00,Shift 1,OP04,960,868,843,25,31.61
PRD_005284,M10,2025-06-19 14:00:00,Shift 2,OP05,960,880,852,28,31.71
PRD_005285,M10,2025-06-19 22:00:00,Shift 3,OP06,960,887,868,19,31.82
PRD_005286,M10,2025-06-20 06:00:00,Shift 1,OP04,960,866,852,14,31.93
PRD_005287,M10,2025-06-20 14:00:00,Shift 2,OP05,960,869,844,25,32.04
PRD_005288,M10,2025-06-20 22:00:00,Shift 3,OP06,960,870,852,18,32.15
PRD_005289,M10,2025-06-21 06:00:00,Shift 1,OP04,960,869,842,27,32.28
PRD_005290,M10,2025-06-21 14:00:00,Shift 2,OP05,960,865,844,21,32.4
PRD_005291,M10,2025-06-21 22:00:00,Shift 3,OP06,960,862,846,16,32.51
PRD_005292,M10,2025-06-22 06:00:00,Shift 1,OP04,960,846,827,19,32.61
PRD_005293,M10,2025-06-22 14:00:00,Shift 2,OP05,960,840,809,31,32.74
PRD_005294,M10,2025-06-22 22:00:00,Shift 3,OP06,960,862,838,24,32.86
PRD_005295,M10,2025-06-23 06:00:00,Shift 1,OP04,960,870,843,27,32.97
PRD_005296,M10,2025-06-23 14:00:00,Shift 2,OP05,960,861,826,35,33.09
PRD_005297,M10,2025-06-23 22:00:00,Shift 3,OP06,960,834,803,31,33.21
PRD_005298,M10,2025-06-24 06:00:00,Shift 1,OP04,960,852,816,36,33.34
PRD_005299,M10,2025-06-24 14:00:00,Shift 2,OP05,960,845,809,36,33.47
PRD_005300,M10,2025-06-24 22:00:00,Shift 3,OP06,960,818,784,34,33.59
PRD_005301,M10,2025-06-25 06:00:00,Shift 1,OP04,960,843,807,36,33.72
PRD_005302,M10,2025-06-25 14:00:00,Shift 2,OP05,960,829,790,39,33.86
PRD_005303,M10,2025-06-25 22:00:00,Shift 3,OP06,960,812,771,41,34.0
PRD_005304,M10,2025-06-26 06:00:00,Shift 1,OP04,960,815,785,30,34.14
PRD_005305,M10,2025-06-26 14:00:00,Shift 2,OP05,960,826,798,28,34.27
PRD_005306,M10,2025-06-26 22:00:00,Shift 3,OP06,960,800,765,35,34.4
PRD_005307,M10,2025-06-27 06:00:00,Shift 1,OP04,960,832,789,43,34.52
PRD_005308,M10,2025-06-27 14:00:00,Shift 2,OP05,960,825,791,34,34.65
PRD_005309,M10,2025-06-27 22:00:00,Shift 3,OP06,960,817,772,45,34.8
PRD_005310,M10,2025-06-28 06:00:00,Shift 1,OP04,960,805,766,39,34.93
PRD_005311,M10,2025-06-28 14:00:00,Shift 2,OP05,960,810,772,38,35.07
PRD_005312,M10,2025-06-28 22:00:00,Shift 3,OP06,960,788,751,37,35.21
PRD_005313,M10,2025-06-29 06:00:00,Shift 1,OP04,960,792,750,42,35.35
PRD_005314,M10,2025-06-29 14:00:00,Shift 2,OP05,960,775,728,47,35.48
PRD_005315,M10,2025-06-29 22:00:00,Shift 3,OP06,960,801,758,43,35.62
